{"type":"FeatureCollection","features":[{"type":"Feature","properties":{"name":"境采女小学校","address":"伊勢崎市境下渕名2020"},"geometry":{"type":"Polygon","coordinates":[[[139.26867,36.31643],[139.26869,36.31601],[139.2687,36.31587],[139.26727,36.31608],[139.26699,36.31612],[139.26695,36.31588],[139.26691,36.31568],[139.26687,36.31548],[139.26678,36.31504],[139.26687,36.31503],[139.26736,36.31496],[139.26799,36.31488],[139.26799,36.31479],[139.26799,36.31474],[139.26798,36.31412],[139.26799,36.31376],[139.26801,36.31345],[139.26803,36.31303],[139.26803,36.31287],[139.26812,36.31182],[139.26812,36.31175],[139.26815,36.31165],[139.26816,36.31159],[139.26817,36.31154],[139.26815,36.31147],[139.26812,36.31136],[139.26811,36.31129],[139.26806,36.31109],[139.26804,36.31102],[139.26796,36.31066],[139.2677,36.31023],[139.26761,36.31014],[139.26757,36.3101],[139.26756,36.31009],[139.26753,36.31006],[139.26747,36.30998],[139.26722,36.30996],[139.26681,36.31001],[139.26667,36.30999],[139.26667,36.30976],[139.26667,36.30932],[139.26669,36.30896],[139.26675,36.30883],[139.26685,36.30872],[139.26688,36.30868],[139.267,36.30812],[139.26702,36.30804],[139.26711,36.30758],[139.2672,36.30729],[139.26721,36.30722],[139.26737,36.3063],[139.26752,36.30538],[139.26752,36.30527],[139.26755,36.30446],[139.26756,36.30426],[139.26758,36.30404],[139.26758,36.30399],[139.26753,36.30322],[139.26753,36.30321],[139.26747,36.30282],[139.26745,36.30264],[139.26698,36.3027],[139.26653,36.30275],[139.26641,36.30276],[139.26625,36.30278],[139.26603,36.30283],[139.26557,36.30277],[139.26538,36.30272],[139.2652,36.30267],[139.26492,36.30275],[139.26477,36.3028],[139.26467,36.30283],[139.26397,36.30305],[139.26386,36.30308],[139.26357,36.30313],[139.26309,36.30318],[139.26287,36.30317],[139.2626,36.30315],[139.26226,36.30313],[139.2619,36.30308],[139.2618,36.30308],[139.26172,36.30308],[139.2615,36.30308],[139.26092,36.30308],[139.26057,36.30303],[139.26023,36.30295],[139.2602,36.30295],[139.26005,36.30292],[139.25996,36.3029],[139.25992,36.3029],[139.25947,36.30285],[139.25941,36.30285],[139.25923,36.30288],[139.25906,36.30292],[139.25853,36.30302],[139.25809,36.30304],[139.25772,36.30306],[139.25771,36.303],[139.2577,36.30296],[139.25765,36.30272],[139.25753,36.3022],[139.25742,36.30159],[139.25731,36.30059],[139.25778,36.30057],[139.25776,36.30055],[139.25726,36.30007],[139.25659,36.29939],[139.25655,36.29932],[139.25644,36.29906],[139.25635,36.29889],[139.25631,36.29878],[139.2563,36.29868],[139.25634,36.29839],[139.25638,36.29786],[139.25641,36.2974],[139.25641,36.29731],[139.25638,36.29695],[139.25638,36.29692],[139.25634,36.29674],[139.25611,36.29616],[139.25604,36.29594],[139.25604,36.29593],[139.25604,36.29592],[139.25601,36.29583],[139.256,36.29579],[139.25599,36.29575],[139.25599,36.29575],[139.25589,36.29543],[139.25581,36.29517],[139.25577,36.29504],[139.25675,36.29415],[139.25762,36.29339],[139.25888,36.29235],[139.2592,36.29209],[139.2595,36.29184],[139.25938,36.29174],[139.25911,36.29162],[139.25881,36.29146],[139.25853,36.29139],[139.25818,36.29129],[139.25039,36.29132],[139.25049,36.28902],[139.25049,36.28897],[139.24971,36.28926],[139.24919,36.28837],[139.25044,36.28791],[139.25034,36.28737],[139.25024,36.28693],[139.24988,36.28603],[139.24962,36.28557],[139.24933,36.2851],[139.24867,36.28427],[139.2487,36.28426],[139.24865,36.28423],[139.24827,36.28433],[139.24775,36.28447],[139.24701,36.28459],[139.24639,36.28468],[139.24584,36.2847],[139.24624,36.28437],[139.24468,36.28255],[139.24427,36.28206],[139.24121,36.28392],[139.23694,36.28654],[139.23639,36.28581],[139.23159,36.28911],[139.23084,36.28707],[139.23026,36.28729],[139.22962,36.28773],[139.22929,36.28798],[139.2289,36.28818],[139.22847,36.28842],[139.22785,36.28878],[139.22708,36.28922],[139.2266,36.28948],[139.22629,36.28982],[139.22593,36.2907],[139.22564,36.29103],[139.22538,36.29138],[139.22533,36.29183],[139.22531,36.2922],[139.22511,36.29234],[139.22474,36.29265],[139.2248,36.29286],[139.22489,36.29312],[139.22513,36.29351],[139.22547,36.29408],[139.22567,36.29443],[139.2259,36.29483],[139.22608,36.29515],[139.22613,36.29526],[139.22616,36.29536],[139.22619,36.29563],[139.22614,36.29583],[139.22601,36.29603],[139.22589,36.29612],[139.22564,36.29626],[139.22519,36.29645],[139.22492,36.29656],[139.22438,36.2968],[139.224,36.29717],[139.2235,36.29771],[139.22278,36.29856],[139.2225,36.29914],[139.22233,36.29972],[139.22226,36.29992],[139.22218,36.29993],[139.22186,36.29993],[139.22182,36.30004],[139.22183,36.30015],[139.22186,36.30035],[139.22188,36.30063],[139.22196,36.30103],[139.2221,36.30145],[139.22235,36.30188],[139.22272,36.30249],[139.22274,36.30252],[139.22207,36.30273],[139.21978,36.30345],[139.21994,36.30456],[139.21998,36.30484],[139.22018,36.30602],[139.22023,36.30633],[139.22035,36.30711],[139.22041,36.30737],[139.22047,36.3078],[139.22062,36.30878],[139.22077,36.30985],[139.22083,36.31041],[139.22085,36.31074],[139.22116,36.31243],[139.22256,36.31229],[139.2225,36.31263],[139.2224,36.31295],[139.22217,36.31336],[139.22197,36.3137],[139.22226,36.3138],[139.22259,36.31392],[139.22282,36.31401],[139.22293,36.31404],[139.22316,36.31409],[139.22322,36.31411],[139.22334,36.31413],[139.22347,36.31414],[139.22358,36.31415],[139.2238,36.31414],[139.22403,36.31412],[139.22408,36.31412],[139.22424,36.31414],[139.22439,36.31416],[139.2245,36.31417],[139.22463,36.31417],[139.22484,36.31416],[139.22518,36.31415],[139.22541,36.31414],[139.22571,36.31412],[139.2259,36.31411],[139.226,36.3141],[139.22614,36.31408],[139.22626,36.31408],[139.22654,36.31409],[139.2268,36.31411],[139.22709,36.31414],[139.22736,36.31416],[139.22744,36.31416],[139.22768,36.31415],[139.22787,36.31415],[139.22804,36.31416],[139.22823,36.31418],[139.22844,36.31419],[139.22854,36.31421],[139.22885,36.31425],[139.22998,36.31438],[139.2319,36.31457],[139.23368,36.31477],[139.23576,36.31499],[139.23695,36.31512],[139.23778,36.31519],[139.23795,36.31518],[139.23815,36.31515],[139.23831,36.31513],[139.23861,36.31514],[139.23917,36.31517],[139.23935,36.3152],[139.23959,36.31533],[139.23955,36.31547],[139.23945,36.31566],[139.24021,36.31577],[139.24026,36.3155],[139.24149,36.31561],[139.24201,36.31564],[139.24204,36.31562],[139.24395,36.31584],[139.24409,36.31586],[139.24522,36.31599],[139.24584,36.31606],[139.2472,36.31622],[139.24838,36.31636],[139.24974,36.31653],[139.25052,36.31662],[139.25168,36.31673],[139.2517,36.31673],[139.2534,36.31682],[139.25357,36.31685],[139.25421,36.31709],[139.25428,36.31719],[139.25428,36.31736],[139.25372,36.31881],[139.25374,36.31888],[139.25376,36.31891],[139.25384,36.31897],[139.25435,36.31918],[139.25491,36.31953],[139.25505,36.31993],[139.25512,36.32005],[139.25548,36.32033],[139.25685,36.32054],[139.25703,36.32056],[139.2572,36.32061],[139.2578,36.32079],[139.25797,36.32082],[139.25812,36.32083],[139.25845,36.32078],[139.26025,36.3204],[139.2615,36.32008],[139.26273,36.3198],[139.26302,36.31973],[139.2634,36.31961],[139.26373,36.31955],[139.26444,36.31947],[139.26503,36.31936],[139.26733,36.31885],[139.26743,36.31883],[139.26748,36.31882],[139.26789,36.31872],[139.26836,36.31866],[139.26838,36.31854],[139.26839,36.31844],[139.26848,36.31793],[139.26859,36.31761],[139.26861,36.31739],[139.26862,36.31729],[139.26867,36.31643]]]}},{"type":"Feature","properties":{"name":"あずま北小学校","address":"伊勢崎市国定町2-1627"},"geometry":{"type":"Polygon","coordinates":[[[139.26048,36.35781],[139.26044,36.35734],[139.25861,36.35725],[139.25702,36.35731],[139.25692,36.35565],[139.25707,36.35557],[139.25657,36.35461],[139.25546,36.35502],[139.25516,36.35451],[139.25506,36.35428],[139.25492,36.35408],[139.25472,36.3539],[139.2547,36.35385],[139.25471,36.35366],[139.25471,36.35354],[139.25471,36.35345],[139.25475,36.35334],[139.25454,36.35314],[139.25456,36.35235],[139.25434,36.35203],[139.25375,36.35202],[139.25329,36.35222],[139.25309,36.35258],[139.25291,36.35319],[139.2512,36.35286],[139.25167,36.35193],[139.25086,36.35197],[139.25048,36.35198],[139.25057,36.35231],[139.25046,36.35248],[139.24891,36.35242],[139.24891,36.35247],[139.24889,36.35259],[139.24889,36.35262],[139.24871,36.35264],[139.24828,36.35268],[139.24816,36.3516],[139.24805,36.35124],[139.248,36.35104],[139.24714,36.35114],[139.24712,36.35115],[139.24705,36.35117],[139.24695,36.3512],[139.24645,36.35138],[139.24649,36.35153],[139.24655,36.35186],[139.24666,36.35218],[139.24665,36.35347],[139.2463,36.35344],[139.24604,36.35344],[139.24585,36.35346],[139.24558,36.35357],[139.24542,36.35367],[139.24538,36.35379],[139.24533,36.35393],[139.24509,36.35367],[139.24478,36.35376],[139.24458,36.35377],[139.24431,36.35382],[139.24364,36.35387],[139.24273,36.35398],[139.24292,36.35439],[139.24069,36.3551],[139.24065,36.35483],[139.23977,36.35498],[139.2395,36.35499],[139.23947,36.35503],[139.23936,36.35515],[139.23929,36.35526],[139.23928,36.3553],[139.23917,36.35542],[139.23908,36.35558],[139.23901,36.35568],[139.2389,36.35585],[139.23888,36.35588],[139.23887,36.35595],[139.2388,36.35609],[139.23878,36.35614],[139.23853,36.35675],[139.23823,36.35696],[139.23797,36.35711],[139.23716,36.35726],[139.2371,36.35728],[139.23632,36.35752],[139.23566,36.35777],[139.23511,36.35797],[139.23514,36.35807],[139.23448,36.35835],[139.2329,36.35901],[139.23123,36.35962],[139.23268,36.3624],[139.23281,36.36234],[139.23321,36.3622],[139.23384,36.36187],[139.23394,36.36183],[139.23401,36.3618],[139.23414,36.36176],[139.23419,36.36181],[139.23472,36.36285],[139.23504,36.36349],[139.23507,36.36358],[139.23505,36.36359],[139.23449,36.36377],[139.234,36.36393],[139.23403,36.36398],[139.23428,36.36447],[139.23483,36.36551],[139.23505,36.36595],[139.23548,36.36681],[139.2356,36.36702],[139.23575,36.36711],[139.23592,36.36731],[139.23592,36.36731],[139.23596,36.36736],[139.23614,36.36726],[139.23614,36.36765],[139.23615,36.36811],[139.23616,36.36847],[139.2362,36.36948],[139.23722,36.36946],[139.23858,36.36943],[139.23979,36.3694],[139.23981,36.37022],[139.23984,36.3708],[139.24089,36.37077],[139.24102,36.37077],[139.24142,36.37065],[139.24152,36.37073],[139.24197,36.37061],[139.24202,36.37051],[139.24205,36.37045],[139.24289,36.37037],[139.24432,36.3702],[139.24536,36.37008],[139.24673,36.36995],[139.24704,36.36991],[139.24781,36.36984],[139.24838,36.36978],[139.24853,36.36977],[139.24872,36.36975],[139.24938,36.36972],[139.2502,36.36974],[139.25137,36.36972],[139.25184,36.36971],[139.25265,36.36969],[139.25345,36.36968],[139.25397,36.36965],[139.25421,36.36961],[139.25461,36.36951],[139.25471,36.36946],[139.25478,36.36936],[139.25484,36.36955],[139.25539,36.36951],[139.25536,36.36937],[139.25583,36.36935],[139.25674,36.36993],[139.25788,36.36989],[139.25908,36.36986],[139.25946,36.36985],[139.25943,36.36924],[139.25921,36.36871],[139.25947,36.36864],[139.25989,36.36855],[139.26016,36.36851],[139.26033,36.36851],[139.26043,36.36852],[139.26076,36.36846],[139.26122,36.36839],[139.26178,36.36834],[139.26277,36.36821],[139.2632,36.36815],[139.26371,36.36804],[139.26449,36.3679],[139.26736,36.36739],[139.26736,36.36737],[139.26722,36.36729],[139.26708,36.36714],[139.26908,36.36684],[139.27033,36.36666],[139.27035,36.36677],[139.27049,36.36735],[139.27057,36.36773],[139.27057,36.36784],[139.27057,36.36794],[139.27054,36.36805],[139.27048,36.36821],[139.27106,36.36835],[139.27205,36.3686],[139.27203,36.36868],[139.27238,36.36876],[139.27287,36.36888],[139.27293,36.36883],[139.27309,36.36868],[139.27312,36.3685],[139.27313,36.36842],[139.27311,36.36827],[139.27309,36.36804],[139.27311,36.36769],[139.27312,36.36746],[139.27312,36.36743],[139.27315,36.36716],[139.27312,36.36695],[139.27306,36.36664],[139.27305,36.36662],[139.27304,36.36657],[139.27285,36.36567],[139.27277,36.3653],[139.27277,36.36529],[139.27275,36.36518],[139.27258,36.36459],[139.27248,36.36412],[139.27244,36.36395],[139.27243,36.36391],[139.27229,36.36332],[139.27219,36.3628],[139.27218,36.36277],[139.27208,36.36237],[139.27196,36.36191],[139.27191,36.36172],[139.27185,36.36147],[139.27179,36.36105],[139.27178,36.36095],[139.27172,36.36063],[139.27171,36.36053],[139.27168,36.36034],[139.27166,36.3603],[139.27156,36.3603],[139.27147,36.36031],[139.27122,36.3603],[139.27105,36.36033],[139.271,36.36034],[139.271,36.36034],[139.27081,36.36039],[139.27061,36.36045],[139.27051,36.36046],[139.27039,36.36048],[139.27026,36.3605],[139.26974,36.36058],[139.26926,36.36067],[139.26882,36.36074],[139.26854,36.36078],[139.26844,36.36079],[139.26811,36.36084],[139.26762,36.36093],[139.26725,36.36098],[139.26717,36.36096],[139.2672,36.36087],[139.26722,36.36082],[139.26722,36.36082],[139.26727,36.3607],[139.26747,36.36046],[139.26767,36.36023],[139.26778,36.36007],[139.26788,36.35995],[139.26809,36.35974],[139.2684,36.3594],[139.26855,36.35919],[139.26867,36.35898],[139.2685,36.35884],[139.26817,36.35858],[139.26759,36.35824],[139.26694,36.35779],[139.26617,36.35728],[139.26524,36.35668],[139.26516,36.35685],[139.26509,36.35735],[139.26449,36.3574],[139.26447,36.35757],[139.26421,36.35758],[139.2642,36.35795],[139.26366,36.35796],[139.2636,36.35731],[139.2627,36.35736],[139.26276,36.35808],[139.26191,36.35808],[139.2619,36.35779],[139.26048,36.35781]]]}},{"type":"Feature","properties":{"name":"あずま南小学校","address":"伊勢崎市三室町4290"},"geometry":{"type":"Polygon","coordinates":[[[139.26733,36.31885],[139.26503,36.31936],[139.26444,36.31947],[139.26373,36.31955],[139.2634,36.31961],[139.26302,36.31973],[139.26273,36.3198],[139.2615,36.32008],[139.26025,36.3204],[139.25845,36.32078],[139.25812,36.32083],[139.25797,36.32082],[139.2578,36.32079],[139.2572,36.32061],[139.25703,36.32056],[139.25685,36.32054],[139.25548,36.32033],[139.25512,36.32005],[139.25505,36.31993],[139.25491,36.31953],[139.25435,36.31918],[139.25384,36.31897],[139.25376,36.31891],[139.25374,36.31888],[139.25372,36.31881],[139.25428,36.31736],[139.25428,36.31719],[139.25421,36.31709],[139.25357,36.31685],[139.2534,36.31682],[139.2517,36.31673],[139.25168,36.31673],[139.25052,36.31662],[139.24974,36.31653],[139.24838,36.31636],[139.2472,36.31622],[139.24584,36.31606],[139.24522,36.31599],[139.24409,36.31586],[139.24395,36.31584],[139.24204,36.31562],[139.24201,36.31564],[139.24149,36.31561],[139.24026,36.3155],[139.24021,36.31577],[139.23945,36.31566],[139.23955,36.31547],[139.23959,36.31533],[139.23935,36.3152],[139.23917,36.31517],[139.23913,36.31524],[139.23908,36.31539],[139.239,36.31557],[139.2389,36.31571],[139.23881,36.31582],[139.23866,36.31591],[139.23847,36.31597],[139.23816,36.31605],[139.23796,36.31608],[139.2378,36.31611],[139.23749,36.31624],[139.2374,36.31617],[139.2372,36.31626],[139.23693,36.3164],[139.23674,36.31654],[139.23639,36.31685],[139.23609,36.31715],[139.23599,36.31727],[139.23562,36.31754],[139.23535,36.31775],[139.23506,36.31793],[139.2348,36.31802],[139.2346,36.31806],[139.23453,36.31816],[139.23448,36.3183],[139.2344,36.31843],[139.23432,36.3186],[139.23437,36.31875],[139.23425,36.31887],[139.23419,36.31899],[139.23418,36.31916],[139.23426,36.31936],[139.23425,36.31966],[139.23426,36.31995],[139.23436,36.32012],[139.23269,36.32005],[139.23254,36.32052],[139.23262,36.32054],[139.23351,36.32075],[139.23387,36.32088],[139.234,36.32091],[139.23399,36.32105],[139.23376,36.32152],[139.23363,36.32178],[139.23356,36.32184],[139.23225,36.32114],[139.23199,36.32181],[139.23152,36.323],[139.23161,36.32302],[139.23284,36.32338],[139.23312,36.32351],[139.23239,36.32522],[139.23326,36.32548],[139.23378,36.32562],[139.23284,36.32773],[139.23094,36.32722],[139.23049,36.32708],[139.23023,36.3277],[139.23012,36.32797],[139.22895,36.32767],[139.2286,36.32856],[139.22775,36.32831],[139.22739,36.32909],[139.22703,36.32993],[139.22634,36.32973],[139.22598,36.32963],[139.22569,36.33034],[139.22559,36.33032],[139.22489,36.33197],[139.22533,36.33209],[139.2254,36.33217],[139.22546,36.33235],[139.22563,36.33253],[139.22576,36.33265],[139.22593,36.33276],[139.22594,36.3333],[139.22594,36.33339],[139.22599,36.33346],[139.226,36.33349],[139.22596,36.3336],[139.22599,36.33368],[139.22603,36.33372],[139.22638,36.33375],[139.22648,36.33387],[139.22656,36.33405],[139.22684,36.33441],[139.22702,36.33468],[139.22759,36.33468],[139.2276,36.33678],[139.2276,36.33682],[139.22887,36.3368],[139.22887,36.33696],[139.22888,36.33788],[139.22889,36.33971],[139.22871,36.3399],[139.22872,36.34049],[139.22906,36.34012],[139.22935,36.3398],[139.23016,36.3388],[139.23034,36.33858],[139.23052,36.3384],[139.23066,36.33828],[139.23104,36.33796],[139.23133,36.3377],[139.23164,36.33737],[139.23185,36.33714],[139.23199,36.33699],[139.23229,36.3366],[139.23272,36.33681],[139.23293,36.33694],[139.23295,36.33647],[139.23348,36.33662],[139.23306,36.33611],[139.23354,36.33614],[139.23329,36.33592],[139.23484,36.336],[139.23482,36.33624],[139.23535,36.33628],[139.23546,36.33516],[139.23645,36.33518],[139.23714,36.33537],[139.23787,36.33558],[139.23813,36.33562],[139.23824,36.33563],[139.2385,36.3358],[139.23813,36.33662],[139.23803,36.33693],[139.23803,36.3372],[139.23839,36.3372],[139.23884,36.33719],[139.23977,36.33723],[139.2406,36.33729],[139.24069,36.33662],[139.24072,36.33658],[139.241,36.33648],[139.24143,36.33639],[139.24186,36.33634],[139.24148,36.33588],[139.24217,36.33568],[139.24234,36.3356],[139.24252,36.3355],[139.24342,36.33565],[139.24421,36.33592],[139.24459,36.33603],[139.24476,36.33605],[139.24518,36.33607],[139.24543,36.33605],[139.24751,36.33573],[139.24764,36.3362],[139.24958,36.33592],[139.24961,36.33579],[139.24965,36.33567],[139.24972,36.33555],[139.24978,36.33546],[139.24987,36.33535],[139.24995,36.33528],[139.25004,36.33522],[139.25017,36.33515],[139.25034,36.33507],[139.25049,36.335],[139.25069,36.33494],[139.2508,36.3349],[139.25099,36.33485],[139.25123,36.33479],[139.25136,36.33474],[139.25149,36.33469],[139.25155,36.33466],[139.25162,36.33461],[139.2517,36.33456],[139.25177,36.33451],[139.25184,36.33444],[139.25189,36.33438],[139.25194,36.33433],[139.25198,36.33428],[139.25203,36.3342],[139.25206,36.33416],[139.25209,36.33409],[139.25337,36.33402],[139.25547,36.33386],[139.25556,36.33387],[139.25535,36.33288],[139.25532,36.33266],[139.25664,36.33271],[139.25777,36.32981],[139.25848,36.32998],[139.25894,36.32882],[139.26017,36.32913],[139.26117,36.32938],[139.26254,36.3298],[139.26254,36.32979],[139.26271,36.32968],[139.26326,36.32941],[139.26372,36.32903],[139.26373,36.32878],[139.26377,36.32772],[139.26388,36.32661],[139.26388,36.32657],[139.26401,36.32604],[139.26401,36.32604],[139.26403,36.32592],[139.26409,36.32569],[139.26417,36.32537],[139.26435,36.3253],[139.26459,36.32521],[139.26494,36.32508],[139.26523,36.32497],[139.26553,36.32491],[139.26609,36.3248],[139.26644,36.32475],[139.26689,36.32469],[139.26746,36.32461],[139.26757,36.3246],[139.26777,36.32457],[139.26783,36.32457],[139.26784,36.32458],[139.26814,36.3246],[139.26834,36.32457],[139.26854,36.32449],[139.26889,36.32436],[139.26892,36.32435],[139.26899,36.32428],[139.26905,36.32421],[139.26906,36.32415],[139.26911,36.32375],[139.26914,36.32354],[139.26925,36.3226],[139.26928,36.32197],[139.26929,36.32189],[139.26933,36.32122],[139.26895,36.32121],[139.26812,36.3213],[139.26803,36.32131],[139.26787,36.32119],[139.26783,36.32117],[139.2677,36.32041],[139.26768,36.32034],[139.26766,36.32026],[139.26759,36.31996],[139.26733,36.31885]]]}},{"type":"Feature","properties":{"name":"あずま小学校","address":"伊勢崎市東町2770"},"geometry":{"type":"Polygon","coordinates":[[[139.26877,36.35428],[139.26876,36.35426],[139.26868,36.35396],[139.26867,36.3539],[139.26866,36.35377],[139.26868,36.3537],[139.26869,36.35368],[139.26872,36.35365],[139.26878,36.35356],[139.26882,36.35347],[139.26882,36.35339],[139.26882,36.35338],[139.26878,36.35328],[139.26873,36.35318],[139.26873,36.35317],[139.26871,36.35306],[139.26873,36.35301],[139.26881,36.3529],[139.26894,36.35277],[139.26896,36.35271],[139.26897,36.35268],[139.26896,36.3526],[139.26891,36.35253],[139.26885,36.35247],[139.26876,36.35235],[139.26875,36.35224],[139.26873,36.35212],[139.26866,36.35205],[139.26855,36.35204],[139.26832,36.35204],[139.2683,36.35193],[139.26827,36.3516],[139.2682,36.35121],[139.26819,36.35114],[139.26814,36.35085],[139.26805,36.35055],[139.26794,36.35007],[139.26782,36.3497],[139.26775,36.34947],[139.26759,36.34898],[139.26752,36.34881],[139.26747,36.34867],[139.26744,36.34855],[139.26742,36.34845],[139.26741,36.34845],[139.26739,36.34835],[139.26734,36.34795],[139.26734,36.34769],[139.2673,36.3476],[139.26715,36.34753],[139.26712,36.34751],[139.26696,36.3475],[139.26654,36.34755],[139.26599,36.34763],[139.2653,36.34767],[139.26493,36.34769],[139.26483,36.34768],[139.26468,36.34768],[139.26463,36.34764],[139.2646,36.34755],[139.26459,36.34746],[139.26459,36.34734],[139.26458,36.34695],[139.26457,36.34632],[139.26456,36.34584],[139.26456,36.34513],[139.26455,36.34474],[139.26455,36.34473],[139.26456,36.3445],[139.26457,36.34432],[139.26454,36.34412],[139.26451,36.34409],[139.26438,36.34409],[139.26417,36.34407],[139.26407,36.34402],[139.26405,36.344],[139.26403,36.34395],[139.26403,36.34392],[139.26406,36.34376],[139.26407,36.34368],[139.26408,36.34353],[139.26408,36.34339],[139.26405,36.34324],[139.26403,36.34317],[139.26401,36.34311],[139.26395,36.34286],[139.26391,36.34269],[139.26389,36.34253],[139.26389,36.34247],[139.26392,36.34226],[139.26395,36.34208],[139.26402,36.34188],[139.26405,36.34173],[139.26408,36.34152],[139.26409,36.3413],[139.26409,36.34104],[139.2641,36.34088],[139.26413,36.34077],[139.26418,36.34071],[139.26425,36.34062],[139.26433,36.34051],[139.26436,36.34046],[139.26464,36.34015],[139.26474,36.34001],[139.26484,36.3399],[139.26501,36.33974],[139.26504,36.3397],[139.26514,36.33958],[139.2652,36.33951],[139.2653,36.33935],[139.26545,36.33913],[139.26548,36.33905],[139.26549,36.33903],[139.26554,36.33891],[139.26559,36.33867],[139.2656,36.33844],[139.26561,36.33831],[139.26563,36.33808],[139.26561,36.33796],[139.26557,36.33776],[139.26556,36.33754],[139.26552,36.33733],[139.2654,36.33719],[139.26525,36.33709],[139.26501,36.33698],[139.26487,36.33693],[139.26481,36.33694],[139.26476,36.33695],[139.26474,36.33695],[139.26463,36.33695],[139.26455,36.3369],[139.26451,36.33686],[139.26444,36.33677],[139.26431,36.33666],[139.26416,36.33648],[139.26408,36.33608],[139.26397,36.33551],[139.26395,36.33542],[139.26394,36.33534],[139.26393,36.33526],[139.26385,36.33459],[139.26375,36.33398],[139.26373,36.33386],[139.2636,36.33362],[139.26343,36.33347],[139.26321,36.33327],[139.26278,36.33291],[139.26265,36.33285],[139.26253,36.3328],[139.26241,36.33203],[139.26238,36.3318],[139.26229,36.33109],[139.26176,36.33035],[139.2624,36.32989],[139.26254,36.3298],[139.26117,36.32938],[139.26017,36.32913],[139.25894,36.32882],[139.25848,36.32998],[139.25777,36.32981],[139.25664,36.33271],[139.25532,36.33266],[139.25535,36.33288],[139.25556,36.33387],[139.25547,36.33386],[139.25337,36.33402],[139.25209,36.33409],[139.25206,36.33416],[139.25203,36.3342],[139.25198,36.33428],[139.25194,36.33433],[139.25189,36.33438],[139.25184,36.33444],[139.25177,36.33451],[139.2517,36.33456],[139.25162,36.33461],[139.25155,36.33466],[139.25149,36.33469],[139.25136,36.33474],[139.25123,36.33479],[139.25099,36.33485],[139.2508,36.3349],[139.25069,36.33494],[139.25049,36.335],[139.25034,36.33507],[139.25017,36.33515],[139.25004,36.33522],[139.24995,36.33528],[139.24987,36.33535],[139.24978,36.33546],[139.24972,36.33555],[139.24965,36.33567],[139.24961,36.33579],[139.24958,36.33592],[139.24764,36.3362],[139.24751,36.33573],[139.24543,36.33605],[139.24518,36.33607],[139.24476,36.33605],[139.24459,36.33603],[139.24421,36.33592],[139.24342,36.33565],[139.24252,36.3355],[139.24234,36.3356],[139.24217,36.33568],[139.24148,36.33588],[139.24186,36.33634],[139.24143,36.33639],[139.241,36.33648],[139.24072,36.33658],[139.24069,36.33662],[139.2406,36.33729],[139.23977,36.33723],[139.23884,36.33719],[139.23839,36.3372],[139.23803,36.3372],[139.23803,36.33693],[139.23813,36.33662],[139.2385,36.3358],[139.23824,36.33563],[139.23813,36.33562],[139.23787,36.33558],[139.23714,36.33537],[139.23645,36.33518],[139.23546,36.33516],[139.23535,36.33628],[139.23482,36.33624],[139.23484,36.336],[139.23329,36.33592],[139.23354,36.33614],[139.23306,36.33611],[139.23348,36.33662],[139.23295,36.33647],[139.23293,36.33694],[139.23272,36.33681],[139.23229,36.3366],[139.23199,36.33699],[139.23185,36.33714],[139.23164,36.33737],[139.23133,36.3377],[139.23104,36.33796],[139.23066,36.33828],[139.23052,36.3384],[139.23034,36.33858],[139.23016,36.3388],[139.22935,36.3398],[139.22906,36.34012],[139.22872,36.34049],[139.22872,36.34055],[139.2286,36.34069],[139.22862,36.3418],[139.22864,36.34232],[139.22868,36.34317],[139.22868,36.34348],[139.22867,36.34514],[139.22874,36.34516],[139.22873,36.34635],[139.22955,36.34635],[139.2296,36.34638],[139.22958,36.34697],[139.22925,36.34704],[139.22897,36.34717],[139.22878,36.34729],[139.23045,36.34881],[139.23039,36.34892],[139.23034,36.34903],[139.2308,36.34945],[139.23076,36.34949],[139.23087,36.34993],[139.23106,36.35075],[139.2301,36.35092],[139.23079,36.35366],[139.23091,36.35373],[139.23089,36.35382],[139.23086,36.35405],[139.23075,36.35431],[139.23062,36.35489],[139.2307,36.35615],[139.23091,36.35611],[139.23194,36.3563],[139.23244,36.35641],[139.23273,36.35648],[139.23287,36.3565],[139.23298,36.35652],[139.23307,36.35654],[139.23316,36.35656],[139.23324,36.35658],[139.23336,36.35661],[139.23344,36.35663],[139.23354,36.35667],[139.23361,36.35669],[139.23365,36.35671],[139.23371,36.35673],[139.23376,36.35674],[139.23382,36.35674],[139.23388,36.35675],[139.23399,36.35675],[139.23405,36.35676],[139.23413,36.35676],[139.23422,36.35678],[139.23432,36.35678],[139.2345,36.35681],[139.23482,36.35687],[139.23485,36.35703],[139.23485,36.35708],[139.23511,36.35797],[139.23566,36.35777],[139.23632,36.35752],[139.2371,36.35728],[139.23716,36.35726],[139.23797,36.35711],[139.23823,36.35696],[139.23853,36.35675],[139.23878,36.35614],[139.2388,36.35609],[139.23887,36.35595],[139.23888,36.35588],[139.2389,36.35585],[139.23901,36.35568],[139.23908,36.35558],[139.23917,36.35542],[139.23928,36.3553],[139.23929,36.35526],[139.23936,36.35515],[139.23947,36.35503],[139.2395,36.35499],[139.23977,36.35498],[139.24065,36.35483],[139.24069,36.3551],[139.24292,36.35439],[139.24273,36.35398],[139.24364,36.35387],[139.24431,36.35382],[139.24458,36.35377],[139.24478,36.35376],[139.24509,36.35367],[139.24533,36.35393],[139.24538,36.35379],[139.24542,36.35367],[139.24558,36.35357],[139.24585,36.35346],[139.24604,36.35344],[139.2463,36.35344],[139.24665,36.35347],[139.24666,36.35218],[139.24655,36.35186],[139.24649,36.35153],[139.24645,36.35138],[139.24695,36.3512],[139.24705,36.35117],[139.24712,36.35115],[139.24714,36.35114],[139.248,36.35104],[139.24805,36.35124],[139.24816,36.3516],[139.24828,36.35268],[139.24871,36.35264],[139.24889,36.35262],[139.24889,36.35259],[139.24891,36.35247],[139.24891,36.35242],[139.25046,36.35248],[139.25057,36.35231],[139.25048,36.35198],[139.25086,36.35197],[139.25167,36.35193],[139.2512,36.35286],[139.25291,36.35319],[139.25309,36.35258],[139.25329,36.35222],[139.25375,36.35202],[139.25434,36.35203],[139.25456,36.35235],[139.25454,36.35314],[139.25475,36.35334],[139.25471,36.35345],[139.25471,36.35354],[139.25471,36.35366],[139.2547,36.35385],[139.25472,36.3539],[139.25492,36.35408],[139.25506,36.35428],[139.25516,36.35451],[139.25546,36.35502],[139.25657,36.35461],[139.25707,36.35557],[139.25692,36.35565],[139.25702,36.35731],[139.25861,36.35725],[139.26044,36.35734],[139.26048,36.35781],[139.2619,36.35779],[139.26191,36.35808],[139.26276,36.35808],[139.2627,36.35736],[139.2636,36.35731],[139.26366,36.35796],[139.2642,36.35795],[139.26421,36.35758],[139.26447,36.35757],[139.26449,36.3574],[139.26509,36.35735],[139.26516,36.35685],[139.26524,36.35668],[139.26617,36.35728],[139.26694,36.35779],[139.26759,36.35824],[139.26817,36.35858],[139.2685,36.35884],[139.26867,36.35898],[139.26869,36.35895],[139.26874,36.35887],[139.26876,36.35884],[139.26896,36.35855],[139.269,36.35846],[139.26905,36.35835],[139.26907,36.35819],[139.26909,36.35799],[139.26913,36.35778],[139.26914,36.35772],[139.26918,36.35746],[139.26919,36.3573],[139.26924,36.35721],[139.26929,36.35716],[139.26922,36.35707],[139.26918,36.35701],[139.26914,36.35689],[139.26916,36.35682],[139.26923,36.35665],[139.2693,36.35648],[139.26933,36.3564],[139.26934,36.35629],[139.26932,36.35617],[139.26919,36.3558],[139.26915,36.35568],[139.26914,36.35566],[139.26907,36.35541],[139.26895,36.35505],[139.26886,36.35462],[139.26877,36.35428]]]}},{"type":"Feature","properties":{"name":"赤堀東小学校","address":"伊勢崎市香林町1-260-2"},"geometry":{"type":"Polygon","coordinates":[[[139.25185,36.40104],[139.25184,36.40103],[139.25179,36.40099],[139.25161,36.40081],[139.25149,36.40062],[139.25145,36.40047],[139.25136,36.40028],[139.25135,36.40027],[139.25129,36.40013],[139.25116,36.39995],[139.2511,36.39986],[139.25105,36.3998],[139.25099,36.3997],[139.25094,36.39958],[139.2509,36.39937],[139.25088,36.39928],[139.25083,36.39908],[139.25079,36.39886],[139.25071,36.39862],[139.25063,36.39837],[139.25058,36.39817],[139.25055,36.39805],[139.25053,36.39796],[139.25053,36.39792],[139.2505,36.39779],[139.2505,36.39778],[139.25049,36.39775],[139.25047,36.39764],[139.25039,36.39744],[139.2503,36.3971],[139.25022,36.39688],[139.25014,36.39671],[139.25005,36.39657],[139.24999,36.39644],[139.24996,36.3963],[139.24997,36.39596],[139.24999,36.39579],[139.25003,36.39553],[139.25009,36.39534],[139.25009,36.39533],[139.25013,36.3952],[139.25018,36.39514],[139.25033,36.3951],[139.25052,36.39505],[139.25061,36.39503],[139.25073,36.39503],[139.25103,36.39502],[139.25125,36.39501],[139.25165,36.395],[139.25216,36.39499],[139.25243,36.39498],[139.25268,36.395],[139.25315,36.395],[139.25347,36.39502],[139.25372,36.39503],[139.25381,36.39503],[139.25422,36.39502],[139.25459,36.395],[139.2551,36.39496],[139.25539,36.39494],[139.25544,36.39493],[139.25572,36.3949],[139.2559,36.39487],[139.2562,36.39483],[139.25674,36.39468],[139.25703,36.39461],[139.2573,36.39452],[139.25731,36.39452],[139.25756,36.39445],[139.25776,36.39439],[139.25801,36.39435],[139.25829,36.3943],[139.25855,36.3943],[139.25885,36.39426],[139.25888,36.39426],[139.25896,36.39425],[139.25922,36.39422],[139.25978,36.39416],[139.26007,36.39412],[139.26031,36.39411],[139.26054,36.3941],[139.26074,36.3941],[139.26092,36.39415],[139.26105,36.39417],[139.26159,36.3941],[139.26187,36.39405],[139.26209,36.394],[139.26218,36.39398],[139.26239,36.39392],[139.26266,36.39383],[139.26311,36.39376],[139.26335,36.39371],[139.26363,36.39366],[139.26369,36.39365],[139.26392,36.39363],[139.26412,36.39358],[139.26461,36.39352],[139.26466,36.39351],[139.26484,36.39346],[139.26528,36.39329],[139.26545,36.39319],[139.26572,36.39307],[139.26588,36.39299],[139.26608,36.39291],[139.26629,36.39283],[139.26693,36.39265],[139.26712,36.39261],[139.26725,36.39257],[139.26748,36.3925],[139.26756,36.39247],[139.2676,36.39246],[139.26765,36.39244],[139.26767,36.39242],[139.26768,36.39237],[139.26766,36.39229],[139.26763,36.39222],[139.2676,36.39218],[139.26733,36.39167],[139.26719,36.3914],[139.26704,36.39102],[139.267,36.39085],[139.26702,36.39073],[139.267,36.39059],[139.267,36.39057],[139.26698,36.39051],[139.26693,36.39033],[139.2669,36.39021],[139.26691,36.39013],[139.26695,36.39006],[139.26699,36.39],[139.26704,36.38994],[139.26714,36.38976],[139.26724,36.38956],[139.26728,36.38939],[139.26728,36.38926],[139.26726,36.38908],[139.26727,36.38891],[139.2673,36.38881],[139.26739,36.38862],[139.26753,36.38845],[139.26766,36.38827],[139.26767,36.38824],[139.26774,36.38811],[139.26779,36.38799],[139.26781,36.38789],[139.26784,36.38772],[139.26786,36.38758],[139.26787,36.38748],[139.2679,36.3872],[139.26795,36.3869],[139.26797,36.38674],[139.268,36.38654],[139.26795,36.38635],[139.26782,36.3862],[139.26753,36.38578],[139.26752,36.38577],[139.26736,36.38549],[139.26735,36.38548],[139.26728,36.38537],[139.26734,36.38535],[139.26743,36.38526],[139.26741,36.38488],[139.26741,36.38485],[139.2674,36.38456],[139.26737,36.38441],[139.26729,36.38403],[139.26728,36.38399],[139.26725,36.38391],[139.26715,36.3839],[139.26715,36.3839],[139.26708,36.3839],[139.26707,36.38382],[139.26704,36.3837],[139.26701,36.38358],[139.26701,36.38339],[139.26697,36.38322],[139.26691,36.38308],[139.26684,36.38291],[139.26683,36.38287],[139.2668,36.38234],[139.26677,36.38206],[139.26676,36.38181],[139.26673,36.38159],[139.26668,36.38104],[139.26657,36.38048],[139.26652,36.3801],[139.26645,36.37987],[139.26644,36.37981],[139.26641,36.37959],[139.26638,36.37944],[139.26636,36.37928],[139.26634,36.37886],[139.26636,36.37864],[139.26633,36.37852],[139.2663,36.37842],[139.2663,36.37831],[139.26631,36.37829],[139.26633,36.37821],[139.26633,36.37818],[139.26644,36.37791],[139.26655,36.37762],[139.26658,36.37741],[139.2666,36.37702],[139.26664,36.37682],[139.26675,36.37656],[139.26678,36.37644],[139.2668,36.3764],[139.26683,36.37628],[139.26692,36.3763],[139.26699,36.3763],[139.26703,36.37629],[139.26707,36.37614],[139.26713,36.37578],[139.26717,36.37559],[139.2672,36.37552],[139.26729,36.37546],[139.2674,36.3754],[139.26743,36.37535],[139.26747,36.37527],[139.26748,36.37521],[139.26758,36.37466],[139.26764,36.37443],[139.26767,36.37433],[139.26775,36.37418],[139.26795,36.37396],[139.26807,36.37383],[139.26815,36.37376],[139.26817,36.37376],[139.26832,36.37376],[139.26862,36.37375],[139.26865,36.37374],[139.26888,36.37374],[139.26953,36.37371],[139.26965,36.37371],[139.27017,36.37369],[139.27104,36.37369],[139.27118,36.37369],[139.27121,36.37362],[139.27125,36.37339],[139.27126,36.373],[139.2713,36.37255],[139.27134,36.37221],[139.2714,36.37184],[139.27147,36.37158],[139.27148,36.37155],[139.27157,36.37125],[139.27176,36.37084],[139.27192,36.37055],[139.27207,36.37029],[139.27226,36.37],[139.27227,36.36997],[139.27242,36.36971],[139.27268,36.36916],[139.27278,36.36896],[139.27287,36.36888],[139.27238,36.36876],[139.27203,36.36868],[139.27205,36.3686],[139.27106,36.36835],[139.27048,36.36821],[139.27054,36.36805],[139.27057,36.36794],[139.27057,36.36784],[139.27057,36.36773],[139.27049,36.36735],[139.27035,36.36677],[139.27033,36.36666],[139.26908,36.36684],[139.26708,36.36714],[139.26722,36.36729],[139.26736,36.36737],[139.26736,36.36739],[139.26449,36.3679],[139.26371,36.36804],[139.2632,36.36815],[139.26277,36.36821],[139.26178,36.36834],[139.26122,36.36839],[139.26076,36.36846],[139.26043,36.36852],[139.26033,36.36851],[139.26016,36.36851],[139.25989,36.36855],[139.25947,36.36864],[139.25921,36.36871],[139.25943,36.36924],[139.25946,36.36985],[139.25908,36.36986],[139.25788,36.36989],[139.25674,36.36993],[139.25583,36.36935],[139.25536,36.36937],[139.25539,36.36951],[139.25484,36.36955],[139.25478,36.36936],[139.25471,36.36946],[139.25461,36.36951],[139.25421,36.36961],[139.25397,36.36965],[139.25345,36.36968],[139.25265,36.36969],[139.25184,36.36971],[139.25137,36.36972],[139.2502,36.36974],[139.24938,36.36972],[139.24872,36.36975],[139.24853,36.36977],[139.24838,36.36978],[139.24781,36.36984],[139.24704,36.36991],[139.24673,36.36995],[139.24536,36.37008],[139.24432,36.3702],[139.24289,36.37037],[139.24205,36.37045],[139.24202,36.37051],[139.24197,36.37061],[139.24152,36.37073],[139.24142,36.37065],[139.24102,36.37077],[139.24089,36.37077],[139.23984,36.3708],[139.23986,36.37394],[139.23992,36.37539],[139.23994,36.37638],[139.24059,36.37636],[139.24148,36.37635],[139.24149,36.37691],[139.24154,36.37748],[139.24164,36.37812],[139.24169,36.37847],[139.24172,36.37863],[139.24161,36.37886],[139.24158,36.379],[139.2416,36.37978],[139.24161,36.37988],[139.2428,36.37984],[139.24284,36.38157],[139.24206,36.38158],[139.24165,36.38159],[139.24099,36.38167],[139.23914,36.3821],[139.23772,36.38243],[139.23714,36.38257],[139.23658,36.3827],[139.23315,36.38351],[139.23206,36.38375],[139.23215,36.38435],[139.23218,36.38463],[139.23224,36.38479],[139.23241,36.38502],[139.23265,36.3854],[139.23251,36.38543],[139.23222,36.38551],[139.23188,36.38564],[139.23143,36.38585],[139.23159,36.38617],[139.23221,36.3873],[139.23225,36.38736],[139.23276,36.38812],[139.23297,36.38837],[139.23373,36.38927],[139.23329,36.38958],[139.23405,36.39068],[139.23469,36.39144],[139.23585,36.39281],[139.23593,36.39293],[139.23597,36.39288],[139.23609,36.39275],[139.23664,36.39321],[139.23672,36.39348],[139.2368,36.39375],[139.23687,36.39397],[139.23706,36.39458],[139.23706,36.39458],[139.23708,36.39466],[139.2371,36.3947],[139.23711,36.39473],[139.23711,36.39473],[139.23734,36.39545],[139.23741,36.39566],[139.23752,36.39604],[139.23765,36.3963],[139.23774,36.39642],[139.23789,36.39653],[139.23793,36.39656],[139.23808,36.39667],[139.23813,36.39671],[139.23844,36.39702],[139.23849,36.39708],[139.23872,36.39723],[139.23884,36.39734],[139.23899,36.39742],[139.239,36.39742],[139.23903,36.3974],[139.23931,36.39723],[139.23982,36.39694],[139.23986,36.39703],[139.23989,36.39712],[139.23994,36.39718],[139.24,36.39721],[139.2406,36.39707],[139.24071,36.39705],[139.24078,36.39707],[139.24078,36.39708],[139.24093,36.39728],[139.24105,36.39743],[139.24116,36.39757],[139.24125,36.3978],[139.2414,36.39825],[139.2415,36.39838],[139.24177,36.39868],[139.2419,36.39883],[139.24227,36.39929],[139.24286,36.40003],[139.24332,36.40065],[139.24385,36.40134],[139.24403,36.40155],[139.24432,36.40188],[139.24447,36.40186],[139.24453,36.40203],[139.24461,36.40222],[139.24471,36.40263],[139.24475,36.40274],[139.24478,36.40283],[139.24489,36.40317],[139.2451,36.40375],[139.24525,36.40382],[139.24531,36.40412],[139.24514,36.40419],[139.24529,36.40454],[139.24541,36.40485],[139.24557,36.40542],[139.24561,36.40555],[139.24577,36.40558],[139.24611,36.40564],[139.2468,36.40579],[139.24694,36.40586],[139.24703,36.4059],[139.24729,36.40609],[139.24768,36.40625],[139.24809,36.40634],[139.24833,36.40635],[139.24856,36.40637],[139.24903,36.40649],[139.24912,36.40651],[139.2492,36.40653],[139.24946,36.4066],[139.24992,36.40665],[139.25056,36.4067],[139.25073,36.40671],[139.25105,36.4067],[139.25129,36.40672],[139.25133,36.40672],[139.25164,36.40675],[139.25198,36.40679],[139.25215,36.40682],[139.2522,36.40682],[139.25232,36.40682],[139.25232,36.40682],[139.25248,36.40679],[139.25255,36.40678],[139.25258,36.40688],[139.2526,36.40694],[139.2526,36.40694],[139.2528,36.40732],[139.25311,36.40802],[139.25327,36.40837],[139.25334,36.40836],[139.25343,36.40833],[139.25367,36.40826],[139.2537,36.40823],[139.25367,36.40815],[139.25367,36.4081],[139.2537,36.40806],[139.25378,36.40802],[139.2541,36.40791],[139.2543,36.40785],[139.25449,36.40784],[139.25465,36.40788],[139.25495,36.40787],[139.25526,36.40787],[139.25533,36.40787],[139.25543,36.40786],[139.25551,36.40789],[139.25558,36.408],[139.25561,36.40801],[139.2557,36.40802],[139.25577,36.408],[139.25578,36.40797],[139.25576,36.40782],[139.25572,36.40748],[139.25568,36.40727],[139.25565,36.40703],[139.25565,36.40686],[139.25562,36.40669],[139.25555,36.40646],[139.25547,36.40632],[139.25538,36.40617],[139.25526,36.40596],[139.25521,36.40583],[139.25519,36.40575],[139.25516,36.40564],[139.25514,36.40551],[139.25514,36.40539],[139.25513,36.40525],[139.25513,36.40519],[139.25508,36.40511],[139.25503,36.40505],[139.25496,36.40499],[139.25487,36.40493],[139.2548,36.40491],[139.25475,36.40492],[139.25465,36.40495],[139.25451,36.40501],[139.25444,36.405],[139.25436,36.4049],[139.25435,36.4049],[139.25426,36.40474],[139.25411,36.40458],[139.25397,36.40442],[139.25369,36.40412],[139.25367,36.40408],[139.25356,36.40395],[139.25351,36.4039],[139.25341,36.40373],[139.25335,36.4036],[139.25326,36.40331],[139.25318,36.40318],[139.25297,36.40291],[139.25282,36.4027],[139.25267,36.4025],[139.25257,36.40236],[139.2525,36.40225],[139.2525,36.40223],[139.25244,36.40209],[139.25237,36.40191],[139.25229,36.40174],[139.2522,36.40155],[139.25215,36.40145],[139.25207,36.40134],[139.25198,36.40117],[139.25185,36.40104]]]}},{"type":"Feature","properties":{"name":"赤堀南小学校","address":"伊勢崎市堀下町264-1"},"geometry":{"type":"Polygon","coordinates":[[[139.19343,36.37407],[139.19358,36.37408],[139.19385,36.37409],[139.19411,36.37412],[139.19438,36.37415],[139.19454,36.37418],[139.19463,36.37417],[139.19467,36.37417],[139.19475,36.37408],[139.19531,36.37344],[139.19539,36.37345],[139.19647,36.37349],[139.19647,36.37356],[139.19644,36.37386],[139.19658,36.37388],[139.19662,36.37388],[139.19675,36.37389],[139.19673,36.37411],[139.19666,36.37472],[139.19663,36.37503],[139.19789,36.37511],[139.19797,36.37519],[139.19799,36.37521],[139.19808,36.3753],[139.19821,36.37542],[139.19829,36.3755],[139.19834,36.37554],[139.19838,36.37558],[139.19854,36.37567],[139.19891,36.37587],[139.19927,36.37605],[139.19931,36.37607],[139.19937,36.3761],[139.19949,36.37617],[139.19966,36.3762],[139.19981,36.3762],[139.19994,36.3762],[139.2,36.3762],[139.20018,36.37619],[139.20032,36.37613],[139.20047,36.37605],[139.20078,36.37589],[139.20084,36.37591],[139.20104,36.37596],[139.20119,36.37598],[139.20156,36.37588],[139.20189,36.37575],[139.2024,36.37551],[139.20241,36.37551],[139.20256,36.37544],[139.20263,36.37523],[139.20298,36.37522],[139.20303,36.37537],[139.20304,36.37545],[139.20306,36.37555],[139.20308,36.37562],[139.20313,36.37592],[139.20323,36.3763],[139.20339,36.37671],[139.2036,36.3773],[139.20376,36.37773],[139.20391,36.37823],[139.20397,36.37849],[139.20405,36.37886],[139.20415,36.37993],[139.20422,36.3806],[139.20424,36.38116],[139.20427,36.38137],[139.20428,36.38148],[139.20431,36.38183],[139.20436,36.38203],[139.20444,36.38234],[139.20453,36.38262],[139.20468,36.38292],[139.20479,36.38319],[139.20481,36.38325],[139.20493,36.3832],[139.20492,36.38317],[139.20509,36.38312],[139.20532,36.38299],[139.20549,36.38286],[139.20573,36.38259],[139.20593,36.38241],[139.20613,36.38228],[139.20625,36.38223],[139.20642,36.38218],[139.20659,36.38216],[139.20668,36.38215],[139.20696,36.38216],[139.20828,36.38224],[139.20896,36.38225],[139.20941,36.38224],[139.20964,36.38221],[139.21012,36.38208],[139.21061,36.38191],[139.21183,36.3815],[139.21294,36.38116],[139.21411,36.38084],[139.2155,36.38047],[139.21504,36.37971],[139.21549,36.3795],[139.21586,36.37933],[139.2161,36.37914],[139.2165,36.37875],[139.2169,36.37838],[139.21691,36.37828],[139.21695,36.3781],[139.21695,36.37802],[139.21691,36.3778],[139.21691,36.37762],[139.21693,36.37759],[139.21702,36.37754],[139.21708,36.37751],[139.21718,36.37752],[139.21732,36.37752],[139.21749,36.37758],[139.21791,36.37776],[139.21836,36.37796],[139.21756,36.37647],[139.21798,36.37648],[139.21776,36.37625],[139.21762,36.37611],[139.2173,36.37592],[139.21687,36.37555],[139.21634,36.37512],[139.21598,36.37488],[139.21561,36.37464],[139.21526,36.37451],[139.21508,36.37435],[139.21503,36.37421],[139.21504,36.37414],[139.21505,36.37403],[139.21509,36.37392],[139.21514,36.37381],[139.21521,36.37366],[139.21531,36.37337],[139.21538,36.37322],[139.21556,36.37306],[139.21584,36.37279],[139.21593,36.37266],[139.21603,36.3725],[139.21633,36.37196],[139.21865,36.37208],[139.2187,36.3714],[139.21877,36.36997],[139.21837,36.36923],[139.21952,36.36885],[139.22028,36.3686],[139.2206,36.36915],[139.22074,36.36912],[139.22223,36.36886],[139.22289,36.36876],[139.2234,36.36867],[139.22362,36.36866],[139.22427,36.36857],[139.22498,36.36842],[139.22515,36.3689],[139.22582,36.36876],[139.22593,36.36875],[139.2258,36.36854],[139.22578,36.36849],[139.2258,36.36847],[139.22628,36.36833],[139.22615,36.36803],[139.22616,36.368],[139.22624,36.36794],[139.22604,36.36756],[139.22611,36.36752],[139.22627,36.3674],[139.22636,36.36733],[139.22608,36.36728],[139.22579,36.36714],[139.22555,36.36696],[139.2254,36.36679],[139.22773,36.36622],[139.22782,36.36616],[139.22786,36.3661],[139.22762,36.36565],[139.22734,36.36517],[139.22708,36.36468],[139.22675,36.36407],[139.22643,36.36349],[139.22848,36.36278],[139.22942,36.36247],[139.2296,36.36281],[139.22971,36.36309],[139.22987,36.36354],[139.23106,36.36313],[139.23162,36.36288],[139.23227,36.36257],[139.23252,36.36245],[139.23268,36.3624],[139.23123,36.35962],[139.2329,36.35901],[139.23448,36.35835],[139.23514,36.35807],[139.23511,36.35797],[139.23485,36.35708],[139.23485,36.35703],[139.23482,36.35687],[139.2345,36.35681],[139.23432,36.35678],[139.23422,36.35678],[139.23413,36.35676],[139.23405,36.35676],[139.23399,36.35675],[139.23388,36.35675],[139.23382,36.35674],[139.23376,36.35674],[139.23371,36.35673],[139.23365,36.35671],[139.23361,36.35669],[139.23354,36.35667],[139.23344,36.35663],[139.23336,36.35661],[139.23324,36.35658],[139.23316,36.35656],[139.23307,36.35654],[139.23298,36.35652],[139.23287,36.3565],[139.23273,36.35648],[139.23244,36.35641],[139.23194,36.3563],[139.23091,36.35611],[139.2307,36.35615],[139.22774,36.35675],[139.22743,36.35679],[139.22367,36.35751],[139.22224,36.35779],[139.21877,36.35849],[139.21811,36.35862],[139.21753,36.35861],[139.21666,36.35867],[139.21624,36.35871],[139.21617,36.35872],[139.21595,36.35877],[139.21555,36.35881],[139.21545,36.35868],[139.2146,36.3587],[139.21456,36.35883],[139.21429,36.35878],[139.21418,36.35872],[139.21388,36.35871],[139.21369,36.35851],[139.21292,36.3585],[139.21287,36.35866],[139.21276,36.35873],[139.21261,36.35886],[139.21251,36.35892],[139.21247,36.35897],[139.21238,36.35913],[139.21233,36.35918],[139.21222,36.35925],[139.21216,36.35931],[139.21178,36.35913],[139.21232,36.35837],[139.21244,36.35816],[139.21251,36.35799],[139.21258,36.35772],[139.21264,36.35704],[139.21265,36.35673],[139.21251,36.3567],[139.21252,36.35659],[139.21253,36.35647],[139.21255,36.35635],[139.21253,36.35622],[139.21253,36.35604],[139.21252,36.3559],[139.2125,36.35576],[139.21245,36.35558],[139.2124,36.3554],[139.21235,36.35524],[139.21235,36.35522],[139.21233,36.35505],[139.21232,36.35497],[139.21231,36.3549],[139.2123,36.35485],[139.21231,36.35464],[139.21229,36.35446],[139.21224,36.35434],[139.21215,36.35414],[139.21207,36.354],[139.212,36.35388],[139.21192,36.35376],[139.21179,36.35363],[139.21171,36.35357],[139.21169,36.35356],[139.21158,36.35349],[139.21144,36.35338],[139.21133,36.35332],[139.21118,36.35324],[139.21101,36.35314],[139.21092,36.35308],[139.21081,36.35301],[139.21079,36.35293],[139.21078,36.35282],[139.21079,36.35276],[139.21079,36.35269],[139.21079,36.35252],[139.21077,36.35235],[139.21073,36.35225],[139.21062,36.35203],[139.21062,36.35201],[139.21049,36.35189],[139.21036,36.35182],[139.21017,36.35171],[139.21001,36.3516],[139.20988,36.35146],[139.20979,36.35124],[139.20967,36.35103],[139.20962,36.35095],[139.20948,36.35064],[139.20947,36.35061],[139.20944,36.35053],[139.20939,36.35042],[139.20935,36.35032],[139.20931,36.35021],[139.2093,36.35009],[139.20928,36.34993],[139.20922,36.3498],[139.20916,36.34967],[139.20913,36.34956],[139.20906,36.34945],[139.20898,36.34937],[139.20888,36.34934],[139.2088,36.34932],[139.2087,36.34927],[139.20868,36.34927],[139.20856,36.34923],[139.20843,36.34915],[139.2083,36.34909],[139.20814,36.34898],[139.20794,36.34886],[139.20778,36.3488],[139.2076,36.34873],[139.20741,36.34865],[139.20722,36.34858],[139.20701,36.34848],[139.20677,36.34837],[139.20669,36.34835],[139.20656,36.34833],[139.20647,36.3483],[139.20637,36.34824],[139.20629,36.34816],[139.20621,36.34808],[139.2061,36.348],[139.20599,36.34792],[139.20595,36.34786],[139.2058,36.34776],[139.20567,36.34766],[139.20554,36.34755],[139.20542,36.34744],[139.2053,36.34733],[139.20517,36.34712],[139.20477,36.34716],[139.20478,36.34725],[139.20416,36.34734],[139.20419,36.34758],[139.20318,36.3475],[139.20286,36.34967],[139.20248,36.35248],[139.20203,36.35541],[139.20113,36.35534],[139.20107,36.35565],[139.20107,36.35568],[139.20081,36.35755],[139.20069,36.35845],[139.20099,36.35836],[139.20094,36.35858],[139.2009,36.35875],[139.20034,36.35894],[139.2008,36.3612],[139.19987,36.36133],[139.20013,36.36259],[139.19948,36.36274],[139.19923,36.36283],[139.19873,36.363],[139.19793,36.3632],[139.19753,36.36326],[139.19735,36.36331],[139.19703,36.36344],[139.19694,36.36348],[139.19681,36.3635],[139.1965,36.36353],[139.19563,36.36362],[139.19522,36.36366],[139.195,36.36371],[139.19434,36.36395],[139.19351,36.36417],[139.19347,36.36418],[139.19301,36.36427],[139.19287,36.36428],[139.19258,36.36434],[139.19074,36.36474],[139.19055,36.36479],[139.1904,36.36489],[139.1902,36.3651],[139.19016,36.36511],[139.19005,36.36511],[139.18985,36.36528],[139.19002,36.36538],[139.1901,36.36544],[139.19013,36.36546],[139.19021,36.36582],[139.19031,36.36629],[139.19041,36.36655],[139.19052,36.3667],[139.19083,36.36709],[139.19087,36.36718],[139.19089,36.36722],[139.19091,36.3673],[139.19093,36.36738],[139.19095,36.36749],[139.19096,36.36758],[139.19103,36.36778],[139.19106,36.36787],[139.19113,36.36809],[139.19093,36.36818],[139.19096,36.36833],[139.19097,36.36834],[139.19109,36.36847],[139.19111,36.36849],[139.19128,36.36868],[139.19135,36.36875],[139.19142,36.36889],[139.19141,36.369],[139.19136,36.36919],[139.19139,36.36937],[139.1914,36.36946],[139.19141,36.36955],[139.19147,36.36973],[139.19168,36.37028],[139.19175,36.37043],[139.19179,36.37055],[139.19181,36.37063],[139.19182,36.37068],[139.1918,36.3709],[139.19173,36.37127],[139.19169,36.37172],[139.19168,36.37178],[139.19165,36.37218],[139.19162,36.37284],[139.19164,36.37294],[139.19173,36.37299],[139.19179,36.37301],[139.19208,36.37316],[139.19225,36.37327],[139.19238,36.37338],[139.19252,36.37353],[139.19272,36.37372],[139.19288,36.37387],[139.193,36.37395],[139.19318,36.37403],[139.19335,36.37406],[139.19343,36.37407]]]}},{"type":"Feature","properties":{"name":"赤堀小学校","address":"伊勢崎市西久保町1-72"},"geometry":{"type":"Polygon","coordinates":[[[139.21709,36.40028],[139.2171,36.40043],[139.21712,36.40078],[139.21714,36.4009],[139.2172,36.40121],[139.21726,36.40148],[139.21732,36.40159],[139.21732,36.40159],[139.21733,36.4016],[139.21741,36.40166],[139.21753,36.40165],[139.21771,36.40164],[139.21801,36.40161],[139.21832,36.40157],[139.21844,36.40158],[139.21854,36.40163],[139.21866,36.40173],[139.21873,36.40188],[139.21877,36.40197],[139.21888,36.40223],[139.21888,36.40224],[139.2189,36.40223],[139.219,36.40222],[139.21907,36.40222],[139.2191,36.40209],[139.21921,36.40207],[139.21926,36.40207],[139.21941,36.40222],[139.2196,36.4022],[139.21975,36.40218],[139.22008,36.40214],[139.22024,36.40216],[139.22028,36.40217],[139.22049,36.4022],[139.22074,36.40204],[139.2209,36.40195],[139.22117,36.40176],[139.22192,36.40119],[139.2221,36.40133],[139.22194,36.40145],[139.22186,36.40151],[139.22191,36.40159],[139.22196,36.40163],[139.222,36.40175],[139.222,36.40176],[139.22206,36.40181],[139.22246,36.40202],[139.22246,36.40217],[139.22245,36.40288],[139.22301,36.40288],[139.22357,36.4029],[139.2236,36.4029],[139.22364,36.40357],[139.22365,36.40365],[139.22401,36.40363],[139.22403,36.40363],[139.22422,36.40359],[139.22447,36.40357],[139.22476,36.40357],[139.22508,36.40357],[139.22522,36.40358],[139.2255,36.40361],[139.22573,36.40365],[139.22592,36.40365],[139.22602,36.40365],[139.2261,36.40366],[139.22623,36.40368],[139.22639,36.40375],[139.22655,36.4038],[139.22665,36.40381],[139.22665,36.40381],[139.22673,36.40383],[139.22676,36.40383],[139.22681,36.40384],[139.22681,36.40384],[139.22706,36.40388],[139.22711,36.40399],[139.22761,36.40406],[139.22789,36.40413],[139.22797,36.40415],[139.22803,36.40416],[139.2281,36.40418],[139.22812,36.40422],[139.22815,36.40426],[139.22819,36.40434],[139.22838,36.40454],[139.2285,36.40454],[139.2286,36.40453],[139.22872,36.40453],[139.22908,36.40452],[139.22933,36.40449],[139.22969,36.4045],[139.22985,36.40456],[139.22987,36.40457],[139.23003,36.40481],[139.23016,36.40498],[139.23028,36.40509],[139.23036,36.40514],[139.23055,36.40519],[139.23074,36.40521],[139.23098,36.40517],[139.23124,36.40511],[139.23153,36.40504],[139.23212,36.40487],[139.23237,36.40479],[139.23266,36.40469],[139.23287,36.4047],[139.23319,36.40468],[139.23328,36.40468],[139.23334,36.40468],[139.23368,36.40469],[139.23416,36.4047],[139.23411,36.40451],[139.23407,36.40431],[139.23403,36.40366],[139.23399,36.40349],[139.23348,36.40248],[139.23334,36.4022],[139.233,36.40157],[139.23295,36.40144],[139.23297,36.40124],[139.23304,36.40103],[139.233,36.40093],[139.23304,36.40075],[139.23302,36.40058],[139.23298,36.40042],[139.23298,36.4002],[139.23293,36.3999],[139.23285,36.39958],[139.23282,36.39939],[139.23281,36.39921],[139.23281,36.39921],[139.23276,36.39901],[139.23276,36.39901],[139.23271,36.39889],[139.23266,36.39878],[139.23251,36.39859],[139.23238,36.39844],[139.23228,36.39831],[139.23218,36.39814],[139.23217,36.39812],[139.23215,36.39805],[139.23209,36.39779],[139.2321,36.39768],[139.2321,36.3976],[139.23216,36.3975],[139.2322,36.39744],[139.23222,36.39734],[139.23237,36.39731],[139.23238,36.39731],[139.23241,36.3973],[139.23252,36.39727],[139.23254,36.39726],[139.23302,36.39696],[139.23329,36.39681],[139.23347,36.39692],[139.23391,36.39665],[139.23416,36.39685],[139.2345,36.39701],[139.23456,36.39702],[139.23471,36.39703],[139.23485,36.39704],[139.23516,36.39696],[139.23526,36.39693],[139.23536,36.3969],[139.23543,36.39688],[139.23546,36.39687],[139.23556,36.39684],[139.23552,36.39676],[139.23548,36.39659],[139.2355,36.39645],[139.23554,36.39629],[139.23562,36.396],[139.23564,36.39583],[139.23559,36.39562],[139.2355,36.39546],[139.2355,36.39546],[139.23548,36.39542],[139.23535,36.3952],[139.23523,36.39508],[139.2352,36.39488],[139.23521,36.39485],[139.23524,36.39462],[139.23527,36.39448],[139.23525,36.39429],[139.23522,36.39413],[139.23521,36.39388],[139.23519,36.39381],[139.23514,36.39367],[139.23515,36.39353],[139.23527,36.39347],[139.2354,36.39343],[139.23586,36.39301],[139.23593,36.39293],[139.23585,36.39281],[139.23469,36.39144],[139.23405,36.39068],[139.23329,36.38958],[139.23373,36.38927],[139.23297,36.38837],[139.23276,36.38812],[139.23225,36.38736],[139.23221,36.3873],[139.23159,36.38617],[139.23143,36.38585],[139.23188,36.38564],[139.23222,36.38551],[139.23251,36.38543],[139.23265,36.3854],[139.23241,36.38502],[139.23224,36.38479],[139.23218,36.38463],[139.23215,36.38435],[139.23206,36.38375],[139.23315,36.38351],[139.23658,36.3827],[139.23714,36.38257],[139.23772,36.38243],[139.23914,36.3821],[139.24099,36.38167],[139.24165,36.38159],[139.24206,36.38158],[139.24284,36.38157],[139.2428,36.37984],[139.24161,36.37988],[139.2416,36.37978],[139.24158,36.379],[139.24161,36.37886],[139.24172,36.37863],[139.24169,36.37847],[139.24164,36.37812],[139.24154,36.37748],[139.24149,36.37691],[139.24148,36.37635],[139.24059,36.37636],[139.23994,36.37638],[139.23992,36.37539],[139.23986,36.37394],[139.23984,36.3708],[139.23981,36.37022],[139.23979,36.3694],[139.23858,36.36943],[139.23722,36.36946],[139.2362,36.36948],[139.23616,36.36847],[139.23615,36.36811],[139.23614,36.36765],[139.23614,36.36726],[139.23596,36.36736],[139.23592,36.36731],[139.23592,36.36731],[139.23575,36.36711],[139.2356,36.36702],[139.23548,36.36681],[139.23505,36.36595],[139.23483,36.36551],[139.23428,36.36447],[139.23403,36.36398],[139.234,36.36393],[139.23449,36.36377],[139.23505,36.36359],[139.23507,36.36358],[139.23504,36.36349],[139.23472,36.36285],[139.23419,36.36181],[139.23414,36.36176],[139.23401,36.3618],[139.23394,36.36183],[139.23384,36.36187],[139.23321,36.3622],[139.23281,36.36234],[139.23252,36.36245],[139.23227,36.36257],[139.23162,36.36288],[139.23106,36.36313],[139.22987,36.36354],[139.22971,36.36309],[139.2296,36.36281],[139.22942,36.36247],[139.22848,36.36278],[139.22643,36.36349],[139.22675,36.36407],[139.22708,36.36468],[139.22734,36.36517],[139.22762,36.36565],[139.22786,36.3661],[139.22782,36.36616],[139.22773,36.36622],[139.2254,36.36679],[139.22555,36.36696],[139.22579,36.36714],[139.22608,36.36728],[139.22636,36.36733],[139.22627,36.3674],[139.22611,36.36752],[139.22604,36.36756],[139.22624,36.36794],[139.22616,36.368],[139.22615,36.36803],[139.22628,36.36833],[139.2258,36.36847],[139.22578,36.36849],[139.2258,36.36854],[139.22593,36.36875],[139.22582,36.36876],[139.22515,36.3689],[139.22498,36.36842],[139.22427,36.36857],[139.22362,36.36866],[139.2234,36.36867],[139.22289,36.36876],[139.22223,36.36886],[139.22074,36.36912],[139.2206,36.36915],[139.22028,36.3686],[139.21952,36.36885],[139.21837,36.36923],[139.21877,36.36997],[139.2187,36.3714],[139.21865,36.37208],[139.21633,36.37196],[139.21603,36.3725],[139.21593,36.37266],[139.21584,36.37279],[139.21556,36.37306],[139.21538,36.37322],[139.21531,36.37337],[139.21521,36.37366],[139.21514,36.37381],[139.21509,36.37392],[139.21505,36.37403],[139.21504,36.37414],[139.21503,36.37421],[139.21508,36.37435],[139.21526,36.37451],[139.21561,36.37464],[139.21598,36.37488],[139.21634,36.37512],[139.21687,36.37555],[139.2173,36.37592],[139.21762,36.37611],[139.21776,36.37625],[139.21798,36.37648],[139.21756,36.37647],[139.21836,36.37796],[139.21791,36.37776],[139.21749,36.37758],[139.21732,36.37752],[139.21718,36.37752],[139.21708,36.37751],[139.21702,36.37754],[139.21693,36.37759],[139.21691,36.37762],[139.21691,36.3778],[139.21695,36.37802],[139.21695,36.3781],[139.21691,36.37828],[139.2169,36.37838],[139.2165,36.37875],[139.2161,36.37914],[139.21586,36.37933],[139.21549,36.3795],[139.21504,36.37971],[139.2155,36.38047],[139.21411,36.38084],[139.21294,36.38116],[139.21183,36.3815],[139.21061,36.38191],[139.21012,36.38208],[139.20964,36.38221],[139.20941,36.38224],[139.20896,36.38225],[139.20828,36.38224],[139.20696,36.38216],[139.20668,36.38215],[139.20659,36.38216],[139.20642,36.38218],[139.20625,36.38223],[139.20613,36.38228],[139.20593,36.38241],[139.20573,36.38259],[139.20549,36.38286],[139.20532,36.38299],[139.20509,36.38312],[139.20492,36.38317],[139.20493,36.3832],[139.20481,36.38325],[139.20485,36.38334],[139.2054,36.38433],[139.20554,36.38459],[139.20585,36.3852],[139.2062,36.38598],[139.20623,36.38599],[139.20658,36.38616],[139.20704,36.38644],[139.20711,36.38649],[139.20715,36.38652],[139.20716,36.38678],[139.20711,36.3869],[139.20702,36.38703],[139.20694,36.38718],[139.20686,36.38765],[139.20683,36.38796],[139.20682,36.38822],[139.20684,36.38832],[139.20688,36.38853],[139.20691,36.38878],[139.20695,36.38909],[139.20704,36.38925],[139.20703,36.38961],[139.20703,36.38962],[139.20709,36.38984],[139.20713,36.39003],[139.2071,36.39041],[139.20706,36.39078],[139.20717,36.39087],[139.20724,36.39093],[139.20724,36.39093],[139.20731,36.39099],[139.20737,36.39104],[139.20737,36.39105],[139.20744,36.3911],[139.20761,36.39102],[139.20812,36.39118],[139.20852,36.39127],[139.2087,36.39134],[139.20888,36.3914],[139.20899,36.39141],[139.20907,36.39141],[139.20932,36.3915],[139.20945,36.39147],[139.20954,36.39144],[139.20958,36.39143],[139.21002,36.3916],[139.21042,36.39181],[139.21075,36.39201],[139.21099,36.39222],[139.21133,36.39266],[139.21139,36.39275],[139.21159,36.39308],[139.21168,36.39325],[139.21178,36.39344],[139.21183,36.39353],[139.21186,36.39357],[139.21187,36.39359],[139.21196,36.39373],[139.2123,36.39392],[139.21243,36.39399],[139.21263,36.39416],[139.21305,36.39458],[139.2132,36.39464],[139.21338,36.39471],[139.21389,36.39489],[139.21402,36.39494],[139.2142,36.395],[139.21438,36.39502],[139.21443,36.39503],[139.21451,36.39502],[139.21455,36.39501],[139.2147,36.39498],[139.21502,36.39489],[139.21524,36.39488],[139.21549,36.39488],[139.21561,36.3949],[139.21577,36.39502],[139.21595,36.39514],[139.21607,36.39526],[139.21607,36.39526],[139.21612,36.3953],[139.21596,36.39549],[139.21588,36.39557],[139.21582,36.39572],[139.21569,36.39609],[139.21564,36.39639],[139.21565,36.3969],[139.21559,36.39724],[139.21557,36.3977],[139.21547,36.39783],[139.21529,36.39792],[139.21529,36.39793],[139.21519,36.39809],[139.21517,36.39822],[139.21516,36.39843],[139.21521,36.3986],[139.21528,36.39875],[139.21538,36.39885],[139.21554,36.39897],[139.21566,36.39907],[139.21574,36.39919],[139.21586,36.39925],[139.21599,36.3993],[139.21598,36.39945],[139.21642,36.39956],[139.21653,36.39957],[139.21669,36.39958],[139.21681,36.39964],[139.21694,36.39968],[139.21701,36.3997],[139.21712,36.39977],[139.21713,36.39978],[139.21721,36.39985],[139.21715,36.39995],[139.2171,36.40005],[139.21709,36.40024],[139.21709,36.40028]]]}},{"type":"Feature","properties":{"name":"境東小学校","address":"伊勢崎市境米岡253-2"},"geometry":{"type":"Polygon","coordinates":[[[139.2753,36.27545],[139.27505,36.27545],[139.27473,36.2755],[139.27358,36.27568],[139.27357,36.27569],[139.27244,36.2759],[139.27225,36.27593],[139.272,36.27598],[139.27199,36.27598],[139.2719,36.276],[139.27188,36.276],[139.27173,36.27543],[139.27156,36.27484],[139.27155,36.27472],[139.27155,36.27471],[139.27154,36.27467],[139.27154,36.27466],[139.27151,36.27438],[139.27151,36.27433],[139.2715,36.27427],[139.2715,36.27423],[139.27141,36.27359],[139.27141,36.27356],[139.2714,36.2735],[139.27133,36.27315],[139.27133,36.27313],[139.27134,36.27303],[139.27136,36.27262],[139.27156,36.27152],[139.2717,36.27066],[139.2717,36.27056],[139.27171,36.27039],[139.27173,36.27008],[139.27174,36.26982],[139.27177,36.26936],[139.27177,36.26935],[139.27178,36.26928],[139.27194,36.26849],[139.27196,36.26838],[139.27196,36.26832],[139.27196,36.26816],[139.27196,36.26784],[139.27196,36.26784],[139.27196,36.26772],[139.27195,36.26767],[139.27195,36.26763],[139.2719,36.2675],[139.27181,36.26737],[139.27177,36.26732],[139.27177,36.26731],[139.27161,36.26717],[139.27157,36.26713],[139.27148,36.26712],[139.27145,36.26712],[139.27131,36.2671],[139.27112,36.26707],[139.27093,36.26709],[139.27081,36.2671],[139.27063,36.26713],[139.27053,36.26713],[139.27024,36.26711],[139.26998,36.26711],[139.26975,36.26701],[139.26969,36.26693],[139.26968,36.26685],[139.26971,36.26677],[139.26985,36.26661],[139.26987,36.26659],[139.26996,36.26648],[139.27,36.26643],[139.27001,36.26642],[139.27002,36.26641],[139.27018,36.26614],[139.27019,36.26612],[139.2702,36.2661],[139.27021,36.26608],[139.26982,36.26577],[139.26943,36.26545],[139.26942,36.26544],[139.26942,36.26543],[139.26932,36.26521],[139.26932,36.26521],[139.26931,36.26519],[139.26929,36.26515],[139.26924,36.26502],[139.2692,36.2649],[139.26917,36.26479],[139.26916,36.26478],[139.26915,36.26474],[139.26912,36.26474],[139.26877,36.26476],[139.26876,36.26468],[139.26878,36.26462],[139.26905,36.2646],[139.26912,36.26459],[139.26916,36.26459],[139.26917,36.26459],[139.2692,36.26437],[139.26928,36.26383],[139.26931,36.2636],[139.26942,36.26325],[139.26945,36.26312],[139.26953,36.26285],[139.26986,36.26181],[139.27007,36.26123],[139.27009,36.26115],[139.27014,36.26109],[139.2702,36.26099],[139.27034,36.26077],[139.2704,36.26068],[139.27091,36.2601],[139.27098,36.26003],[139.27104,36.25997],[139.27116,36.25985],[139.27118,36.25983],[139.27123,36.25978],[139.27105,36.25962],[139.271,36.25958],[139.27085,36.25964],[139.27073,36.25958],[139.2707,36.25944],[139.27068,36.25932],[139.27066,36.25915],[139.27047,36.25844],[139.27049,36.25823],[139.27051,36.25799],[139.27054,36.25786],[139.27059,36.25768],[139.27064,36.25761],[139.27069,36.25755],[139.2708,36.2574],[139.27119,36.25689],[139.27137,36.25672],[139.27165,36.25646],[139.27196,36.25623],[139.27214,36.25617],[139.27266,36.25603],[139.27327,36.25594],[139.27328,36.25593],[139.27338,36.25592],[139.27367,36.2559],[139.27369,36.2559],[139.27443,36.25584],[139.27457,36.25586],[139.27472,36.25587],[139.27491,36.25588],[139.275,36.25589],[139.27505,36.25589],[139.27534,36.25592],[139.27546,36.25593],[139.27548,36.25593],[139.27637,36.25623],[139.27664,36.25632],[139.277,36.25648],[139.27799,36.25694],[139.27819,36.25697],[139.27828,36.25693],[139.27875,36.25673],[139.27986,36.25627],[139.28016,36.25656],[139.28019,36.25658],[139.28022,36.25661],[139.28025,36.25665],[139.2808,36.2564],[139.2808,36.2564],[139.28116,36.25598],[139.28131,36.25577],[139.2818,36.25499],[139.2822,36.2543],[139.28236,36.25401],[139.28245,36.25401],[139.28252,36.25401],[139.28262,36.25392],[139.28282,36.25347],[139.28282,36.25332],[139.28279,36.25332],[139.28263,36.2533],[139.28263,36.2533],[139.28257,36.25329],[139.28253,36.25329],[139.28251,36.2533],[139.28228,36.25342],[139.2822,36.25343],[139.28215,36.25338],[139.28206,36.25315],[139.282,36.25301],[139.28197,36.25296],[139.28204,36.25295],[139.28232,36.25291],[139.28232,36.25287],[139.28232,36.25285],[139.28232,36.25273],[139.28231,36.25256],[139.28213,36.25216],[139.28205,36.25199],[139.2819,36.25171],[139.28168,36.25143],[139.28145,36.25138],[139.28121,36.25133],[139.28068,36.25116],[139.28047,36.2511],[139.27969,36.25092],[139.27947,36.25087],[139.27762,36.25043],[139.27701,36.25029],[139.27658,36.25019],[139.27651,36.25017],[139.27606,36.25007],[139.276,36.25006],[139.27511,36.24984],[139.27435,36.24965],[139.2742,36.24961],[139.27344,36.24944],[139.27295,36.24931],[139.27265,36.24924],[139.2723,36.24932],[139.27194,36.24943],[139.27167,36.24951],[139.27165,36.24952],[139.27117,36.24963],[139.27029,36.24983],[139.26978,36.24996],[139.26959,36.25],[139.26806,36.25034],[139.26797,36.25036],[139.26778,36.2504],[139.26767,36.25043],[139.26727,36.2505],[139.26726,36.25051],[139.26711,36.25053],[139.26698,36.25056],[139.26693,36.25055],[139.26685,36.25052],[139.26682,36.25042],[139.26687,36.24992],[139.2669,36.2496],[139.26693,36.24921],[139.267,36.24837],[139.26708,36.24741],[139.26712,36.24702],[139.26712,36.24694],[139.26715,36.24666],[139.26717,36.24634],[139.26719,36.2461],[139.26723,36.2456],[139.26726,36.24543],[139.26731,36.2452],[139.26733,36.24511],[139.26737,36.24464],[139.26737,36.24462],[139.26736,36.24442],[139.26734,36.24426],[139.26733,36.24417],[139.26733,36.24416],[139.26731,36.244],[139.26729,36.24389],[139.2672,36.24342],[139.26719,36.2434],[139.26716,36.2433],[139.26714,36.24323],[139.26712,36.24316],[139.2671,36.24307],[139.26707,36.24293],[139.26706,36.24288],[139.26702,36.24262],[139.26687,36.24258],[139.26678,36.24256],[139.26572,36.24248],[139.26484,36.24246],[139.26396,36.24248],[139.26374,36.24249],[139.26359,36.24249],[139.26361,36.24365],[139.26359,36.24388],[139.26365,36.24408],[139.26371,36.24455],[139.26368,36.24474],[139.26327,36.24481],[139.26317,36.24458],[139.26273,36.24472],[139.2629,36.2451],[139.26224,36.24537],[139.26229,36.24545],[139.2565,36.24866],[139.2563,36.24871],[139.25433,36.25331],[139.25487,36.256],[139.25557,36.25943],[139.25579,36.26059],[139.25575,36.26059],[139.25707,36.26184],[139.25715,36.26191],[139.25725,36.26195],[139.2574,36.26199],[139.25763,36.26203],[139.2581,36.26222],[139.25842,36.26234],[139.25832,36.26256],[139.25879,36.26301],[139.25906,36.26324],[139.25927,36.26346],[139.25935,36.26351],[139.25921,36.26366],[139.25904,36.26385],[139.25886,36.264],[139.25854,36.2642],[139.25808,36.26446],[139.25774,36.26476],[139.25743,36.26503],[139.25723,36.26531],[139.25704,36.2657],[139.25692,36.26604],[139.25685,36.26645],[139.25679,36.26677],[139.25724,36.26724],[139.257,36.26741],[139.25734,36.26833],[139.25747,36.26902],[139.2576,36.2699],[139.25759,36.26992],[139.25763,36.27025],[139.25771,36.27025],[139.2579,36.27094],[139.2581,36.27088],[139.2581,36.27087],[139.25911,36.27053],[139.25913,36.27053],[139.26042,36.27005],[139.26106,36.26983],[139.26127,36.27091],[139.26128,36.27092],[139.26157,36.27156],[139.26178,36.27193],[139.26125,36.27211],[139.26128,36.27225],[139.26059,36.27237],[139.26064,36.27261],[139.26063,36.27261],[139.25977,36.27277],[139.26009,36.27324],[139.26023,36.27377],[139.26034,36.27418],[139.26062,36.27524],[139.26062,36.27525],[139.26086,36.27615],[139.26156,36.27603],[139.26165,36.27634],[139.26179,36.27689],[139.26211,36.27808],[139.26227,36.27875],[139.26301,36.27867],[139.26516,36.27835],[139.26741,36.27799],[139.26759,36.27868],[139.26721,36.27875],[139.26731,36.2792],[139.26839,36.27903],[139.2686,36.2798],[139.26811,36.27979],[139.26741,36.27983],[139.26694,36.27987],[139.26637,36.27994],[139.26687,36.28193],[139.26717,36.28297],[139.27049,36.28241],[139.27061,36.28295],[139.27176,36.28335],[139.27176,36.28347],[139.27179,36.28346],[139.27182,36.28357],[139.27187,36.28371],[139.27187,36.28373],[139.27193,36.28382],[139.27201,36.2839],[139.2721,36.28394],[139.27233,36.28395],[139.27237,36.28393],[139.27253,36.28386],[139.27259,36.28378],[139.27266,36.28367],[139.27271,36.2836],[139.27275,36.28354],[139.27281,36.28349],[139.27288,36.28345],[139.2729,36.28345],[139.27301,36.2834],[139.27311,36.28338],[139.27338,36.28339],[139.27348,36.2834],[139.27359,36.28332],[139.27363,36.28311],[139.27368,36.28273],[139.27374,36.28265],[139.27385,36.28251],[139.27391,36.28237],[139.27398,36.28222],[139.27397,36.28214],[139.27391,36.28139],[139.2739,36.28138],[139.2739,36.28136],[139.27387,36.28108],[139.27388,36.28105],[139.27391,36.28098],[139.27404,36.28091],[139.2741,36.28088],[139.2746,36.28063],[139.27472,36.28057],[139.27503,36.28044],[139.2754,36.28028],[139.27548,36.28025],[139.27564,36.28018],[139.27587,36.28009],[139.27591,36.27997],[139.27589,36.27992],[139.27587,36.27987],[139.27569,36.2794],[139.27561,36.27925],[139.27549,36.27904],[139.27541,36.27891],[139.27537,36.27884],[139.27535,36.27881],[139.27534,36.27878],[139.27519,36.27852],[139.27516,36.2783],[139.27512,36.27795],[139.27523,36.27793],[139.27586,36.2778],[139.27594,36.27778],[139.27591,36.2774],[139.27591,36.27736],[139.27589,36.27721],[139.2754,36.27545],[139.2753,36.27545]]]}},{"type":"Feature","properties":{"name":"境小学校","address":"伊勢崎市境515-1"},"geometry":{"type":"Polygon","coordinates":[[[139.2245,36.25903],[139.22463,36.25923],[139.22532,36.26005],[139.22641,36.2608],[139.22711,36.26105],[139.22782,36.26125],[139.22828,36.2616],[139.229,36.2616],[139.22947,36.26143],[139.23015,36.26116],[139.23171,36.2607],[139.23174,36.26069],[139.23275,36.26053],[139.23361,36.26055],[139.23436,36.26057],[139.23549,36.2606],[139.23529,36.26107],[139.23656,36.26091],[139.23676,36.261],[139.23621,36.26223],[139.23722,36.26183],[139.23728,36.26198],[139.23732,36.26199],[139.23731,36.26168],[139.23748,36.26109],[139.23915,36.26146],[139.23938,36.26162],[139.23966,36.26164],[139.24007,36.26169],[139.24114,36.26192],[139.24171,36.26208],[139.24206,36.26216],[139.24285,36.26233],[139.24339,36.2624],[139.24355,36.26244],[139.24471,36.26303],[139.24448,36.26328],[139.24583,36.26379],[139.24582,36.2638],[139.24657,36.26408],[139.24657,36.26458],[139.24655,36.26499],[139.24656,36.26547],[139.24655,36.26637],[139.2466,36.26695],[139.24653,36.26766],[139.24634,36.26829],[139.24756,36.26855],[139.24815,36.26767],[139.24902,36.26845],[139.24882,36.26862],[139.24929,36.26904],[139.25085,36.27039],[139.25138,36.27087],[139.24939,36.27139],[139.25081,36.27235],[139.25014,36.27317],[139.24978,36.27361],[139.24974,36.27362],[139.24967,36.27363],[139.24959,36.27366],[139.24949,36.27376],[139.24938,36.27392],[139.24924,36.27415],[139.24904,36.27457],[139.24824,36.27519],[139.24809,36.27513],[139.24791,36.27528],[139.24772,36.27548],[139.24767,36.2756],[139.24762,36.27573],[139.24708,36.27573],[139.24707,36.27653],[139.24711,36.2774],[139.24712,36.27745],[139.24716,36.27755],[139.24717,36.27759],[139.24719,36.27766],[139.2472,36.2779],[139.24722,36.27795],[139.24725,36.27801],[139.2473,36.27806],[139.2474,36.27813],[139.24749,36.27818],[139.24757,36.27821],[139.24753,36.27905],[139.24739,36.27909],[139.24745,36.27931],[139.24723,36.27937],[139.24617,36.27962],[139.24654,36.28002],[139.24582,36.28047],[139.24622,36.28087],[139.24573,36.28117],[139.24427,36.28206],[139.24468,36.28255],[139.24624,36.28437],[139.24584,36.2847],[139.24639,36.28468],[139.24701,36.28459],[139.24775,36.28447],[139.24827,36.28433],[139.24865,36.28423],[139.2487,36.28426],[139.24867,36.28427],[139.24933,36.2851],[139.24962,36.28557],[139.24988,36.28603],[139.25024,36.28693],[139.25034,36.28737],[139.25044,36.28791],[139.24919,36.28837],[139.24971,36.28926],[139.25049,36.28897],[139.25049,36.28902],[139.25039,36.29132],[139.25818,36.29129],[139.25853,36.29139],[139.25881,36.29146],[139.25911,36.29162],[139.25938,36.29174],[139.2595,36.29184],[139.25983,36.29157],[139.25992,36.2915],[139.25997,36.29147],[139.26064,36.29091],[139.2611,36.29054],[139.26215,36.28968],[139.2622,36.28964],[139.26286,36.2891],[139.26332,36.28873],[139.26347,36.2886],[139.26349,36.28858],[139.26385,36.28827],[139.26392,36.28821],[139.26395,36.28824],[139.26402,36.28831],[139.26419,36.28848],[139.26435,36.28863],[139.26437,36.28864],[139.26443,36.28871],[139.2645,36.28879],[139.2645,36.28879],[139.26456,36.28885],[139.26503,36.28849],[139.26511,36.28855],[139.26519,36.28861],[139.26593,36.28804],[139.26743,36.2868],[139.26869,36.28576],[139.26924,36.2853],[139.27039,36.28431],[139.27142,36.28364],[139.27162,36.28353],[139.27176,36.28347],[139.27176,36.28335],[139.27061,36.28295],[139.27049,36.28241],[139.26717,36.28297],[139.26687,36.28193],[139.26637,36.27994],[139.26694,36.27987],[139.26741,36.27983],[139.26811,36.27979],[139.2686,36.2798],[139.26839,36.27903],[139.26731,36.2792],[139.26721,36.27875],[139.26759,36.27868],[139.26741,36.27799],[139.26516,36.27835],[139.26301,36.27867],[139.26227,36.27875],[139.26211,36.27808],[139.26179,36.27689],[139.26165,36.27634],[139.26156,36.27603],[139.26086,36.27615],[139.26062,36.27525],[139.26062,36.27524],[139.26034,36.27418],[139.26023,36.27377],[139.26009,36.27324],[139.25977,36.27277],[139.26063,36.27261],[139.26064,36.27261],[139.26059,36.27237],[139.26128,36.27225],[139.26125,36.27211],[139.26178,36.27193],[139.26157,36.27156],[139.26128,36.27092],[139.26127,36.27091],[139.26106,36.26983],[139.26042,36.27005],[139.25913,36.27053],[139.25911,36.27053],[139.2581,36.27087],[139.2581,36.27088],[139.2579,36.27094],[139.25771,36.27025],[139.25763,36.27025],[139.25759,36.26992],[139.2576,36.2699],[139.25747,36.26902],[139.25734,36.26833],[139.257,36.26741],[139.25724,36.26724],[139.25679,36.26677],[139.25685,36.26645],[139.25692,36.26604],[139.25704,36.2657],[139.25723,36.26531],[139.25743,36.26503],[139.25774,36.26476],[139.25808,36.26446],[139.25854,36.2642],[139.25886,36.264],[139.25904,36.26385],[139.25921,36.26366],[139.25935,36.26351],[139.25927,36.26346],[139.25906,36.26324],[139.25879,36.26301],[139.25832,36.26256],[139.25842,36.26234],[139.2581,36.26222],[139.25763,36.26203],[139.2574,36.26199],[139.25725,36.26195],[139.25715,36.26191],[139.25707,36.26184],[139.25575,36.26059],[139.25579,36.26059],[139.25557,36.25943],[139.25487,36.256],[139.25433,36.25331],[139.2563,36.24871],[139.2565,36.24866],[139.26229,36.24545],[139.26224,36.24537],[139.262,36.2448],[139.26188,36.24457],[139.26173,36.24428],[139.26215,36.24413],[139.26247,36.24407],[139.26279,36.24398],[139.26309,36.24394],[139.26359,36.24388],[139.26361,36.24365],[139.26359,36.24249],[139.26354,36.2425],[139.26261,36.24257],[139.262,36.24265],[139.26191,36.24266],[139.2617,36.2427],[139.26149,36.2428],[139.26127,36.24294],[139.26103,36.24311],[139.26089,36.24321],[139.26054,36.24349],[139.26011,36.24384],[139.25983,36.24407],[139.25965,36.24422],[139.25943,36.24436],[139.25918,36.24449],[139.25877,36.24464],[139.25873,36.24466],[139.25794,36.24487],[139.25781,36.24492],[139.25739,36.24508],[139.25625,36.24543],[139.25606,36.24547],[139.25548,36.24557],[139.25477,36.24571],[139.25422,36.24583],[139.2539,36.24584],[139.25367,36.24581],[139.25354,36.24579],[139.25289,36.24569],[139.25195,36.24554],[139.25102,36.2454],[139.25071,36.24536],[139.25023,36.24529],[139.24996,36.24525],[139.24947,36.24516],[139.24878,36.24505],[139.24837,36.24499],[139.24809,36.24494],[139.24804,36.24493],[139.24741,36.24483],[139.2474,36.24482],[139.2468,36.24477],[139.24578,36.24464],[139.2452,36.24457],[139.24407,36.24443],[139.24386,36.24448],[139.24375,36.24451],[139.24367,36.24454],[139.24364,36.24454],[139.24358,36.24456],[139.24295,36.24475],[139.24295,36.24475],[139.24273,36.24481],[139.24225,36.24494],[139.24124,36.24519],[139.24073,36.24532],[139.24011,36.24548],[139.24004,36.2455],[139.23956,36.24564],[139.23884,36.24585],[139.23883,36.24585],[139.23844,36.24596],[139.23823,36.24601],[139.23748,36.2462],[139.23742,36.24624],[139.23728,36.24631],[139.23719,36.24636],[139.23709,36.24642],[139.2367,36.24663],[139.23658,36.24671],[139.23574,36.24727],[139.2353,36.24756],[139.23514,36.24768],[139.23475,36.24798],[139.23458,36.2481],[139.23361,36.24882],[139.23349,36.24891],[139.23298,36.2497],[139.23279,36.25001],[139.23245,36.25059],[139.23231,36.25083],[139.23213,36.25113],[139.23207,36.25121],[139.23202,36.25129],[139.23198,36.25136],[139.23173,36.25172],[139.23136,36.25229],[139.23119,36.25247],[139.23119,36.25248],[139.23106,36.25258],[139.23102,36.25262],[139.23067,36.25279],[139.23037,36.25293],[139.22991,36.25315],[139.22984,36.25325],[139.22968,36.25339],[139.22886,36.2541],[139.22865,36.25428],[139.22824,36.25464],[139.2282,36.25468],[139.22816,36.25471],[139.22734,36.25544],[139.22696,36.25577],[139.22663,36.25606],[139.22614,36.25649],[139.22603,36.25657],[139.22554,36.257],[139.22496,36.25754],[139.22444,36.25797],[139.22436,36.25803],[139.22408,36.25824],[139.22401,36.2583],[139.2245,36.25903]]]}},{"type":"Feature","properties":{"name":"境剛志小学校","address":"伊勢崎市境下武士831"},"geometry":{"type":"Polygon","coordinates":[[[139.22943,36.27135],[139.22926,36.27142],[139.22917,36.27146],[139.22906,36.2715],[139.22896,36.2715],[139.22885,36.27151],[139.22879,36.27173],[139.22875,36.2719],[139.22872,36.27215],[139.22866,36.27248],[139.22862,36.27251],[139.22853,36.27306],[139.22853,36.2731],[139.22905,36.27317],[139.22904,36.27321],[139.22898,36.27362],[139.22895,36.27366],[139.22885,36.27379],[139.229,36.27411],[139.22919,36.27457],[139.22941,36.27474],[139.22939,36.27479],[139.22914,36.27472],[139.22884,36.27466],[139.2286,36.27466],[139.22837,36.27469],[139.22819,36.27476],[139.22756,36.27505],[139.22733,36.27523],[139.22718,36.2754],[139.22711,36.27552],[139.22708,36.27571],[139.2271,36.27609],[139.22715,36.27622],[139.22749,36.27678],[139.22788,36.27742],[139.2281,36.27777],[139.22797,36.27776],[139.22416,36.27765],[139.22395,36.27795],[139.2235,36.27861],[139.22332,36.27886],[139.22349,36.27931],[139.22367,36.27909],[139.22389,36.27967],[139.22396,36.27987],[139.22409,36.28009],[139.22417,36.2802],[139.22419,36.28028],[139.2242,36.28031],[139.22409,36.28031],[139.22416,36.28051],[139.22407,36.28077],[139.22401,36.28086],[139.22394,36.28096],[139.22379,36.28111],[139.22362,36.28126],[139.22338,36.28147],[139.22328,36.28158],[139.2232,36.28167],[139.22308,36.28181],[139.22292,36.28207],[139.22286,36.28218],[139.22281,36.28227],[139.22274,36.28247],[139.22183,36.28245],[139.22182,36.28279],[139.22136,36.28279],[139.22023,36.28277],[139.22022,36.28284],[139.22017,36.28392],[139.22017,36.28392],[139.22017,36.28402],[139.22017,36.28447],[139.22014,36.28497],[139.22013,36.28525],[139.22011,36.28529],[139.21939,36.28527],[139.21878,36.28525],[139.21872,36.28525],[139.21871,36.28526],[139.21862,36.28533],[139.21846,36.28533],[139.21834,36.28534],[139.21819,36.28539],[139.21784,36.28552],[139.21739,36.28564],[139.21715,36.28569],[139.21778,36.28626],[139.21729,36.28659],[139.21707,36.2871],[139.21698,36.28734],[139.21683,36.28767],[139.21652,36.28818],[139.2165,36.28819],[139.21639,36.28826],[139.21615,36.28839],[139.21601,36.28848],[139.21557,36.28863],[139.21542,36.28868],[139.21507,36.28881],[139.21495,36.28887],[139.2152,36.28936],[139.21543,36.28929],[139.21564,36.28989],[139.21587,36.29035],[139.21598,36.2904],[139.2161,36.29035],[139.21686,36.29122],[139.21656,36.29139],[139.21682,36.29179],[139.21701,36.29216],[139.21737,36.29309],[139.21729,36.29336],[139.2173,36.29372],[139.2173,36.29435],[139.2173,36.29439],[139.2174,36.29466],[139.21754,36.29497],[139.21759,36.29491],[139.21782,36.29516],[139.2186,36.29589],[139.21893,36.29589],[139.21891,36.29607],[139.21895,36.29625],[139.21924,36.29663],[139.21931,36.29671],[139.21962,36.29708],[139.21977,36.29716],[139.21992,36.29732],[139.22023,36.29766],[139.22051,36.29799],[139.22053,36.29801],[139.22118,36.29877],[139.2212,36.29879],[139.22134,36.299],[139.22149,36.29916],[139.22162,36.29925],[139.22187,36.29988],[139.22186,36.29993],[139.22218,36.29993],[139.22226,36.29992],[139.22233,36.29972],[139.2225,36.29914],[139.22278,36.29856],[139.2235,36.29771],[139.224,36.29717],[139.22438,36.2968],[139.22492,36.29656],[139.22519,36.29645],[139.22564,36.29626],[139.22589,36.29612],[139.22601,36.29603],[139.22614,36.29583],[139.22619,36.29563],[139.22616,36.29536],[139.22613,36.29526],[139.22608,36.29515],[139.2259,36.29483],[139.22567,36.29443],[139.22547,36.29408],[139.22513,36.29351],[139.22489,36.29312],[139.2248,36.29286],[139.22474,36.29265],[139.22511,36.29234],[139.22531,36.2922],[139.22533,36.29183],[139.22538,36.29138],[139.22564,36.29103],[139.22593,36.2907],[139.22629,36.28982],[139.2266,36.28948],[139.22708,36.28922],[139.22785,36.28878],[139.22847,36.28842],[139.2289,36.28818],[139.22929,36.28798],[139.22962,36.28773],[139.23026,36.28729],[139.23084,36.28707],[139.23159,36.28911],[139.23639,36.28581],[139.23694,36.28654],[139.24121,36.28392],[139.24427,36.28206],[139.24573,36.28117],[139.24622,36.28087],[139.24582,36.28047],[139.24654,36.28002],[139.24617,36.27962],[139.24723,36.27937],[139.24745,36.27931],[139.24739,36.27909],[139.24753,36.27905],[139.24757,36.27821],[139.24749,36.27818],[139.2474,36.27813],[139.2473,36.27806],[139.24725,36.27801],[139.24722,36.27795],[139.2472,36.2779],[139.24719,36.27766],[139.24717,36.27759],[139.24716,36.27755],[139.24712,36.27745],[139.24711,36.2774],[139.24707,36.27653],[139.24708,36.27573],[139.24762,36.27573],[139.24767,36.2756],[139.24772,36.27548],[139.24791,36.27528],[139.24809,36.27513],[139.24824,36.27519],[139.24904,36.27457],[139.24924,36.27415],[139.24938,36.27392],[139.24949,36.27376],[139.24959,36.27366],[139.24967,36.27363],[139.24974,36.27362],[139.24978,36.27361],[139.25014,36.27317],[139.25081,36.27235],[139.24939,36.27139],[139.25138,36.27087],[139.25085,36.27039],[139.24929,36.26904],[139.24882,36.26862],[139.24902,36.26845],[139.24815,36.26767],[139.24756,36.26855],[139.24634,36.26829],[139.24653,36.26766],[139.2466,36.26695],[139.24655,36.26637],[139.24656,36.26547],[139.24655,36.26499],[139.24657,36.26458],[139.24657,36.26408],[139.24582,36.2638],[139.24583,36.26379],[139.24448,36.26328],[139.24471,36.26303],[139.24355,36.26244],[139.24339,36.2624],[139.24285,36.26233],[139.24206,36.26216],[139.24171,36.26208],[139.24114,36.26192],[139.24007,36.26169],[139.23966,36.26164],[139.23938,36.26162],[139.23915,36.26146],[139.23748,36.26109],[139.23731,36.26168],[139.23732,36.26199],[139.23728,36.26198],[139.23731,36.26238],[139.23707,36.26254],[139.23699,36.26284],[139.23691,36.26306],[139.23682,36.26321],[139.23669,36.26337],[139.23657,36.26345],[139.23619,36.26376],[139.23577,36.26403],[139.23542,36.26429],[139.23485,36.26472],[139.23409,36.2653],[139.23349,36.26587],[139.23312,36.26624],[139.232,36.26603],[139.23193,36.26605],[139.23183,36.26611],[139.23179,36.26612],[139.23135,36.26619],[139.23114,36.26637],[139.23076,36.26638],[139.23081,36.26693],[139.23043,36.26701],[139.23039,36.26722],[139.23044,36.26733],[139.23048,36.26735],[139.2303,36.26757],[139.23021,36.26767],[139.23025,36.26771],[139.23005,36.26812],[139.22979,36.26904],[139.22981,36.26909],[139.2294,36.26963],[139.22925,36.26994],[139.22918,36.27011],[139.22947,36.27018],[139.22936,36.27059],[139.22902,36.27053],[139.22899,36.27057],[139.22901,36.27065],[139.22901,36.27074],[139.22901,36.27084],[139.229,36.2712],[139.22943,36.27135]]]}},{"type":"Feature","properties":{"name":"広瀬小学校","address":"伊勢崎市新栄町4074-1"},"geometry":{"type":"Polygon","coordinates":[[[139.1974,36.30455],[139.19816,36.3045],[139.1988,36.30448],[139.19926,36.30449],[139.19965,36.30448],[139.20014,36.30445],[139.20046,36.3044],[139.20089,36.30424],[139.20118,36.30408],[139.20172,36.30369],[139.20201,36.30319],[139.20223,36.30261],[139.20238,36.30179],[139.20263,36.30102],[139.20326,36.29987],[139.20336,36.29966],[139.20368,36.2992],[139.20416,36.29873],[139.20466,36.2982],[139.20509,36.29763],[139.20533,36.29715],[139.20568,36.29599],[139.20591,36.29538],[139.20614,36.29441],[139.20626,36.29364],[139.20647,36.29179],[139.20657,36.29083],[139.20695,36.28979],[139.20627,36.29015],[139.20637,36.28995],[139.20606,36.28987],[139.20597,36.28998],[139.2058,36.2902],[139.20567,36.29035],[139.2056,36.2903],[139.20486,36.28968],[139.20398,36.28894],[139.20243,36.28747],[139.20166,36.28801],[139.2013,36.28762],[139.20058,36.28812],[139.19941,36.28891],[139.19266,36.29331],[139.19657,36.29635],[139.19688,36.29639],[139.19705,36.29645],[139.19707,36.2966],[139.19705,36.2968],[139.19749,36.29712],[139.19726,36.29721],[139.19665,36.29713],[139.19631,36.29703],[139.19502,36.29693],[139.19417,36.29687],[139.19382,36.29688],[139.19341,36.29703],[139.19302,36.29726],[139.19257,36.29757],[139.19212,36.29776],[139.19097,36.29803],[139.19002,36.29819],[139.18874,36.29848],[139.18764,36.29872],[139.18673,36.29894],[139.18587,36.29915],[139.18529,36.29913],[139.18448,36.29903],[139.18381,36.29898],[139.18319,36.29903],[139.18274,36.29906],[139.18254,36.29915],[139.18239,36.29931],[139.18242,36.29978],[139.18265,36.30077],[139.18267,36.30083],[139.18273,36.30113],[139.18289,36.30181],[139.18392,36.30582],[139.18392,36.30645],[139.1825,36.30719],[139.18121,36.30777],[139.18106,36.30782],[139.18157,36.30847],[139.18161,36.30894],[139.18176,36.31001],[139.18314,36.3099],[139.1832,36.31224],[139.18395,36.31215],[139.18729,36.31189],[139.18741,36.31159],[139.18762,36.31128],[139.18769,36.31118],[139.18796,36.31091],[139.18821,36.31068],[139.18832,36.31058],[139.18852,36.31049],[139.18877,36.31038],[139.18947,36.31012],[139.18956,36.31009],[139.19061,36.30968],[139.19157,36.30928],[139.19239,36.30852],[139.19282,36.30804],[139.19336,36.30726],[139.19384,36.30678],[139.19416,36.30646],[139.19458,36.30564],[139.19561,36.3051],[139.19645,36.30481],[139.1974,36.30455]]]}},{"type":"Feature","properties":{"name":"殖蓮第二小学校","address":"伊勢崎市下植木町1203"},"geometry":{"type":"Polygon","coordinates":[[[139.20719,36.31546],[139.20631,36.31546],[139.20551,36.31545],[139.2047,36.31545],[139.20468,36.31545],[139.20401,36.31545],[139.20327,36.31545],[139.2033,36.31592],[139.20331,36.31614],[139.20333,36.31677],[139.20337,36.31772],[139.20341,36.31826],[139.20341,36.31866],[139.20319,36.31866],[139.20316,36.31895],[139.20315,36.31903],[139.20312,36.31919],[139.20287,36.31976],[139.20291,36.31985],[139.20292,36.31992],[139.20282,36.32008],[139.20282,36.32015],[139.2027,36.32033],[139.20263,36.32064],[139.2025,36.32077],[139.20251,36.32084],[139.20251,36.32086],[139.20254,36.32094],[139.20264,36.32108],[139.20273,36.32136],[139.20285,36.32148],[139.20288,36.32167],[139.20295,36.32183],[139.20313,36.32203],[139.2033,36.32221],[139.20323,36.32242],[139.20324,36.32256],[139.20346,36.32259],[139.20363,36.32263],[139.20364,36.32292],[139.20326,36.32348],[139.20309,36.3239],[139.20288,36.32479],[139.20369,36.32491],[139.20431,36.32501],[139.20752,36.32545],[139.20781,36.32549],[139.20843,36.32559],[139.20867,36.32562],[139.21016,36.32585],[139.21066,36.32592],[139.21133,36.32603],[139.21236,36.32624],[139.21294,36.32647],[139.21611,36.32812],[139.21845,36.32936],[139.22063,36.33056],[139.22064,36.33052],[139.22378,36.33212],[139.22594,36.3333],[139.22593,36.33276],[139.22576,36.33265],[139.22563,36.33253],[139.22546,36.33235],[139.2254,36.33217],[139.22533,36.33209],[139.22489,36.33197],[139.22559,36.33032],[139.22569,36.33034],[139.22598,36.32963],[139.22634,36.32973],[139.22703,36.32993],[139.22739,36.32909],[139.22775,36.32831],[139.2286,36.32856],[139.22895,36.32767],[139.23012,36.32797],[139.23023,36.3277],[139.23049,36.32708],[139.23094,36.32722],[139.23284,36.32773],[139.23378,36.32562],[139.23326,36.32548],[139.23239,36.32522],[139.23312,36.32351],[139.23284,36.32338],[139.23161,36.32302],[139.23152,36.323],[139.23199,36.32181],[139.23225,36.32114],[139.23356,36.32184],[139.23363,36.32178],[139.23376,36.32152],[139.23399,36.32105],[139.234,36.32091],[139.23387,36.32088],[139.23351,36.32075],[139.23262,36.32054],[139.23254,36.32052],[139.23269,36.32005],[139.23436,36.32012],[139.23426,36.31995],[139.23425,36.31966],[139.23426,36.31936],[139.23418,36.31916],[139.23419,36.31899],[139.23425,36.31887],[139.23437,36.31875],[139.23432,36.3186],[139.2344,36.31843],[139.23448,36.3183],[139.23453,36.31816],[139.2346,36.31806],[139.2348,36.31802],[139.23506,36.31793],[139.23535,36.31775],[139.23562,36.31754],[139.23599,36.31727],[139.23609,36.31715],[139.23639,36.31685],[139.23674,36.31654],[139.23693,36.3164],[139.2372,36.31626],[139.2374,36.31617],[139.23749,36.31624],[139.2378,36.31611],[139.23796,36.31608],[139.23816,36.31605],[139.23847,36.31597],[139.23866,36.31591],[139.23881,36.31582],[139.2389,36.31571],[139.239,36.31557],[139.23908,36.31539],[139.23913,36.31524],[139.23917,36.31517],[139.23861,36.31514],[139.23831,36.31513],[139.23815,36.31515],[139.23795,36.31518],[139.23778,36.31519],[139.23695,36.31512],[139.23576,36.31499],[139.23368,36.31477],[139.2319,36.31457],[139.22998,36.31438],[139.22885,36.31425],[139.22854,36.31421],[139.22844,36.31419],[139.22823,36.31418],[139.22804,36.31416],[139.22787,36.31415],[139.22768,36.31415],[139.22744,36.31416],[139.22736,36.31416],[139.22709,36.31414],[139.2268,36.31411],[139.22654,36.31409],[139.22626,36.31408],[139.22614,36.31408],[139.226,36.3141],[139.2259,36.31411],[139.22571,36.31412],[139.22541,36.31414],[139.22518,36.31415],[139.22484,36.31416],[139.22463,36.31417],[139.2245,36.31417],[139.22439,36.31416],[139.22424,36.31414],[139.22408,36.31412],[139.22403,36.31412],[139.2238,36.31414],[139.22358,36.31415],[139.22347,36.31414],[139.22334,36.31413],[139.22322,36.31411],[139.22316,36.31409],[139.22293,36.31404],[139.22282,36.31401],[139.22259,36.31392],[139.22226,36.3138],[139.22197,36.3137],[139.22159,36.31416],[139.22155,36.31425],[139.22119,36.31428],[139.21807,36.31463],[139.21561,36.31488],[139.21439,36.31501],[139.21292,36.31517],[139.21207,36.31525],[139.21088,36.31538],[139.20969,36.31551],[139.20855,36.31562],[139.2079,36.31547],[139.20719,36.31546]]]}},{"type":"Feature","properties":{"name":"豊受小学校","address":"伊勢崎市馬見塚町1130"},"geometry":{"type":"Polygon","coordinates":[[[139.21149,36.29143],[139.21227,36.29113],[139.21234,36.29125],[139.21265,36.29157],[139.21373,36.29105],[139.21447,36.29083],[139.21448,36.29083],[139.21491,36.29069],[139.21559,36.29045],[139.21587,36.29035],[139.21564,36.28989],[139.21543,36.28929],[139.2152,36.28936],[139.21495,36.28887],[139.21507,36.28881],[139.21542,36.28868],[139.21557,36.28863],[139.21601,36.28848],[139.21615,36.28839],[139.21639,36.28826],[139.2165,36.28819],[139.21652,36.28818],[139.21683,36.28767],[139.21698,36.28734],[139.21707,36.2871],[139.21729,36.28659],[139.21778,36.28626],[139.21715,36.28569],[139.21739,36.28564],[139.21784,36.28552],[139.21819,36.28539],[139.21834,36.28534],[139.21846,36.28533],[139.21862,36.28533],[139.21871,36.28526],[139.21872,36.28525],[139.21878,36.28525],[139.21939,36.28527],[139.22011,36.28529],[139.22013,36.28525],[139.22014,36.28497],[139.22017,36.28447],[139.22017,36.28402],[139.22017,36.28392],[139.22017,36.28392],[139.22022,36.28284],[139.22023,36.28277],[139.22136,36.28279],[139.22182,36.28279],[139.22183,36.28245],[139.22274,36.28247],[139.22281,36.28227],[139.22286,36.28218],[139.22292,36.28207],[139.22308,36.28181],[139.2232,36.28167],[139.22328,36.28158],[139.22338,36.28147],[139.22362,36.28126],[139.22379,36.28111],[139.22394,36.28096],[139.22401,36.28086],[139.22407,36.28077],[139.22416,36.28051],[139.22409,36.28031],[139.2242,36.28031],[139.22419,36.28028],[139.22417,36.2802],[139.22409,36.28009],[139.22396,36.27987],[139.22389,36.27967],[139.22367,36.27909],[139.22349,36.27931],[139.22332,36.27886],[139.2235,36.27861],[139.22395,36.27795],[139.22416,36.27765],[139.22797,36.27776],[139.2281,36.27777],[139.22788,36.27742],[139.22749,36.27678],[139.22715,36.27622],[139.2271,36.27609],[139.22708,36.27571],[139.22711,36.27552],[139.22718,36.2754],[139.22733,36.27523],[139.22756,36.27505],[139.22819,36.27476],[139.22837,36.27469],[139.2286,36.27466],[139.22884,36.27466],[139.22914,36.27472],[139.22939,36.27479],[139.22941,36.27474],[139.22919,36.27457],[139.229,36.27411],[139.22885,36.27379],[139.22895,36.27366],[139.22898,36.27362],[139.22904,36.27321],[139.22905,36.27317],[139.22853,36.2731],[139.22853,36.27306],[139.22862,36.27251],[139.22866,36.27248],[139.22872,36.27215],[139.22875,36.2719],[139.22879,36.27173],[139.22885,36.27151],[139.22896,36.2715],[139.22906,36.2715],[139.22917,36.27146],[139.22926,36.27142],[139.22943,36.27135],[139.229,36.2712],[139.22901,36.27084],[139.22901,36.27074],[139.22901,36.27065],[139.22899,36.27057],[139.22902,36.27053],[139.22936,36.27059],[139.22947,36.27018],[139.22918,36.27011],[139.22925,36.26994],[139.2294,36.26963],[139.22981,36.26909],[139.22979,36.26904],[139.23005,36.26812],[139.23025,36.26771],[139.23021,36.26767],[139.2303,36.26757],[139.23048,36.26735],[139.23044,36.26733],[139.23039,36.26722],[139.23043,36.26701],[139.23081,36.26693],[139.23076,36.26638],[139.23114,36.26637],[139.23135,36.26619],[139.23179,36.26612],[139.23183,36.26611],[139.23193,36.26605],[139.232,36.26603],[139.23312,36.26624],[139.23349,36.26587],[139.23409,36.2653],[139.23485,36.26472],[139.23542,36.26429],[139.23577,36.26403],[139.23619,36.26376],[139.23657,36.26345],[139.23669,36.26337],[139.23682,36.26321],[139.23691,36.26306],[139.23699,36.26284],[139.23707,36.26254],[139.23731,36.26238],[139.23728,36.26198],[139.23722,36.26183],[139.23621,36.26223],[139.23676,36.261],[139.23656,36.26091],[139.23529,36.26107],[139.23549,36.2606],[139.23436,36.26057],[139.23361,36.26055],[139.23275,36.26053],[139.23174,36.26069],[139.23171,36.2607],[139.23015,36.26116],[139.22947,36.26143],[139.229,36.2616],[139.22828,36.2616],[139.22782,36.26125],[139.22711,36.26105],[139.22641,36.2608],[139.22532,36.26005],[139.22463,36.25923],[139.2245,36.25903],[139.22401,36.2583],[139.22382,36.2583],[139.22377,36.2583],[139.22373,36.25831],[139.2234,36.25825],[139.22327,36.25823],[139.22253,36.2581],[139.22068,36.25778],[139.21831,36.25738],[139.217,36.25715],[139.21641,36.25706],[139.21612,36.25701],[139.21583,36.25694],[139.21537,36.25687],[139.21452,36.25672],[139.21333,36.25652],[139.21215,36.25634],[139.2117,36.25623],[139.21164,36.25625],[139.21161,36.25641],[139.21164,36.25673],[139.21167,36.25708],[139.2117,36.25734],[139.21172,36.25758],[139.21173,36.2577],[139.21174,36.25784],[139.21186,36.25914],[139.21192,36.25991],[139.21193,36.25995],[139.21195,36.26008],[139.21198,36.26017],[139.21184,36.2602],[139.21183,36.2602],[139.21157,36.26017],[139.21153,36.26027],[139.21148,36.26035],[139.21148,36.26036],[139.21119,36.26104],[139.21106,36.26126],[139.21101,36.26136],[139.2109,36.26145],[139.21086,36.26148],[139.21083,36.2615],[139.21077,36.26152],[139.21076,36.26152],[139.21063,36.26143],[139.21052,36.26134],[139.21039,36.26131],[139.21024,36.26127],[139.21011,36.26131],[139.20999,36.26137],[139.20986,36.26148],[139.209,36.26203],[139.2085,36.26233],[139.20826,36.26246],[139.20808,36.26252],[139.20783,36.26259],[139.20782,36.26259],[139.20736,36.26271],[139.20729,36.26273],[139.20724,36.26274],[139.20693,36.26282],[139.20692,36.26282],[139.20663,36.2629],[139.20627,36.26296],[139.20588,36.26303],[139.20557,36.26309],[139.20553,36.2631],[139.20539,36.26313],[139.20538,36.26313],[139.20528,36.26314],[139.20525,36.26315],[139.20525,36.26315],[139.20512,36.26311],[139.20505,36.26302],[139.20493,36.26286],[139.20475,36.2627],[139.20461,36.26263],[139.20452,36.26258],[139.20436,36.26253],[139.20425,36.26251],[139.20397,36.26246],[139.20361,36.2624],[139.20336,36.2624],[139.20329,36.2624],[139.20328,36.2624],[139.20295,36.26247],[139.20239,36.26257],[139.20231,36.26258],[139.20197,36.26265],[139.20196,36.26265],[139.20187,36.26265],[139.20173,36.26264],[139.20171,36.26264],[139.20151,36.26264],[139.20119,36.2626],[139.20107,36.26258],[139.20106,36.26261],[139.19981,36.2659],[139.1993,36.26733],[139.20114,36.26729],[139.20165,36.26926],[139.19652,36.27095],[139.19657,36.27168],[139.19666,36.27255],[139.19683,36.2742],[139.197,36.27691],[139.19707,36.27768],[139.19712,36.27768],[139.19714,36.27834],[139.19729,36.27834],[139.19771,36.27794],[139.19771,36.27823],[139.19793,36.27814],[139.19817,36.27816],[139.19813,36.27862],[139.19756,36.27864],[139.19726,36.27887],[139.19724,36.27924],[139.19797,36.27931],[139.19806,36.27955],[139.19805,36.2797],[139.19804,36.27993],[139.19786,36.27994],[139.19768,36.27994],[139.19763,36.2817],[139.19715,36.28176],[139.19708,36.28286],[139.19761,36.28389],[139.19804,36.2837],[139.19849,36.28427],[139.1991,36.28497],[139.19885,36.28528],[139.19943,36.28568],[139.19999,36.28611],[139.20018,36.28656],[139.20028,36.28685],[139.20031,36.28699],[139.20036,36.28731],[139.20058,36.28812],[139.2013,36.28762],[139.20166,36.28801],[139.20243,36.28747],[139.20398,36.28894],[139.20486,36.28968],[139.2056,36.2903],[139.20567,36.29035],[139.2058,36.2902],[139.20597,36.28998],[139.20606,36.28987],[139.20637,36.28995],[139.20627,36.29015],[139.20695,36.28979],[139.20725,36.28945],[139.20768,36.28903],[139.20811,36.28862],[139.20824,36.28817],[139.20884,36.28773],[139.20995,36.28862],[139.21045,36.28904],[139.2105,36.28908],[139.2108,36.28933],[139.21115,36.28963],[139.21022,36.2903],[139.20918,36.29112],[139.20993,36.29163],[139.20995,36.29205],[139.21149,36.29143]]]}},{"type":"Feature","properties":{"name":"名和小学校","address":"伊勢崎市堀口町502-1"},"geometry":{"type":"Polygon","coordinates":[[[139.15728,36.29702],[139.15718,36.29723],[139.15687,36.29792],[139.15682,36.29802],[139.15661,36.29848],[139.1567,36.29851],[139.1568,36.29853],[139.16151,36.29955],[139.16238,36.29974],[139.16184,36.30224],[139.16165,36.30222],[139.16158,36.30242],[139.16153,36.30251],[139.16145,36.30262],[139.16135,36.30271],[139.16126,36.30281],[139.16119,36.30295],[139.16099,36.30349],[139.16152,36.30357],[139.16144,36.30398],[139.16116,36.30509],[139.16118,36.30516],[139.1612,36.30522],[139.16122,36.30534],[139.16128,36.30548],[139.16138,36.30564],[139.16156,36.30586],[139.16159,36.30596],[139.16161,36.30603],[139.16166,36.30603],[139.16202,36.3058],[139.16279,36.30535],[139.16348,36.30499],[139.16358,36.30497],[139.16368,36.30498],[139.16399,36.30504],[139.16413,36.30435],[139.16512,36.30464],[139.16648,36.30455],[139.16635,36.30519],[139.16631,36.30539],[139.16622,36.30591],[139.16604,36.30692],[139.1658,36.30833],[139.16567,36.30907],[139.16548,36.31012],[139.16576,36.31017],[139.16596,36.3102],[139.16606,36.31022],[139.16631,36.31022],[139.16645,36.31024],[139.16661,36.31028],[139.16667,36.31046],[139.16674,36.31065],[139.16686,36.31087],[139.16702,36.31113],[139.16719,36.31133],[139.16733,36.31145],[139.16756,36.3116],[139.16789,36.3118],[139.16821,36.31198],[139.16857,36.31174],[139.16881,36.31158],[139.16938,36.31137],[139.16963,36.31128],[139.1699,36.31122],[139.1702,36.31113],[139.17036,36.31111],[139.1705,36.31109],[139.17071,36.31105],[139.17086,36.31103],[139.17112,36.311],[139.17131,36.31099],[139.17164,36.31097],[139.17294,36.3109],[139.17378,36.31087],[139.17411,36.31083],[139.17438,36.31078],[139.17451,36.31075],[139.17459,36.31072],[139.17469,36.31067],[139.17478,36.31061],[139.17488,36.31055],[139.1749,36.31054],[139.17497,36.3105],[139.17524,36.31034],[139.17571,36.31003],[139.17651,36.30951],[139.17693,36.30924],[139.17735,36.30901],[139.17768,36.30878],[139.17795,36.30863],[139.17819,36.3085],[139.17843,36.30839],[139.17869,36.3083],[139.179,36.30822],[139.1798,36.30813],[139.17982,36.30813],[139.18028,36.30805],[139.18061,36.30797],[139.18106,36.30782],[139.18121,36.30777],[139.1825,36.30719],[139.18392,36.30645],[139.18392,36.30582],[139.18289,36.30181],[139.18273,36.30113],[139.18267,36.30083],[139.18265,36.30077],[139.18242,36.29978],[139.18239,36.29931],[139.18254,36.29915],[139.18274,36.29906],[139.18319,36.29903],[139.18381,36.29898],[139.18448,36.29903],[139.18529,36.29913],[139.18587,36.29915],[139.18673,36.29894],[139.18764,36.29872],[139.18874,36.29848],[139.19002,36.29819],[139.19097,36.29803],[139.19212,36.29776],[139.19257,36.29757],[139.19302,36.29726],[139.19341,36.29703],[139.19382,36.29688],[139.19417,36.29687],[139.19502,36.29693],[139.19631,36.29703],[139.19665,36.29713],[139.19726,36.29721],[139.19749,36.29712],[139.19705,36.2968],[139.19707,36.2966],[139.19705,36.29645],[139.19688,36.29639],[139.19657,36.29635],[139.19266,36.29331],[139.19941,36.28891],[139.19846,36.28802],[139.19742,36.28702],[139.19665,36.28626],[139.19577,36.28683],[139.19536,36.28646],[139.1949,36.286],[139.19573,36.2853],[139.19532,36.28451],[139.1923,36.28564],[139.19213,36.28568],[139.19188,36.28574],[139.19086,36.28608],[139.19047,36.28485],[139.18952,36.28516],[139.18799,36.28564],[139.18778,36.28494],[139.18778,36.28494],[139.18761,36.2843],[139.18735,36.28333],[139.18725,36.28292],[139.18594,36.28295],[139.18517,36.28298],[139.18511,36.28283],[139.18513,36.28279],[139.18528,36.28243],[139.18533,36.28221],[139.18535,36.28208],[139.18534,36.28194],[139.18534,36.28181],[139.18531,36.28148],[139.18525,36.28123],[139.18523,36.28105],[139.18529,36.28082],[139.18536,36.28054],[139.18537,36.28047],[139.18367,36.28071],[139.18219,36.28054],[139.18228,36.28004],[139.18138,36.27997],[139.18008,36.27985],[139.17994,36.27982],[139.17986,36.27978],[139.17915,36.27898],[139.17637,36.276],[139.17323,36.27274],[139.17285,36.27293],[139.17271,36.27301],[139.17246,36.27315],[139.17243,36.27316],[139.17223,36.27326],[139.17191,36.2734],[139.17191,36.2734],[139.17137,36.27372],[139.17152,36.2739],[139.17158,36.27397],[139.17158,36.27399],[139.17157,36.2742],[139.17161,36.27468],[139.17169,36.2762],[139.17175,36.27742],[139.17168,36.27752],[139.17129,36.27796],[139.17057,36.27882],[139.17047,36.27893],[139.1691,36.28054],[139.16838,36.28141],[139.16819,36.28163],[139.16819,36.28164],[139.16783,36.28207],[139.16732,36.28268],[139.16709,36.28295],[139.16697,36.28309],[139.16693,36.28315],[139.16686,36.28324],[139.16679,36.28331],[139.16669,36.28343],[139.16631,36.28389],[139.1662,36.28401],[139.16594,36.28432],[139.1659,36.28436],[139.16582,36.28447],[139.1656,36.28473],[139.16545,36.2849],[139.16544,36.28491],[139.16473,36.28577],[139.16468,36.28584],[139.16455,36.28597],[139.16443,36.28609],[139.16417,36.28643],[139.16409,36.28652],[139.16403,36.28656],[139.16397,36.28659],[139.1638,36.28668],[139.16359,36.28679],[139.16307,36.2871],[139.1626,36.28736],[139.16237,36.28749],[139.16215,36.28762],[139.16145,36.28802],[139.1614,36.28811],[139.16133,36.28824],[139.16114,36.28858],[139.16106,36.28877],[139.16095,36.28904],[139.16095,36.28904],[139.16072,36.28953],[139.16069,36.2896],[139.16043,36.29018],[139.16035,36.29035],[139.16032,36.29042],[139.16004,36.2911],[139.15981,36.29155],[139.15973,36.29173],[139.15921,36.29284],[139.15906,36.29316],[139.15864,36.29406],[139.15846,36.29447],[139.15837,36.29465],[139.1583,36.29481],[139.15816,36.29511],[139.15764,36.29623],[139.15739,36.29679],[139.15737,36.29683],[139.15728,36.29702]]]}},{"type":"Feature","properties":{"name":"宮郷小学校","address":"伊勢崎市田中島町1475-4"},"geometry":{"type":"Polygon","coordinates":[[[139.16646,36.33749],[139.16649,36.3375],[139.16653,36.33752],[139.16657,36.33756],[139.16661,36.3376],[139.16661,36.3376],[139.16667,36.33756],[139.16743,36.33618],[139.16808,36.33497],[139.16829,36.33455],[139.16866,36.33369],[139.16865,36.33369],[139.16883,36.33323],[139.16905,36.33278],[139.16915,36.33254],[139.16982,36.33143],[139.1704,36.33059],[139.17052,36.33042],[139.17101,36.32983],[139.1715,36.32938],[139.17117,36.32898],[139.17081,36.3286],[139.17068,36.32846],[139.1702,36.32808],[139.16988,36.32789],[139.1696,36.32774],[139.16898,36.32737],[139.16932,36.32691],[139.16854,36.32669],[139.16936,36.32527],[139.16958,36.32476],[139.16989,36.32379],[139.16921,36.32403],[139.16919,36.32374],[139.16918,36.32329],[139.169,36.323],[139.16924,36.32286],[139.16912,36.32255],[139.16912,36.32243],[139.16906,36.32217],[139.16905,36.32167],[139.16873,36.32173],[139.16867,36.32154],[139.16866,36.32134],[139.16866,36.32084],[139.16908,36.32069],[139.16882,36.31994],[139.16868,36.31993],[139.16864,36.31973],[139.16891,36.31968],[139.16899,36.3194],[139.16864,36.31905],[139.16881,36.31888],[139.16884,36.3187],[139.16883,36.31821],[139.16884,36.31771],[139.16778,36.31768],[139.16784,36.3167],[139.16784,36.31621],[139.16575,36.31616],[139.16526,36.31617],[139.16526,36.31508],[139.16578,36.31487],[139.16598,36.31476],[139.16617,36.31464],[139.16634,36.31453],[139.16645,36.31445],[139.16666,36.31425],[139.16671,36.31418],[139.16681,36.31405],[139.16694,36.31377],[139.16697,36.3137],[139.16698,36.31362],[139.16698,36.31354],[139.16696,36.31345],[139.16695,36.31332],[139.16694,36.31322],[139.16694,36.31306],[139.16695,36.31296],[139.16697,36.31288],[139.16702,36.31282],[139.16712,36.31272],[139.16732,36.31258],[139.16775,36.31227],[139.16806,36.31207],[139.16821,36.31198],[139.16789,36.3118],[139.16756,36.3116],[139.16733,36.31145],[139.16719,36.31133],[139.16702,36.31113],[139.16686,36.31087],[139.16674,36.31065],[139.16667,36.31046],[139.16661,36.31028],[139.16645,36.31024],[139.16631,36.31022],[139.16606,36.31022],[139.16596,36.3102],[139.16576,36.31017],[139.16548,36.31012],[139.16567,36.30907],[139.1658,36.30833],[139.16604,36.30692],[139.16622,36.30591],[139.16631,36.30539],[139.16635,36.30519],[139.16648,36.30455],[139.16512,36.30464],[139.16413,36.30435],[139.16399,36.30504],[139.16368,36.30498],[139.16358,36.30497],[139.16348,36.30499],[139.16279,36.30535],[139.16202,36.3058],[139.16166,36.30603],[139.16161,36.30603],[139.16159,36.30596],[139.16156,36.30586],[139.16138,36.30564],[139.16128,36.30548],[139.16122,36.30534],[139.1612,36.30522],[139.16118,36.30516],[139.16116,36.30509],[139.16144,36.30398],[139.16152,36.30357],[139.16099,36.30349],[139.16119,36.30295],[139.16126,36.30281],[139.16135,36.30271],[139.16145,36.30262],[139.16153,36.30251],[139.16158,36.30242],[139.16165,36.30222],[139.16184,36.30224],[139.16238,36.29974],[139.16151,36.29955],[139.1568,36.29853],[139.1567,36.29851],[139.15661,36.29848],[139.15643,36.29888],[139.156,36.2998],[139.15578,36.30028],[139.15572,36.30038],[139.15563,36.30057],[139.15537,36.30112],[139.15503,36.30181],[139.15473,36.30235],[139.15442,36.30274],[139.15436,36.30281],[139.15434,36.30283],[139.15431,36.30285],[139.15418,36.30296],[139.15393,36.3032],[139.15379,36.30333],[139.15357,36.30348],[139.15275,36.30395],[139.15212,36.3043],[139.15201,36.30436],[139.15126,36.30478],[139.15109,36.30488],[139.15066,36.30512],[139.15025,36.30536],[139.14961,36.30575],[139.1496,36.30576],[139.14943,36.30586],[139.1493,36.30591],[139.14899,36.30604],[139.14889,36.30607],[139.14871,36.3061],[139.14855,36.30614],[139.14811,36.3062],[139.148,36.30622],[139.14734,36.30632],[139.14634,36.30649],[139.14633,36.30649],[139.14557,36.30661],[139.14531,36.30665],[139.14499,36.3067],[139.1445,36.30677],[139.14393,36.30687],[139.14352,36.30694],[139.14328,36.30699],[139.14282,36.30713],[139.14253,36.30725],[139.14252,36.30725],[139.14236,36.30732],[139.1423,36.30733],[139.14209,36.30736],[139.14165,36.30748],[139.14119,36.30762],[139.14094,36.30768],[139.14092,36.30768],[139.14076,36.30773],[139.14096,36.30814],[139.14116,36.30853],[139.1413,36.30886],[139.1413,36.30907],[139.14131,36.3092],[139.14133,36.30927],[139.14146,36.30951],[139.14191,36.30935],[139.14206,36.30928],[139.14224,36.3092],[139.14246,36.30907],[139.14262,36.30899],[139.14288,36.30894],[139.14303,36.30894],[139.14313,36.30893],[139.14345,36.30883],[139.1436,36.30876],[139.14382,36.30866],[139.14398,36.30861],[139.14405,36.30861],[139.14402,36.30867],[139.14392,36.30874],[139.14379,36.30884],[139.14332,36.30918],[139.1429,36.30953],[139.14279,36.30962],[139.14233,36.30999],[139.14228,36.31004],[139.14221,36.31009],[139.1422,36.3101],[139.14222,36.31012],[139.14225,36.31015],[139.14229,36.31019],[139.14232,36.31022],[139.1424,36.3103],[139.14251,36.31042],[139.14252,36.31042],[139.14259,36.31049],[139.14245,36.31059],[139.14222,36.31079],[139.14208,36.31095],[139.14204,36.311],[139.14188,36.31119],[139.14161,36.31161],[139.14144,36.31189],[139.14132,36.31216],[139.14098,36.3129],[139.14045,36.31404],[139.14034,36.31429],[139.13986,36.31533],[139.1396,36.31577],[139.13944,36.31599],[139.1392,36.31636],[139.13918,36.31638],[139.13905,36.31657],[139.13863,36.31702],[139.13786,36.31786],[139.13776,36.31796],[139.1387,36.31797],[139.13873,36.31797],[139.13886,36.31797],[139.13886,36.31807],[139.13886,36.31808],[139.13885,36.31826],[139.13882,36.31956],[139.13879,36.32105],[139.13877,36.32173],[139.13872,36.32379],[139.13871,36.32433],[139.1387,36.32644],[139.13851,36.32644],[139.13819,36.32644],[139.13767,36.32642],[139.13741,36.32641],[139.1374,36.32659],[139.1374,36.32659],[139.13739,36.32673],[139.13738,36.32702],[139.13734,36.32934],[139.13734,36.32955],[139.1373,36.33147],[139.13726,36.33147],[139.1372,36.33147],[139.13626,36.33144],[139.13625,36.33161],[139.13624,36.33165],[139.13623,36.33189],[139.13621,36.33305],[139.13618,36.33434],[139.13703,36.33437],[139.13766,36.33438],[139.13777,36.33438],[139.13781,36.33438],[139.13797,36.33439],[139.1381,36.33439],[139.13821,36.33439],[139.13897,36.33441],[139.13923,36.33443],[139.13937,36.33443],[139.13945,36.33444],[139.13954,36.33444],[139.13969,36.33445],[139.14003,36.33447],[139.14028,36.33447],[139.14048,36.33448],[139.14053,36.33448],[139.14169,36.3345],[139.14168,36.33463],[139.14168,36.33468],[139.14167,36.33512],[139.14166,36.33526],[139.14168,36.33537],[139.1417,36.33544],[139.14171,36.33547],[139.14184,36.33566],[139.14202,36.33595],[139.14209,36.33602],[139.14215,36.33609],[139.14215,36.33609],[139.14221,36.33617],[139.14228,36.33625],[139.14233,36.3363],[139.14239,36.33635],[139.14254,36.33648],[139.14273,36.33662],[139.14279,36.33673],[139.14286,36.33686],[139.14291,36.33695],[139.14295,36.33701],[139.14306,36.33712],[139.14311,36.33715],[139.14329,36.33723],[139.14335,36.33725],[139.14352,36.33733],[139.14361,36.33737],[139.14373,36.33743],[139.14376,36.33743],[139.14385,36.33745],[139.14399,36.33748],[139.14408,36.33751],[139.14413,36.33752],[139.14428,36.33755],[139.14426,36.33761],[139.14426,36.33764],[139.1447,36.33762],[139.14496,36.33761],[139.14515,36.3376],[139.14547,36.33758],[139.14587,36.33756],[139.14635,36.33754],[139.14639,36.33754],[139.1467,36.33758],[139.14686,36.3376],[139.14689,36.33761],[139.14695,36.33761],[139.14694,36.33821],[139.14694,36.33829],[139.14693,36.33861],[139.14691,36.33895],[139.14691,36.33896],[139.14688,36.33919],[139.1468,36.33935],[139.14674,36.33951],[139.1467,36.33977],[139.14668,36.33985],[139.14666,36.33998],[139.14662,36.34018],[139.1466,36.34026],[139.14659,36.34031],[139.14655,36.3405],[139.14658,36.34065],[139.14661,36.3408],[139.14663,36.34084],[139.14667,36.34089],[139.14677,36.34102],[139.14684,36.3411],[139.14689,36.34115],[139.14697,36.3412],[139.14709,36.34128],[139.14717,36.34133],[139.14718,36.34133],[139.14732,36.34138],[139.14775,36.34118],[139.1479,36.34116],[139.14806,36.34112],[139.14851,36.34112],[139.14895,36.34109],[139.14939,36.34128],[139.14994,36.34151],[139.14999,36.34153],[139.15041,36.34172],[139.15066,36.34184],[139.1508,36.34192],[139.15085,36.34195],[139.151,36.34206],[139.15118,36.34219],[139.15118,36.34219],[139.15188,36.3419],[139.1522,36.34177],[139.15242,36.34168],[139.15272,36.34157],[139.15297,36.34147],[139.15298,36.34147],[139.15306,36.34144],[139.15362,36.34123],[139.15365,36.34122],[139.15379,36.34115],[139.15388,36.34111],[139.15412,36.34101],[139.15429,36.34092],[139.15442,36.34083],[139.15461,36.34068],[139.15462,36.34067],[139.15471,36.34069],[139.15478,36.34071],[139.15492,36.34074],[139.1553,36.34083],[139.15556,36.34083],[139.15593,36.34027],[139.15601,36.34006],[139.15612,36.33995],[139.15628,36.3397],[139.15649,36.33947],[139.15673,36.33928],[139.15692,36.33915],[139.15713,36.33905],[139.15741,36.33896],[139.15776,36.33886],[139.15807,36.33881],[139.15897,36.3387],[139.1594,36.33866],[139.1599,36.33862],[139.16023,36.33859],[139.16045,36.33854],[139.16076,36.33849],[139.16133,36.33838],[139.16144,36.33802],[139.16149,36.33785],[139.16149,36.33785],[139.16155,36.3377],[139.16157,36.33762],[139.16157,36.33761],[139.16251,36.33743],[139.16323,36.33732],[139.16375,36.33723],[139.16392,36.3372],[139.1643,36.33718],[139.16451,36.3372],[139.16466,36.33724],[139.16486,36.3373],[139.16486,36.3373],[139.16494,36.33732],[139.16517,36.33738],[139.16536,36.3374],[139.16563,36.33736],[139.16576,36.33734],[139.16596,36.33732],[139.16608,36.33732],[139.16617,36.33734],[139.16627,36.33739],[139.16639,36.33745],[139.16646,36.33749]]]}},{"type":"Feature","properties":{"name":"三郷小学校","address":"伊勢崎市波志江町1620"},"geometry":{"type":"Polygon","coordinates":[[[139.18667,36.36329],[139.1867,36.36334],[139.18686,36.36368],[139.18687,36.36369],[139.18698,36.36392],[139.18706,36.3641],[139.18706,36.36422],[139.18704,36.36437],[139.18703,36.3645],[139.18695,36.36459],[139.18693,36.36462],[139.18667,36.36485],[139.18657,36.36497],[139.18655,36.36504],[139.18666,36.36516],[139.18684,36.36524],[139.1869,36.36534],[139.18698,36.36545],[139.18709,36.36551],[139.18717,36.3655],[139.18718,36.36546],[139.18719,36.3654],[139.18721,36.36532],[139.18722,36.36529],[139.18725,36.36528],[139.18733,36.36525],[139.1878,36.36513],[139.18793,36.36512],[139.188,36.36511],[139.18825,36.36509],[139.18866,36.36499],[139.18903,36.36485],[139.18927,36.36517],[139.18941,36.36515],[139.18977,36.36513],[139.18985,36.36528],[139.19005,36.36511],[139.19016,36.36511],[139.1902,36.3651],[139.1904,36.36489],[139.19055,36.36479],[139.19074,36.36474],[139.19258,36.36434],[139.19287,36.36428],[139.19301,36.36427],[139.19347,36.36418],[139.19351,36.36417],[139.19434,36.36395],[139.195,36.36371],[139.19522,36.36366],[139.19563,36.36362],[139.1965,36.36353],[139.19681,36.3635],[139.19694,36.36348],[139.19703,36.36344],[139.19735,36.36331],[139.19753,36.36326],[139.19793,36.3632],[139.19873,36.363],[139.19923,36.36283],[139.19948,36.36274],[139.20013,36.36259],[139.19987,36.36133],[139.2008,36.3612],[139.20034,36.35894],[139.2009,36.35875],[139.20094,36.35858],[139.20099,36.35836],[139.20069,36.35845],[139.20081,36.35755],[139.20107,36.35568],[139.20107,36.35565],[139.20113,36.35534],[139.20203,36.35541],[139.20248,36.35248],[139.20286,36.34967],[139.20318,36.3475],[139.20419,36.34758],[139.20416,36.34734],[139.20478,36.34725],[139.20477,36.34716],[139.20517,36.34712],[139.20483,36.34668],[139.20463,36.34639],[139.2045,36.34613],[139.20437,36.34589],[139.20426,36.34574],[139.20421,36.3457],[139.20409,36.34561],[139.20381,36.34545],[139.2035,36.34537],[139.20305,36.34528],[139.20274,36.34519],[139.20258,36.34506],[139.20236,36.34478],[139.20211,36.3445],[139.20186,36.3443],[139.20172,36.34419],[139.20107,36.34369],[139.20101,36.34372],[139.20029,36.34405],[139.20024,36.34404],[139.19976,36.34391],[139.19908,36.34393],[139.19844,36.34398],[139.19834,36.34395],[139.1982,36.34394],[139.1979,36.34394],[139.19767,36.34396],[139.19762,36.34394],[139.1976,36.34394],[139.19752,36.34391],[139.19736,36.3439],[139.19683,36.34395],[139.19643,36.34399],[139.19616,36.34402],[139.19575,36.34408],[139.19554,36.34408],[139.19526,36.34406],[139.19442,36.34416],[139.19427,36.3442],[139.19421,36.34421],[139.19369,36.34436],[139.19361,36.34439],[139.19348,36.34444],[139.19315,36.34455],[139.193,36.34457],[139.193,36.34453],[139.19301,36.34448],[139.19301,36.34429],[139.19249,36.34379],[139.19248,36.34378],[139.19222,36.34343],[139.19211,36.34329],[139.19176,36.34285],[139.19103,36.34284],[139.19104,36.3421],[139.19042,36.34177],[139.19045,36.34177],[139.19023,36.34149],[139.19022,36.34149],[139.19005,36.34129],[139.1899,36.34118],[139.18983,36.34115],[139.18978,36.34111],[139.18971,36.34087],[139.18956,36.34032],[139.18946,36.33994],[139.18843,36.34008],[139.18868,36.33978],[139.18886,36.3396],[139.18873,36.33934],[139.18873,36.33917],[139.18876,36.33917],[139.18883,36.33861],[139.18933,36.33859],[139.18933,36.33858],[139.18939,36.33814],[139.18974,36.33807],[139.19027,36.33798],[139.19113,36.33783],[139.19131,36.33668],[139.19189,36.33675],[139.19189,36.33673],[139.19187,36.3363],[139.19187,36.33623],[139.19187,36.33583],[139.19181,36.33557],[139.19169,36.33517],[139.19158,36.33481],[139.19157,36.33464],[139.19159,36.33453],[139.19157,36.33434],[139.19138,36.33426],[139.1913,36.33422],[139.19122,36.33417],[139.19115,36.33405],[139.19101,36.33397],[139.19105,36.33376],[139.191,36.33354],[139.191,36.33299],[139.19095,36.33264],[139.19082,36.33217],[139.19076,36.33191],[139.19078,36.33177],[139.19078,36.3316],[139.19073,36.33148],[139.19066,36.33126],[139.19063,36.33106],[139.19062,36.33097],[139.19061,36.33078],[139.19073,36.33044],[139.19089,36.33004],[139.19063,36.33006],[139.19068,36.32966],[139.19059,36.32945],[139.19025,36.32951],[139.19037,36.32923],[139.1904,36.32907],[139.1902,36.32905],[139.19014,36.32881],[139.19014,36.32832],[139.19041,36.32826],[139.19042,36.32792],[139.19023,36.32791],[139.19022,36.32736],[139.18981,36.32747],[139.1893,36.32763],[139.18862,36.3279],[139.18835,36.32804],[139.18832,36.32797],[139.18834,36.32782],[139.18834,36.32768],[139.18831,36.32748],[139.18829,36.3273],[139.18834,36.32716],[139.18845,36.32695],[139.18851,36.32684],[139.1885,36.32682],[139.18844,36.326],[139.1884,36.32581],[139.18838,36.32563],[139.1882,36.32507],[139.18808,36.32479],[139.18795,36.32451],[139.1879,36.32441],[139.18776,36.32417],[139.18766,36.32394],[139.18777,36.32378],[139.18795,36.32357],[139.18747,36.32336],[139.18688,36.32335],[139.18627,36.32333],[139.18575,36.32333],[139.18569,36.32288],[139.18522,36.32292],[139.18515,36.32252],[139.18471,36.32252],[139.18447,36.32244],[139.18455,36.32225],[139.18424,36.32217],[139.18414,36.3224],[139.18407,36.32259],[139.18371,36.32245],[139.18359,36.32258],[139.18335,36.32245],[139.1832,36.32262],[139.18288,36.32244],[139.18279,36.32254],[139.18263,36.32244],[139.18254,36.32249],[139.18249,36.32259],[139.18227,36.32272],[139.18214,36.32255],[139.18206,36.3226],[139.18154,36.3229],[139.18146,36.32231],[139.18088,36.32238],[139.18095,36.32284],[139.18036,36.32292],[139.18004,36.32295],[139.18006,36.3231],[139.17988,36.32311],[139.1799,36.32326],[139.18017,36.32322],[139.18033,36.32364],[139.17934,36.32388],[139.1795,36.32433],[139.17859,36.32454],[139.17825,36.3252],[139.17755,36.32511],[139.17716,36.32497],[139.17692,36.32487],[139.17664,36.3252],[139.17645,36.32547],[139.17628,36.32575],[139.17618,36.32603],[139.17609,36.32619],[139.17603,36.32626],[139.17599,36.3266],[139.17576,36.32663],[139.17552,36.32671],[139.17501,36.32693],[139.17398,36.32754],[139.17368,36.3277],[139.17327,36.32793],[139.17288,36.32811],[139.17261,36.32829],[139.17246,36.32837],[139.17234,36.32848],[139.17221,36.32861],[139.17206,36.32873],[139.17193,36.3289],[139.17177,36.32907],[139.1715,36.32938],[139.17101,36.32983],[139.17052,36.33042],[139.1704,36.33059],[139.16982,36.33143],[139.16915,36.33254],[139.16905,36.33278],[139.16883,36.33323],[139.16865,36.33369],[139.16866,36.33369],[139.16829,36.33455],[139.16808,36.33497],[139.16743,36.33618],[139.16667,36.33756],[139.16661,36.3376],[139.16667,36.33766],[139.16679,36.3379],[139.16694,36.33825],[139.16694,36.33825],[139.16697,36.33832],[139.16697,36.33837],[139.16673,36.33876],[139.16625,36.33944],[139.16602,36.33973],[139.16571,36.34001],[139.16564,36.34004],[139.16529,36.34009],[139.16525,36.3401],[139.16524,36.34014],[139.16524,36.34017],[139.16524,36.34029],[139.16519,36.34037],[139.16497,36.3406],[139.16467,36.34089],[139.16451,36.34105],[139.16444,36.34112],[139.16427,36.34138],[139.16423,36.34145],[139.16414,36.3416],[139.16409,36.34175],[139.16408,36.34193],[139.16414,36.34206],[139.16421,36.34221],[139.16429,36.34233],[139.16432,36.34237],[139.16414,36.34248],[139.16417,36.34251],[139.16428,36.34266],[139.16437,36.34275],[139.16442,36.3428],[139.16455,36.34294],[139.16461,36.343],[139.16463,36.34302],[139.16467,36.34305],[139.16474,36.34309],[139.16491,36.34318],[139.16499,36.34324],[139.16503,36.34327],[139.16512,36.34334],[139.1652,36.34343],[139.1653,36.34357],[139.16531,36.34358],[139.16538,36.34369],[139.16539,36.3437],[139.1655,36.34383],[139.16551,36.34383],[139.16562,36.34396],[139.16563,36.34399],[139.16566,36.34412],[139.16566,36.34414],[139.16567,36.34417],[139.16567,36.34418],[139.16567,36.34419],[139.16567,36.34431],[139.16568,36.34478],[139.16572,36.34492],[139.16572,36.34493],[139.16577,36.34502],[139.16578,36.34504],[139.1658,36.34504],[139.16592,36.34511],[139.16603,36.34515],[139.16609,36.34517],[139.16628,36.34524],[139.1664,36.34528],[139.16661,36.34532],[139.16664,36.34533],[139.16664,36.34533],[139.16675,36.34535],[139.16688,36.34542],[139.16692,36.34544],[139.16703,36.3455],[139.1672,36.34563],[139.16757,36.34597],[139.16771,36.34609],[139.16795,36.34628],[139.1681,36.34637],[139.16824,36.34643],[139.16841,36.34648],[139.16861,36.34652],[139.16879,36.34658],[139.16903,36.34667],[139.16924,36.34678],[139.16932,36.34692],[139.16936,36.34701],[139.1694,36.34708],[139.16943,36.34715],[139.16951,36.34737],[139.16958,36.34752],[139.16969,36.3477],[139.16978,36.34781],[139.16985,36.34787],[139.17003,36.34795],[139.17023,36.34803],[139.17049,36.34811],[139.17123,36.34837],[139.1714,36.34845],[139.17173,36.34859],[139.17184,36.34865],[139.17186,36.34866],[139.17192,36.3487],[139.17208,36.34878],[139.17213,36.34881],[139.17231,36.34893],[139.17247,36.34901],[139.17259,36.3491],[139.17264,36.34917],[139.17272,36.34929],[139.17281,36.34946],[139.17287,36.34962],[139.17297,36.34992],[139.17303,36.35019],[139.17306,36.35039],[139.17306,36.35046],[139.17306,36.35048],[139.17305,36.35057],[139.17304,36.35069],[139.17304,36.35075],[139.17309,36.3508],[139.1732,36.35081],[139.17338,36.35086],[139.17359,36.35088],[139.1739,36.35093],[139.17413,36.35098],[139.17426,36.35103],[139.1744,36.35114],[139.1745,36.35126],[139.17455,36.35142],[139.17455,36.35179],[139.17456,36.35193],[139.17461,36.35215],[139.1747,36.35229],[139.17475,36.3524],[139.17488,36.35252],[139.17497,36.35258],[139.17511,36.35267],[139.17528,36.35272],[139.17542,36.35272],[139.17556,36.35274],[139.17596,36.35277],[139.17612,36.35273],[139.17623,36.35274],[139.17632,36.35274],[139.17653,36.35275],[139.17678,36.35277],[139.17683,36.35277],[139.17693,36.35277],[139.17756,36.35319],[139.17804,36.35348],[139.17828,36.35361],[139.17867,36.35382],[139.17892,36.35398],[139.17893,36.35399],[139.17918,36.35418],[139.17922,36.35421],[139.17944,36.3544],[139.17962,36.35455],[139.17976,36.35468],[139.17989,36.35476],[139.18006,36.35485],[139.1804,36.35506],[139.18061,36.35534],[139.18076,36.35555],[139.18105,36.35599],[139.18124,36.35628],[139.18137,36.35654],[139.18162,36.35688],[139.18174,36.35703],[139.18197,36.35725],[139.18219,36.3574],[139.18234,36.35749],[139.18249,36.35757],[139.18289,36.35775],[139.18311,36.35787],[139.18346,36.3581],[139.18373,36.35831],[139.18389,36.35838],[139.18419,36.35853],[139.18451,36.35868],[139.18472,36.35875],[139.18486,36.35883],[139.18497,36.35893],[139.18511,36.35915],[139.18521,36.35932],[139.18531,36.35941],[139.18542,36.35945],[139.18558,36.35946],[139.18589,36.35949],[139.18605,36.3595],[139.18616,36.35958],[139.1864,36.35981],[139.18659,36.35994],[139.18668,36.35993],[139.18681,36.35988],[139.18683,36.35987],[139.1869,36.35984],[139.18692,36.35983],[139.18698,36.35984],[139.18702,36.3599],[139.18703,36.35991],[139.18703,36.35992],[139.18705,36.36002],[139.18708,36.36013],[139.18708,36.36017],[139.18708,36.36041],[139.18706,36.36066],[139.18708,36.36083],[139.18711,36.36095],[139.18714,36.36109],[139.18712,36.36123],[139.18707,36.36135],[139.187,36.36147],[139.18683,36.36166],[139.18651,36.3621],[139.1864,36.36224],[139.18634,36.36235],[139.18633,36.36249],[139.18634,36.36265],[139.18638,36.36281],[139.18647,36.36296],[139.18662,36.3632],[139.18667,36.36329]]]}},{"type":"Feature","properties":{"name":"茂呂小学校","address":"伊勢崎市茂呂町2-2169-1"},"geometry":{"type":"Polygon","coordinates":[[[139.20326,36.29987],[139.20263,36.30102],[139.20238,36.30179],[139.20223,36.30261],[139.20201,36.30319],[139.20172,36.30369],[139.20118,36.30408],[139.20089,36.30424],[139.20046,36.3044],[139.20014,36.30445],[139.19965,36.30448],[139.19926,36.30449],[139.1988,36.30448],[139.19816,36.3045],[139.1974,36.30455],[139.19645,36.30481],[139.19561,36.3051],[139.19458,36.30564],[139.19416,36.30646],[139.19384,36.30678],[139.19336,36.30726],[139.19282,36.30804],[139.19239,36.30852],[139.19157,36.30928],[139.19164,36.30925],[139.1919,36.30909],[139.19216,36.30891],[139.19226,36.30879],[139.19245,36.30854],[139.19331,36.30823],[139.19354,36.30829],[139.19368,36.3083],[139.19384,36.30827],[139.19433,36.30807],[139.19444,36.30809],[139.19471,36.30813],[139.19495,36.30817],[139.19628,36.30838],[139.19654,36.30843],[139.19656,36.30846],[139.19661,36.30849],[139.19725,36.30879],[139.19735,36.30884],[139.19745,36.30889],[139.1975,36.30892],[139.19752,36.30893],[139.1986,36.30888],[139.19922,36.30885],[139.19973,36.30882],[139.20051,36.30877],[139.20112,36.30873],[139.20153,36.30871],[139.20174,36.30845],[139.20202,36.30812],[139.20236,36.30823],[139.20246,36.30812],[139.20264,36.30814],[139.20266,36.30807],[139.20287,36.30808],[139.20285,36.30851],[139.2031,36.30856],[139.20408,36.30862],[139.20404,36.30898],[139.2039,36.31004],[139.20386,36.31066],[139.20384,36.31114],[139.20386,36.31147],[139.2038,36.31147],[139.20354,36.31149],[139.2025,36.31155],[139.20242,36.31254],[139.20232,36.31373],[139.20302,36.3137],[139.20295,36.31466],[139.20291,36.31529],[139.20314,36.31529],[139.20325,36.31529],[139.20327,36.31545],[139.20401,36.31545],[139.20468,36.31545],[139.2047,36.31545],[139.20551,36.31545],[139.20631,36.31546],[139.20719,36.31546],[139.2079,36.31547],[139.20855,36.31562],[139.20969,36.31551],[139.21088,36.31538],[139.21207,36.31525],[139.21292,36.31517],[139.21439,36.31501],[139.21561,36.31488],[139.21807,36.31463],[139.22119,36.31428],[139.22155,36.31425],[139.22159,36.31416],[139.22197,36.3137],[139.22217,36.31336],[139.2224,36.31295],[139.2225,36.31263],[139.22256,36.31229],[139.22116,36.31243],[139.22085,36.31074],[139.22083,36.31041],[139.22077,36.30985],[139.22062,36.30878],[139.22047,36.3078],[139.22041,36.30737],[139.22035,36.30711],[139.22023,36.30633],[139.22018,36.30602],[139.21998,36.30484],[139.21994,36.30456],[139.21978,36.30345],[139.22207,36.30273],[139.22274,36.30252],[139.22272,36.30249],[139.22235,36.30188],[139.2221,36.30145],[139.22196,36.30103],[139.22188,36.30063],[139.22186,36.30035],[139.22183,36.30015],[139.22182,36.30004],[139.22186,36.29993],[139.22187,36.29988],[139.22162,36.29925],[139.22149,36.29916],[139.22134,36.299],[139.2212,36.29879],[139.22118,36.29877],[139.22053,36.29801],[139.22051,36.29799],[139.22023,36.29766],[139.21992,36.29732],[139.21977,36.29716],[139.21962,36.29708],[139.21931,36.29671],[139.21924,36.29663],[139.21895,36.29625],[139.21891,36.29607],[139.21893,36.29589],[139.2186,36.29589],[139.21782,36.29516],[139.21759,36.29491],[139.21754,36.29497],[139.2174,36.29466],[139.2173,36.29439],[139.2173,36.29435],[139.2173,36.29372],[139.21729,36.29336],[139.21737,36.29309],[139.21701,36.29216],[139.21682,36.29179],[139.21656,36.29139],[139.21686,36.29122],[139.2161,36.29035],[139.21598,36.2904],[139.21587,36.29035],[139.21559,36.29045],[139.21491,36.29069],[139.21448,36.29083],[139.21447,36.29083],[139.21373,36.29105],[139.21265,36.29157],[139.21234,36.29125],[139.21227,36.29113],[139.21149,36.29143],[139.20995,36.29205],[139.20993,36.29163],[139.20918,36.29112],[139.21022,36.2903],[139.21115,36.28963],[139.2108,36.28933],[139.2105,36.28908],[139.21045,36.28904],[139.20995,36.28862],[139.20884,36.28773],[139.20824,36.28817],[139.20811,36.28862],[139.20768,36.28903],[139.20725,36.28945],[139.20695,36.28979],[139.20657,36.29083],[139.20647,36.29179],[139.20626,36.29364],[139.20614,36.29441],[139.20591,36.29538],[139.20568,36.29599],[139.20533,36.29715],[139.20509,36.29763],[139.20466,36.2982],[139.20416,36.29873],[139.20368,36.2992],[139.20336,36.29966],[139.20326,36.29987]]]}},{"type":"Feature","properties":{"name":"殖蓮小学校","address":"伊勢崎市上植木本町2763"},"geometry":{"type":"Polygon","coordinates":[[[139.20303,36.33165],[139.20297,36.33177],[139.20279,36.33196],[139.20226,36.33254],[139.20185,36.33303],[139.20168,36.33327],[139.20157,36.33349],[139.20153,36.33355],[139.20135,36.33408],[139.20134,36.33412],[139.20126,36.33448],[139.20122,36.33488],[139.20122,36.33499],[139.20121,36.33523],[139.20121,36.33557],[139.20124,36.33588],[139.20128,36.3363],[139.20136,36.3368],[139.20138,36.33708],[139.20135,36.33751],[139.20128,36.33817],[139.20127,36.33861],[139.20135,36.33954],[139.20137,36.33972],[139.20141,36.34019],[139.20142,36.34028],[139.20145,36.34088],[139.20141,36.34138],[139.20129,36.34167],[139.20129,36.34167],[139.20116,36.34198],[139.20095,36.34238],[139.20083,36.34268],[139.20078,36.34288],[139.20079,36.34304],[139.20084,36.34325],[139.20107,36.34369],[139.20172,36.34419],[139.20186,36.3443],[139.20211,36.3445],[139.20236,36.34478],[139.20258,36.34506],[139.20274,36.34519],[139.20305,36.34528],[139.2035,36.34537],[139.20381,36.34545],[139.20409,36.34561],[139.20421,36.3457],[139.20426,36.34574],[139.20437,36.34589],[139.2045,36.34613],[139.20463,36.34639],[139.20483,36.34668],[139.20517,36.34712],[139.2053,36.34733],[139.20542,36.34744],[139.20554,36.34755],[139.20567,36.34766],[139.2058,36.34776],[139.20595,36.34786],[139.20599,36.34792],[139.2061,36.348],[139.20621,36.34808],[139.20629,36.34816],[139.20637,36.34824],[139.20647,36.3483],[139.20656,36.34833],[139.20669,36.34835],[139.20677,36.34837],[139.20701,36.34848],[139.20722,36.34858],[139.20741,36.34865],[139.2076,36.34873],[139.20778,36.3488],[139.20794,36.34886],[139.20814,36.34898],[139.2083,36.34909],[139.20843,36.34915],[139.20856,36.34923],[139.20868,36.34927],[139.2087,36.34927],[139.2088,36.34932],[139.20888,36.34934],[139.20898,36.34937],[139.20906,36.34945],[139.20913,36.34956],[139.20916,36.34967],[139.20922,36.3498],[139.20928,36.34993],[139.2093,36.35009],[139.20931,36.35021],[139.20935,36.35032],[139.20939,36.35042],[139.20944,36.35053],[139.20947,36.35061],[139.20948,36.35064],[139.20962,36.35095],[139.20967,36.35103],[139.20979,36.35124],[139.20988,36.35146],[139.21001,36.3516],[139.21017,36.35171],[139.21036,36.35182],[139.21049,36.35189],[139.21062,36.35201],[139.21062,36.35203],[139.21073,36.35225],[139.21077,36.35235],[139.21079,36.35252],[139.21079,36.35269],[139.21079,36.35276],[139.21078,36.35282],[139.21079,36.35293],[139.21081,36.35301],[139.21092,36.35308],[139.21101,36.35314],[139.21118,36.35324],[139.21133,36.35332],[139.21144,36.35338],[139.21158,36.35349],[139.21169,36.35356],[139.21171,36.35357],[139.21179,36.35363],[139.21192,36.35376],[139.212,36.35388],[139.21207,36.354],[139.21215,36.35414],[139.21224,36.35434],[139.21229,36.35446],[139.21231,36.35464],[139.2123,36.35485],[139.21231,36.3549],[139.21232,36.35497],[139.21233,36.35505],[139.21235,36.35522],[139.21235,36.35524],[139.2124,36.3554],[139.21245,36.35558],[139.2125,36.35576],[139.21252,36.3559],[139.21253,36.35604],[139.21253,36.35622],[139.21255,36.35635],[139.21253,36.35647],[139.21252,36.35659],[139.21251,36.3567],[139.21265,36.35673],[139.21264,36.35704],[139.21258,36.35772],[139.21251,36.35799],[139.21244,36.35816],[139.21232,36.35837],[139.21178,36.35913],[139.21216,36.35931],[139.21222,36.35925],[139.21233,36.35918],[139.21238,36.35913],[139.21247,36.35897],[139.21251,36.35892],[139.21261,36.35886],[139.21276,36.35873],[139.21287,36.35866],[139.21292,36.3585],[139.21369,36.35851],[139.21388,36.35871],[139.21418,36.35872],[139.21429,36.35878],[139.21456,36.35883],[139.2146,36.3587],[139.21545,36.35868],[139.21555,36.35881],[139.21595,36.35877],[139.21617,36.35872],[139.21624,36.35871],[139.21666,36.35867],[139.21753,36.35861],[139.21811,36.35862],[139.21877,36.35849],[139.22224,36.35779],[139.22367,36.35751],[139.22743,36.35679],[139.22774,36.35675],[139.2307,36.35615],[139.23062,36.35489],[139.23075,36.35431],[139.23086,36.35405],[139.23089,36.35382],[139.23091,36.35373],[139.23079,36.35366],[139.2301,36.35092],[139.23106,36.35075],[139.23087,36.34993],[139.23076,36.34949],[139.2308,36.34945],[139.23034,36.34903],[139.23039,36.34892],[139.23045,36.34881],[139.22878,36.34729],[139.22897,36.34717],[139.22925,36.34704],[139.22958,36.34697],[139.2296,36.34638],[139.22955,36.34635],[139.22873,36.34635],[139.22874,36.34516],[139.22867,36.34514],[139.22868,36.34348],[139.22868,36.34317],[139.22864,36.34232],[139.22862,36.3418],[139.2286,36.34069],[139.22872,36.34055],[139.22872,36.34049],[139.22871,36.3399],[139.22889,36.33971],[139.22888,36.33788],[139.22887,36.33696],[139.22887,36.3368],[139.2276,36.33682],[139.2276,36.33678],[139.22759,36.33468],[139.22702,36.33468],[139.22684,36.33441],[139.22656,36.33405],[139.22648,36.33387],[139.22638,36.33375],[139.22603,36.33372],[139.22599,36.33368],[139.22596,36.3336],[139.226,36.33349],[139.22599,36.33346],[139.22594,36.33339],[139.22594,36.3333],[139.22378,36.33212],[139.22064,36.33052],[139.22063,36.33056],[139.21845,36.32936],[139.21611,36.32812],[139.21294,36.32647],[139.21236,36.32624],[139.21133,36.32603],[139.21066,36.32592],[139.21016,36.32585],[139.20867,36.32562],[139.20843,36.32559],[139.20781,36.32549],[139.20752,36.32545],[139.20431,36.32501],[139.20369,36.32491],[139.20288,36.32479],[139.20284,36.32498],[139.2028,36.32516],[139.20271,36.32545],[139.20249,36.32588],[139.20227,36.32617],[139.20226,36.32618],[139.20182,36.3268],[139.20168,36.327],[139.20157,36.32726],[139.20155,36.32741],[139.20157,36.32755],[139.20164,36.32784],[139.20178,36.32824],[139.20201,36.32858],[139.20217,36.32873],[139.20223,36.32879],[139.20245,36.32901],[139.20253,36.3291],[139.20267,36.32926],[139.20281,36.32949],[139.20295,36.32975],[139.20307,36.3301],[139.20312,36.33035],[139.20312,36.33041],[139.20314,36.33056],[139.20315,36.33092],[139.20314,36.33111],[139.20313,36.33143],[139.2031,36.33152],[139.20308,36.33157],[139.20303,36.33165]]]}},{"type":"Feature","properties":{"name":"南小学校","address":"伊勢崎市上泉町310"},"geometry":{"type":"Polygon","coordinates":[[[139.19988,36.32112],[139.1999,36.32175],[139.19991,36.32244],[139.20036,36.32247],[139.20039,36.32247],[139.20081,36.32248],[139.20324,36.32256],[139.20323,36.32242],[139.2033,36.32221],[139.20313,36.32203],[139.20295,36.32183],[139.20288,36.32167],[139.20285,36.32148],[139.20273,36.32136],[139.20264,36.32108],[139.20254,36.32094],[139.20251,36.32086],[139.20251,36.32084],[139.2025,36.32077],[139.20263,36.32064],[139.2027,36.32033],[139.20282,36.32015],[139.20282,36.32008],[139.20292,36.31992],[139.20291,36.31985],[139.20287,36.31976],[139.20312,36.31919],[139.20315,36.31903],[139.20316,36.31895],[139.20319,36.31866],[139.20341,36.31866],[139.20341,36.31826],[139.20337,36.31772],[139.20333,36.31677],[139.20331,36.31614],[139.2033,36.31592],[139.20327,36.31545],[139.20325,36.31529],[139.20314,36.31529],[139.20291,36.31529],[139.20295,36.31466],[139.20302,36.3137],[139.20232,36.31373],[139.20242,36.31254],[139.2025,36.31155],[139.20354,36.31149],[139.2038,36.31147],[139.20386,36.31147],[139.20384,36.31114],[139.20386,36.31066],[139.2039,36.31004],[139.20404,36.30898],[139.20408,36.30862],[139.2031,36.30856],[139.20285,36.30851],[139.20287,36.30808],[139.20266,36.30807],[139.20264,36.30814],[139.20246,36.30812],[139.20236,36.30823],[139.20202,36.30812],[139.20174,36.30845],[139.20153,36.30871],[139.20112,36.30873],[139.20051,36.30877],[139.19973,36.30882],[139.19922,36.30885],[139.1986,36.30888],[139.19752,36.30893],[139.1975,36.30892],[139.19745,36.30889],[139.19735,36.30884],[139.19725,36.30879],[139.19661,36.30849],[139.19656,36.30846],[139.19654,36.30843],[139.19628,36.30838],[139.19495,36.30817],[139.19471,36.30813],[139.19444,36.30809],[139.19433,36.30807],[139.19384,36.30827],[139.19368,36.3083],[139.19354,36.30829],[139.19331,36.30823],[139.19245,36.30854],[139.19226,36.30879],[139.19216,36.30891],[139.1919,36.30909],[139.19164,36.30925],[139.19157,36.30928],[139.19061,36.30968],[139.18956,36.31009],[139.18947,36.31012],[139.18877,36.31038],[139.18852,36.31049],[139.18832,36.31058],[139.18821,36.31068],[139.18796,36.31091],[139.18769,36.31118],[139.18762,36.31128],[139.18741,36.31159],[139.18729,36.31189],[139.18395,36.31215],[139.18399,36.31462],[139.184,36.31631],[139.18423,36.31803],[139.18431,36.31792],[139.18451,36.31788],[139.18486,36.31789],[139.18509,36.31792],[139.18546,36.31802],[139.18731,36.31827],[139.18717,36.31871],[139.18712,36.31886],[139.18693,36.3195],[139.18686,36.3197],[139.18697,36.31967],[139.18726,36.31957],[139.1876,36.31956],[139.18809,36.31954],[139.1883,36.31961],[139.18865,36.31964],[139.18876,36.31972],[139.18879,36.32078],[139.18938,36.32071],[139.19045,36.3205],[139.19068,36.32045],[139.19167,36.32026],[139.19167,36.3203],[139.19164,36.321],[139.19296,36.32101],[139.19379,36.32103],[139.19478,36.32104],[139.19585,36.32108],[139.19659,36.32109],[139.19777,36.3211],[139.19988,36.32112]]]}},{"type":"Feature","properties":{"name":"北小学校","address":"伊勢崎市曲輪町28-24"},"geometry":{"type":"Polygon","coordinates":[[[139.19296,36.32101],[139.19164,36.321],[139.19167,36.3203],[139.19167,36.32026],[139.19068,36.32045],[139.19045,36.3205],[139.18938,36.32071],[139.18879,36.32078],[139.18876,36.31972],[139.18865,36.31964],[139.1883,36.31961],[139.18809,36.31954],[139.1876,36.31956],[139.18726,36.31957],[139.18697,36.31967],[139.18686,36.3197],[139.18693,36.3195],[139.18712,36.31886],[139.18717,36.31871],[139.18731,36.31827],[139.18546,36.31802],[139.18509,36.31792],[139.18486,36.31789],[139.18451,36.31788],[139.18431,36.31792],[139.18423,36.31803],[139.18452,36.31893],[139.18526,36.32121],[139.18556,36.32236],[139.18569,36.32288],[139.18575,36.32333],[139.18627,36.32333],[139.18688,36.32335],[139.18747,36.32336],[139.18795,36.32357],[139.18777,36.32378],[139.18766,36.32394],[139.18776,36.32417],[139.1879,36.32441],[139.18795,36.32451],[139.18808,36.32479],[139.1882,36.32507],[139.18838,36.32563],[139.1884,36.32581],[139.18844,36.326],[139.1885,36.32682],[139.18851,36.32684],[139.18845,36.32695],[139.18834,36.32716],[139.18829,36.3273],[139.18831,36.32748],[139.18834,36.32768],[139.18834,36.32782],[139.18832,36.32797],[139.18835,36.32804],[139.18862,36.3279],[139.1893,36.32763],[139.18981,36.32747],[139.19022,36.32736],[139.191,36.3272],[139.19168,36.32737],[139.1923,36.32727],[139.19293,36.32717],[139.19331,36.3271],[139.19483,36.32685],[139.19497,36.32683],[139.19589,36.32668],[139.19585,36.32653],[139.19609,36.3265],[139.19688,36.32637],[139.19689,36.32625],[139.19689,36.32622],[139.19697,36.32623],[139.19708,36.32623],[139.1973,36.32621],[139.19775,36.32614],[139.19819,36.32612],[139.19899,36.32615],[139.1995,36.3262],[139.19997,36.32626],[139.20067,36.32642],[139.20109,36.32655],[139.20156,36.32672],[139.20182,36.3268],[139.20226,36.32618],[139.20227,36.32617],[139.20249,36.32588],[139.20271,36.32545],[139.2028,36.32516],[139.20284,36.32498],[139.20288,36.32479],[139.20309,36.3239],[139.20326,36.32348],[139.20364,36.32292],[139.20363,36.32263],[139.20346,36.32259],[139.20324,36.32256],[139.20081,36.32248],[139.20039,36.32247],[139.20036,36.32247],[139.19991,36.32244],[139.1999,36.32175],[139.19988,36.32112],[139.19777,36.3211],[139.19659,36.32109],[139.19585,36.32108],[139.19478,36.32104],[139.19379,36.32103],[139.19296,36.32101]]]}},{"type":"Feature","properties":{"name":"北第二小学校","address":"伊勢崎市宗高町125"},"geometry":{"type":"Polygon","coordinates":[[[139.19609,36.3265],[139.19585,36.32653],[139.19589,36.32668],[139.19497,36.32683],[139.19483,36.32685],[139.19331,36.3271],[139.19293,36.32717],[139.1923,36.32727],[139.19168,36.32737],[139.191,36.3272],[139.19022,36.32736],[139.19023,36.32791],[139.19042,36.32792],[139.19041,36.32826],[139.19014,36.32832],[139.19014,36.32881],[139.1902,36.32905],[139.1904,36.32907],[139.19037,36.32923],[139.19025,36.32951],[139.19059,36.32945],[139.19068,36.32966],[139.19063,36.33006],[139.19089,36.33004],[139.19073,36.33044],[139.19061,36.33078],[139.19062,36.33097],[139.19063,36.33106],[139.19066,36.33126],[139.19073,36.33148],[139.19078,36.3316],[139.19078,36.33177],[139.19076,36.33191],[139.19082,36.33217],[139.19095,36.33264],[139.191,36.33299],[139.191,36.33354],[139.19105,36.33376],[139.19101,36.33397],[139.19115,36.33405],[139.19122,36.33417],[139.1913,36.33422],[139.19138,36.33426],[139.19157,36.33434],[139.19159,36.33453],[139.19157,36.33464],[139.19158,36.33481],[139.19169,36.33517],[139.19181,36.33557],[139.19187,36.33583],[139.19187,36.33623],[139.19187,36.3363],[139.19189,36.33673],[139.19189,36.33675],[139.19131,36.33668],[139.19113,36.33783],[139.19027,36.33798],[139.18974,36.33807],[139.18939,36.33814],[139.18933,36.33858],[139.18933,36.33859],[139.18883,36.33861],[139.18876,36.33917],[139.18873,36.33917],[139.18873,36.33934],[139.18886,36.3396],[139.18868,36.33978],[139.18843,36.34008],[139.18946,36.33994],[139.18956,36.34032],[139.18971,36.34087],[139.18978,36.34111],[139.18983,36.34115],[139.1899,36.34118],[139.19005,36.34129],[139.19022,36.34149],[139.19023,36.34149],[139.19045,36.34177],[139.19042,36.34177],[139.19104,36.3421],[139.19103,36.34284],[139.19176,36.34285],[139.19211,36.34329],[139.19222,36.34343],[139.19248,36.34378],[139.19249,36.34379],[139.19301,36.34429],[139.19301,36.34448],[139.193,36.34453],[139.193,36.34457],[139.19315,36.34455],[139.19348,36.34444],[139.19361,36.34439],[139.19369,36.34436],[139.19421,36.34421],[139.19427,36.3442],[139.19442,36.34416],[139.19526,36.34406],[139.19554,36.34408],[139.19575,36.34408],[139.19616,36.34402],[139.19643,36.34399],[139.19683,36.34395],[139.19736,36.3439],[139.19752,36.34391],[139.1976,36.34394],[139.19762,36.34394],[139.19767,36.34396],[139.1979,36.34394],[139.1982,36.34394],[139.19834,36.34395],[139.19844,36.34398],[139.19908,36.34393],[139.19976,36.34391],[139.20024,36.34404],[139.20029,36.34405],[139.20101,36.34372],[139.20107,36.34369],[139.20084,36.34325],[139.20079,36.34304],[139.20078,36.34288],[139.20083,36.34268],[139.20095,36.34238],[139.20116,36.34198],[139.20129,36.34167],[139.20129,36.34167],[139.20141,36.34138],[139.20145,36.34088],[139.20142,36.34028],[139.20141,36.34019],[139.20137,36.33972],[139.20135,36.33954],[139.20127,36.33861],[139.20128,36.33817],[139.20135,36.33751],[139.20138,36.33708],[139.20136,36.3368],[139.20128,36.3363],[139.20124,36.33588],[139.20121,36.33557],[139.20121,36.33523],[139.20122,36.33499],[139.20122,36.33488],[139.20126,36.33448],[139.20134,36.33412],[139.20135,36.33408],[139.20153,36.33355],[139.20157,36.33349],[139.20168,36.33327],[139.20185,36.33303],[139.20226,36.33254],[139.20279,36.33196],[139.20297,36.33177],[139.20303,36.33165],[139.20308,36.33157],[139.2031,36.33152],[139.20313,36.33143],[139.20314,36.33111],[139.20315,36.33092],[139.20314,36.33056],[139.20312,36.33041],[139.20312,36.33035],[139.20307,36.3301],[139.20295,36.32975],[139.20281,36.32949],[139.20267,36.32926],[139.20253,36.3291],[139.20245,36.32901],[139.20223,36.32879],[139.20217,36.32873],[139.20201,36.32858],[139.20178,36.32824],[139.20164,36.32784],[139.20157,36.32755],[139.20155,36.32741],[139.20157,36.32726],[139.20168,36.327],[139.20182,36.3268],[139.20156,36.32672],[139.20109,36.32655],[139.20067,36.32642],[139.19997,36.32626],[139.1995,36.3262],[139.19899,36.32615],[139.19819,36.32612],[139.19775,36.32614],[139.1973,36.32621],[139.19708,36.32623],[139.19697,36.32623],[139.19689,36.32622],[139.19689,36.32625],[139.19688,36.32637],[139.19609,36.3265]]]}},{"type":"Feature","properties":{"name":"宮郷第二小学校","address":"伊勢崎市連取町3069-1"},"geometry":{"type":"Polygon","coordinates":[[[139.18423,36.31803],[139.184,36.31631],[139.18399,36.31462],[139.18395,36.31215],[139.1832,36.31224],[139.18314,36.3099],[139.18176,36.31001],[139.18161,36.30894],[139.18157,36.30847],[139.18106,36.30782],[139.18061,36.30797],[139.18028,36.30805],[139.17982,36.30813],[139.1798,36.30813],[139.179,36.30822],[139.17869,36.3083],[139.17843,36.30839],[139.17819,36.3085],[139.17795,36.30863],[139.17768,36.30878],[139.17735,36.30901],[139.17693,36.30924],[139.17651,36.30951],[139.17571,36.31003],[139.17524,36.31034],[139.17497,36.3105],[139.1749,36.31054],[139.17488,36.31055],[139.17478,36.31061],[139.17469,36.31067],[139.17459,36.31072],[139.17451,36.31075],[139.17438,36.31078],[139.17411,36.31083],[139.17378,36.31087],[139.17294,36.3109],[139.17164,36.31097],[139.17131,36.31099],[139.17112,36.311],[139.17086,36.31103],[139.17071,36.31105],[139.1705,36.31109],[139.17036,36.31111],[139.1702,36.31113],[139.1699,36.31122],[139.16963,36.31128],[139.16938,36.31137],[139.16881,36.31158],[139.16857,36.31174],[139.16821,36.31198],[139.16806,36.31207],[139.16775,36.31227],[139.16732,36.31258],[139.16712,36.31272],[139.16702,36.31282],[139.16697,36.31288],[139.16695,36.31296],[139.16694,36.31306],[139.16694,36.31322],[139.16695,36.31332],[139.16696,36.31345],[139.16698,36.31354],[139.16698,36.31362],[139.16697,36.3137],[139.16694,36.31377],[139.16681,36.31405],[139.16671,36.31418],[139.16666,36.31425],[139.16645,36.31445],[139.16634,36.31453],[139.16617,36.31464],[139.16598,36.31476],[139.16578,36.31487],[139.16526,36.31508],[139.16526,36.31617],[139.16575,36.31616],[139.16784,36.31621],[139.16784,36.3167],[139.16778,36.31768],[139.16884,36.31771],[139.16883,36.31821],[139.16884,36.3187],[139.16881,36.31888],[139.16864,36.31905],[139.16899,36.3194],[139.16891,36.31968],[139.16864,36.31973],[139.16868,36.31993],[139.16882,36.31994],[139.16908,36.32069],[139.16866,36.32084],[139.16866,36.32134],[139.16867,36.32154],[139.16873,36.32173],[139.16905,36.32167],[139.16906,36.32217],[139.16912,36.32243],[139.16912,36.32255],[139.16924,36.32286],[139.169,36.323],[139.16918,36.32329],[139.16919,36.32374],[139.16921,36.32403],[139.16989,36.32379],[139.16958,36.32476],[139.16936,36.32527],[139.16854,36.32669],[139.16932,36.32691],[139.16898,36.32737],[139.1696,36.32774],[139.16988,36.32789],[139.1702,36.32808],[139.17068,36.32846],[139.17081,36.3286],[139.17117,36.32898],[139.1715,36.32938],[139.17177,36.32907],[139.17193,36.3289],[139.17206,36.32873],[139.17221,36.32861],[139.17234,36.32848],[139.17246,36.32837],[139.17261,36.32829],[139.17288,36.32811],[139.17327,36.32793],[139.17368,36.3277],[139.17398,36.32754],[139.17501,36.32693],[139.17552,36.32671],[139.17576,36.32663],[139.17599,36.3266],[139.17603,36.32626],[139.17609,36.32619],[139.17618,36.32603],[139.17628,36.32575],[139.17645,36.32547],[139.17664,36.3252],[139.17692,36.32487],[139.17716,36.32497],[139.17755,36.32511],[139.17825,36.3252],[139.17859,36.32454],[139.1795,36.32433],[139.17934,36.32388],[139.18033,36.32364],[139.18017,36.32322],[139.1799,36.32326],[139.17988,36.32311],[139.18006,36.3231],[139.18004,36.32295],[139.18036,36.32292],[139.18095,36.32284],[139.18088,36.32238],[139.18146,36.32231],[139.18154,36.3229],[139.18206,36.3226],[139.18214,36.32255],[139.18227,36.32272],[139.18249,36.32259],[139.18254,36.32249],[139.18263,36.32244],[139.18279,36.32254],[139.18288,36.32244],[139.1832,36.32262],[139.18335,36.32245],[139.18359,36.32258],[139.18371,36.32245],[139.18407,36.32259],[139.18414,36.3224],[139.18424,36.32217],[139.18455,36.32225],[139.18447,36.32244],[139.18471,36.32252],[139.18515,36.32252],[139.18522,36.32292],[139.18569,36.32288],[139.18556,36.32236],[139.18526,36.32121],[139.18452,36.31893],[139.18423,36.31803]]]}},{"type":"Feature","properties":{"name":"坂東小学校","address":"伊勢崎市除ヶ町422"},"geometry":{"type":"Polygon","coordinates":[[[139.18729,36.2666],[139.18716,36.26663],[139.18667,36.26675],[139.18632,36.26684],[139.18611,36.26691],[139.1854,36.2671],[139.1846,36.26736],[139.18373,36.26768],[139.18323,36.26788],[139.18301,36.26796],[139.18299,36.26797],[139.1828,36.26805],[139.18247,36.2682],[139.18214,36.26835],[139.18163,36.2686],[139.18101,36.26889],[139.18056,36.2691],[139.17997,36.2694],[139.17943,36.26969],[139.17833,36.27021],[139.17782,36.27047],[139.17736,36.27069],[139.17673,36.27101],[139.17608,36.27134],[139.17481,36.27197],[139.17373,36.27249],[139.17355,36.27258],[139.17329,36.27271],[139.17323,36.27274],[139.17637,36.276],[139.17915,36.27898],[139.17986,36.27978],[139.17994,36.27982],[139.18008,36.27985],[139.18138,36.27997],[139.18228,36.28004],[139.18219,36.28054],[139.18367,36.28071],[139.18537,36.28047],[139.18536,36.28054],[139.18529,36.28082],[139.18523,36.28105],[139.18525,36.28123],[139.18531,36.28148],[139.18534,36.28181],[139.18534,36.28194],[139.18535,36.28208],[139.18533,36.28221],[139.18528,36.28243],[139.18513,36.28279],[139.18511,36.28283],[139.18517,36.28298],[139.18594,36.28295],[139.18725,36.28292],[139.18735,36.28333],[139.18761,36.2843],[139.18778,36.28494],[139.18778,36.28494],[139.18799,36.28564],[139.18952,36.28516],[139.19047,36.28485],[139.19086,36.28608],[139.19188,36.28574],[139.19213,36.28568],[139.1923,36.28564],[139.19532,36.28451],[139.19573,36.2853],[139.1949,36.286],[139.19536,36.28646],[139.19577,36.28683],[139.19665,36.28626],[139.19742,36.28702],[139.19846,36.28802],[139.19941,36.28891],[139.20058,36.28812],[139.20036,36.28731],[139.20031,36.28699],[139.20028,36.28685],[139.20018,36.28656],[139.19999,36.28611],[139.19943,36.28568],[139.19885,36.28528],[139.1991,36.28497],[139.19849,36.28427],[139.19804,36.2837],[139.19761,36.28389],[139.19708,36.28286],[139.19715,36.28176],[139.19763,36.2817],[139.19768,36.27994],[139.19786,36.27994],[139.19804,36.27993],[139.19805,36.2797],[139.19806,36.27955],[139.19797,36.27931],[139.19724,36.27924],[139.19726,36.27887],[139.19756,36.27864],[139.19813,36.27862],[139.19817,36.27816],[139.19793,36.27814],[139.19771,36.27823],[139.19771,36.27794],[139.19729,36.27834],[139.19714,36.27834],[139.19712,36.27768],[139.19707,36.27768],[139.197,36.27691],[139.19683,36.2742],[139.19666,36.27255],[139.19657,36.27168],[139.19652,36.27095],[139.20165,36.26926],[139.20114,36.26729],[139.1993,36.26733],[139.19981,36.2659],[139.20106,36.26261],[139.20107,36.26258],[139.20083,36.26255],[139.20048,36.26251],[139.2,36.26246],[139.19934,36.26239],[139.19934,36.26239],[139.1985,36.26231],[139.19821,36.26227],[139.1981,36.26226],[139.19801,36.26225],[139.19787,36.2623],[139.19779,36.26233],[139.1976,36.26238],[139.19745,36.26243],[139.19717,36.26254],[139.19659,36.26276],[139.1954,36.26319],[139.19466,36.26347],[139.19465,36.26347],[139.19411,36.26369],[139.19358,36.26389],[139.19324,36.26402],[139.19282,36.26419],[139.1927,36.26424],[139.19229,36.26442],[139.19216,36.26447],[139.19103,36.26495],[139.18952,36.26563],[139.189,36.26588],[139.18847,36.26611],[139.18819,36.26625],[139.18776,36.26644],[139.18731,36.2666],[139.18729,36.2666]]]}}]}