{"type":"FeatureCollection","features":[{"type":"Feature","properties":{"n":"近隣商業地域","c":9,"bcr":80,"far":200},"geometry":{"type":"Polygon","coordinates":[[[139.26445,36.27843],[139.26452,36.27842],[139.26484,36.27837],[139.2651,36.27832],[139.2652,36.27832],[139.26605,36.27818],[139.26623,36.27815],[139.26625,36.27812],[139.26621,36.27794],[139.26618,36.27792],[139.26546,36.27804],[139.26516,36.27809],[139.26504,36.27811],[139.26439,36.27821],[139.26445,36.27843]]]}},{"type":"Feature","properties":{"n":"近隣商業地域","c":9,"bcr":80,"far":200},"geometry":{"type":"Polygon","coordinates":[[[139.19019,36.28234],[139.19021,36.28239],[139.19022,36.28249],[139.19023,36.2828],[139.19024,36.28287],[139.19164,36.28281],[139.1916,36.28229],[139.19151,36.28229],[139.19088,36.28232],[139.19019,36.28234]]]}},{"type":"Feature","properties":{"n":"近隣商業地域","c":9,"bcr":80,"far":200},"geometry":{"type":"Polygon","coordinates":[[[139.25174,36.27564],[139.2516,36.27578],[139.25133,36.27606],[139.25115,36.27624],[139.25114,36.27625],[139.25106,36.27633],[139.25098,36.27638],[139.2509,36.27651],[139.25089,36.27655],[139.25089,36.27668],[139.25089,36.27669],[139.25089,36.27673],[139.25088,36.27687],[139.25088,36.27688],[139.25088,36.27699],[139.25088,36.27707],[139.25086,36.27739],[139.25121,36.27717],[139.25153,36.27711],[139.25153,36.27703],[139.25154,36.27691],[139.25154,36.27683],[139.25154,36.27681],[139.25154,36.27681],[139.25158,36.27671],[139.25158,36.27668],[139.25162,36.27665],[139.2517,36.27656],[139.25193,36.27632],[139.25198,36.27627],[139.25216,36.27608],[139.25195,36.27586],[139.25174,36.27564]]]}},{"type":"Feature","properties":{"n":"近隣商業地域","c":9,"bcr":80,"far":200},"geometry":{"type":"Polygon","coordinates":[[[139.21311,36.28888],[139.2136,36.28912],[139.21407,36.28935],[139.21457,36.28907],[139.2146,36.2883],[139.21444,36.28829],[139.21431,36.28826],[139.21412,36.28822],[139.21365,36.28809],[139.21362,36.28815],[139.21358,36.28822],[139.21356,36.28826],[139.21352,36.28833],[139.21348,36.28839],[139.21343,36.28846],[139.21339,36.28852],[139.21334,36.28858],[139.2133,36.28864],[139.21325,36.28869],[139.21321,36.28876],[139.21315,36.28883],[139.21311,36.28888]]]}},{"type":"Feature","properties":{"n":"準工業地域","c":11,"bcr":60,"far":200},"geometry":{"type":"Polygon","coordinates":[[[139.23653,36.32341],[139.23671,36.3235],[139.23705,36.32366],[139.23726,36.32375],[139.23746,36.32383],[139.23762,36.32383],[139.23765,36.32377],[139.23797,36.32298],[139.23808,36.32274],[139.23795,36.32271],[139.23753,36.32261],[139.23702,36.32247],[139.23696,36.32249],[139.23686,36.32276],[139.23677,36.32297],[139.23676,36.32298],[139.23671,36.32307],[139.23667,36.32315],[139.23662,36.32322],[139.23651,36.32335],[139.23653,36.32341]]]}},{"type":"Feature","properties":{"n":"準工業地域","c":11,"bcr":60,"far":200},"geometry":{"type":"Polygon","coordinates":[[[139.23148,36.33665],[139.23149,36.33663],[139.23161,36.3365],[139.23162,36.33648],[139.23163,36.33648],[139.23163,36.33647],[139.2316,36.33638],[139.23133,36.33624],[139.23116,36.33614],[139.2311,36.33611],[139.23091,36.33598],[139.23083,36.33591],[139.23026,36.33561],[139.23018,36.33558],[139.23015,36.33556],[139.22984,36.33541],[139.22969,36.33532],[139.22948,36.33522],[139.22935,36.33514],[139.22919,36.33506],[139.22907,36.335],[139.22881,36.33486],[139.22879,36.33485],[139.22877,36.33484],[139.22861,36.33476],[139.22856,36.33473],[139.22852,36.33471],[139.2285,36.3347],[139.22844,36.33465],[139.22806,36.33445],[139.22773,36.33428],[139.22766,36.33431],[139.22766,36.33459],[139.22766,36.33469],[139.22766,36.33512],[139.22769,36.33514],[139.22787,36.33509],[139.22808,36.33504],[139.2284,36.33497],[139.22889,36.33523],[139.2292,36.33538],[139.23064,36.33614],[139.23101,36.33637],[139.23148,36.33665]]]}},{"type":"Feature","properties":{"n":"近隣商業地域","c":9,"bcr":80,"far":200},"geometry":{"type":"Polygon","coordinates":[[[139.17631,36.31833],[139.17641,36.31875],[139.17643,36.31884],[139.1787,36.31854],[139.17891,36.3185],[139.17893,36.31807],[139.17893,36.31789],[139.17884,36.31789],[139.1777,36.31792],[139.17776,36.31821],[139.17697,36.31828],[139.17631,36.31833]]]}},{"type":"Feature","properties":{"n":"近隣商業地域","c":9,"bcr":80,"far":200},"geometry":{"type":"Polygon","coordinates":[[[139.26102,36.27148],[139.26109,36.2717],[139.2611,36.27179],[139.26121,36.27201],[139.26123,36.272],[139.26127,36.27198],[139.26166,36.27183],[139.26186,36.27175],[139.26252,36.27149],[139.26262,36.27145],[139.26269,36.27142],[139.26291,36.27133],[139.26311,36.27125],[139.26338,36.27114],[139.26351,36.27109],[139.26369,36.27102],[139.26379,36.27098],[139.26364,36.27074],[139.26347,36.27051],[139.26302,36.27069],[139.26299,36.27071],[139.26266,36.27084],[139.2624,36.27094],[139.26234,36.27097],[139.26152,36.2713],[139.26139,36.27135],[139.26128,36.27139],[139.26113,36.27144],[139.26103,36.27148],[139.26102,36.27148]]]}},{"type":"Feature","properties":{"n":"近隣商業地域","c":9,"bcr":80,"far":200},"geometry":{"type":"Polygon","coordinates":[[[139.25347,36.27521],[139.25355,36.27532],[139.25362,36.27541],[139.25377,36.27564],[139.25401,36.27607],[139.25405,36.27617],[139.2541,36.27645],[139.25451,36.27643],[139.25477,36.27645],[139.25496,36.27647],[139.25517,36.27651],[139.25507,36.27623],[139.25499,36.27605],[139.25476,36.27549],[139.25471,36.27536],[139.25471,36.27532],[139.25457,36.27506],[139.25457,36.275],[139.25444,36.27474],[139.25441,36.27467],[139.25415,36.27482],[139.25347,36.27521]]]}},{"type":"Feature","properties":{"n":"近隣商業地域","c":9,"bcr":80,"far":200},"geometry":{"type":"Polygon","coordinates":[[[139.2574,36.27335],[139.25719,36.27341],[139.257,36.27347],[139.25682,36.27353],[139.2566,36.27361],[139.25628,36.27374],[139.25602,36.27385],[139.25594,36.27389],[139.25591,36.2739],[139.25574,36.27397],[139.25562,36.27403],[139.25552,36.27408],[139.2556,36.27424],[139.25567,36.27438],[139.25583,36.27468],[139.25595,36.27494],[139.25601,36.2751],[139.25604,36.27519],[139.2561,36.27518],[139.25612,36.27516],[139.25653,36.27476],[139.2567,36.2746],[139.25681,36.27444],[139.25696,36.27426],[139.25706,36.27419],[139.25713,36.27392],[139.25713,36.27383],[139.25716,36.27382],[139.25738,36.27377],[139.25744,36.2738],[139.25762,36.27375],[139.25753,36.2736],[139.2574,36.27335]]]}},{"type":"Feature","properties":{"n":"近隣商業地域","c":9,"bcr":80,"far":200},"geometry":{"type":"Polygon","coordinates":[[[139.18646,36.32087],[139.18633,36.32132],[139.1862,36.32154],[139.18618,36.32159],[139.1864,36.32158],[139.18656,36.32156],[139.18668,36.32155],[139.1868,36.32154],[139.18685,36.32153],[139.18701,36.32151],[139.18708,36.32149],[139.18786,36.32136],[139.18853,36.32124],[139.18853,36.32123],[139.18857,36.32111],[139.18858,36.3211],[139.18867,36.32076],[139.18867,36.32075],[139.18867,36.32074],[139.18868,36.32071],[139.18872,36.32058],[139.18873,36.32052],[139.18874,36.32047],[139.18815,36.32059],[139.18775,36.32066],[139.18694,36.3208],[139.18691,36.32081],[139.18667,36.32084],[139.18646,36.32087]]]}},{"type":"Feature","properties":{"n":"近隣商業地域","c":9,"bcr":80,"far":200},"geometry":{"type":"Polygon","coordinates":[[[139.16164,36.32698],[139.16149,36.32707],[139.16145,36.3271],[139.1613,36.32719],[139.16121,36.32724],[139.16114,36.32729],[139.16116,36.32731],[139.16148,36.32764],[139.16179,36.32797],[139.16198,36.32818],[139.16178,36.32829],[139.16164,36.32837],[139.16153,36.32844],[139.16145,36.32848],[139.16132,36.32855],[139.16119,36.32863],[139.16111,36.32867],[139.16102,36.32872],[139.16092,36.32877],[139.16084,36.32882],[139.16078,36.32885],[139.16074,36.32888],[139.16104,36.32923],[139.16178,36.32882],[139.16223,36.32858],[139.16238,36.32849],[139.16331,36.32797],[139.16296,36.32759],[139.16248,36.32786],[139.16179,36.32715],[139.16164,36.32698]]]}},{"type":"Feature","properties":{"n":"第２種低層住居専用地域","c":2,"bcr":50,"far":100},"geometry":{"type":"Polygon","coordinates":[[[139.22028,36.33077],[139.22015,36.33084],[139.22,36.33093],[139.21988,36.33107],[139.2197,36.33128],[139.21962,36.33138],[139.2195,36.33151],[139.21951,36.33193],[139.21951,36.33193],[139.21976,36.33196],[139.21977,36.33193],[139.22015,36.332],[139.22019,36.332],[139.22036,36.33203],[139.22043,36.33204],[139.22051,36.33206],[139.22056,36.33207],[139.22063,36.33208],[139.22073,36.33209],[139.22078,36.33209],[139.2209,36.3321],[139.22097,36.33211],[139.22101,36.33211],[139.22106,36.33211],[139.22111,36.33211],[139.22117,36.3321],[139.22126,36.33208],[139.22131,36.33207],[139.22157,36.33203],[139.22162,36.33203],[139.22173,36.33167],[139.22176,36.33156],[139.22028,36.33077]]]}},{"type":"Feature","properties":{"n":"工業専用地域","c":13,"bcr":60,"far":200},"geometry":{"type":"Polygon","coordinates":[[[139.27208,36.27588],[139.27229,36.2766],[139.27246,36.27657],[139.27392,36.27633],[139.27416,36.27629],[139.27452,36.27623],[139.27543,36.27608],[139.2754,36.27597],[139.27533,36.27573],[139.27529,36.27558],[139.27524,36.27537],[139.2749,36.27542],[139.27476,36.27544],[139.27455,36.27548],[139.27426,36.27553],[139.2734,36.27567],[139.27323,36.2757],[139.27287,36.27576],[139.27254,36.27581],[139.27208,36.27588]]]}},{"type":"Feature","properties":{"n":"第１種低層住居専用地域","c":1,"bcr":40,"far":80},"geometry":{"type":"Polygon","coordinates":[[[139.202,36.33349],[139.20199,36.33349],[139.20197,36.33354],[139.20188,36.33376],[139.20185,36.33386],[139.20184,36.3339],[139.20178,36.33408],[139.20177,36.33419],[139.20175,36.33428],[139.20173,36.33441],[139.20172,36.33451],[139.20168,36.33468],[139.20166,36.33476],[139.20164,36.33489],[139.20168,36.33495],[139.20193,36.33495],[139.20212,36.33495],[139.20231,36.33494],[139.20248,36.33492],[139.20273,36.33492],[139.20285,36.33487],[139.20314,36.33464],[139.2032,36.33459],[139.20336,36.33446],[139.20343,36.3344],[139.20374,36.33415],[139.20383,36.33405],[139.20379,36.33382],[139.20375,36.33356],[139.20364,36.33345],[139.20276,36.33347],[139.202,36.33349]]]}},{"type":"Feature","properties":{"n":"第１種低層住居専用地域","c":1,"bcr":40,"far":80},"geometry":{"type":"Polygon","coordinates":[[[139.17345,36.32741],[139.17284,36.32662],[139.17213,36.32698],[139.17128,36.32741],[139.17163,36.32774],[139.17153,36.32779],[139.17148,36.32781],[139.17138,36.32787],[139.1713,36.32793],[139.17117,36.32804],[139.17067,36.32845],[139.17117,36.329],[139.17136,36.32884],[139.17138,36.32882],[139.17146,36.32875],[139.17156,36.32868],[139.17168,36.32858],[139.17203,36.32832],[139.17248,36.32801],[139.17266,36.32789],[139.17288,36.32775],[139.17327,36.32752],[139.17345,36.32741]]]}},{"type":"Feature","properties":{"n":"準工業地域","c":11,"bcr":60,"far":200},"geometry":{"type":"Polygon","coordinates":[[[139.23072,36.3408],[139.23069,36.34077],[139.23071,36.34071],[139.23077,36.34047],[139.23084,36.34024],[139.23085,36.34022],[139.23085,36.34021],[139.23085,36.34019],[139.23084,36.34016],[139.23075,36.33967],[139.23073,36.33959],[139.23072,36.33943],[139.23072,36.33903],[139.2307,36.33861],[139.23075,36.33856],[139.23081,36.3385],[139.23161,36.33849],[139.2316,36.33758],[139.23157,36.33762],[139.23135,36.33787],[139.2312,36.33804],[139.23092,36.33833],[139.23077,36.33848],[139.2306,36.33864],[139.23057,36.33867],[139.23028,36.33894],[139.22963,36.33955],[139.22957,36.33962],[139.22949,36.33969],[139.22904,36.3402],[139.22893,36.34032],[139.22892,36.34033],[139.22892,36.34033],[139.22892,36.34034],[139.22893,36.34035],[139.22894,36.34036],[139.22907,36.34044],[139.2294,36.34064],[139.22947,36.34067],[139.22953,36.34069],[139.22967,36.34072],[139.22976,36.34074],[139.22994,36.34077],[139.23004,36.34078],[139.2301,36.34079],[139.23017,36.34079],[139.2304,36.3408],[139.2306,36.3408],[139.23072,36.3408]]]}},{"type":"Feature","properties":{"n":"第２種住居地域","c":6,"bcr":60,"far":200},"geometry":{"type":"Polygon","coordinates":[[[139.16775,36.31886],[139.16786,36.31886],[139.16796,36.31886],[139.16806,36.31886],[139.16812,36.31886],[139.16819,36.31887],[139.16826,36.31889],[139.16833,36.31891],[139.16842,36.31893],[139.16853,36.31898],[139.16864,36.31905],[139.16869,36.31901],[139.16882,36.31888],[139.16882,36.31872],[139.17071,36.31902],[139.17081,36.31864],[139.17083,36.31857],[139.17046,36.3185],[139.17049,36.31842],[139.1705,36.31837],[139.17055,36.31835],[139.17076,36.31826],[139.1708,36.31823],[139.17083,36.31821],[139.16977,36.31801],[139.1697,36.318],[139.16952,36.31797],[139.16944,36.31796],[139.16936,36.31794],[139.16929,36.31793],[139.16923,36.31792],[139.16915,36.31791],[139.16909,36.3179],[139.16908,36.3179],[139.16901,36.31789],[139.16885,36.31787],[139.16885,36.3177],[139.16783,36.31768],[139.16778,36.31768],[139.16776,36.31819],[139.16775,36.31886]]]}},{"type":"Feature","properties":{"n":"準住居地域","c":7,"bcr":60,"far":200},"geometry":{"type":"Polygon","coordinates":[[[139.19662,36.28624],[139.19668,36.2862],[139.19675,36.28615],[139.19685,36.28608],[139.19693,36.28602],[139.19703,36.286],[139.1971,36.28599],[139.19723,36.28596],[139.19744,36.28592],[139.19735,36.28542],[139.19733,36.28531],[139.1971,36.28537],[139.19687,36.28542],[139.19687,36.28538],[139.1969,36.28439],[139.19691,36.28409],[139.19715,36.28401],[139.19753,36.28387],[139.19745,36.28371],[139.19744,36.28369],[139.19745,36.28369],[139.19736,36.28351],[139.19724,36.28327],[139.19718,36.28314],[139.19707,36.28293],[139.19698,36.28275],[139.19695,36.28268],[139.19676,36.28233],[139.19674,36.2823],[139.1963,36.28243],[139.19652,36.28288],[139.19658,36.28296],[139.19682,36.28346],[139.19618,36.28367],[139.19644,36.28419],[139.19631,36.28424],[139.19629,36.28505],[139.19577,36.28541],[139.19576,36.28542],[139.19662,36.28624]]]}},{"type":"Feature","properties":{"n":"近隣商業地域","c":9,"bcr":80,"far":200},"geometry":{"type":"Polygon","coordinates":[[[139.24828,36.34599],[139.2485,36.34589],[139.24861,36.34585],[139.24858,36.34583],[139.2483,36.34565],[139.24803,36.34547],[139.24784,36.34534],[139.24769,36.34524],[139.24764,36.3452],[139.24747,36.34509],[139.24722,36.34492],[139.24708,36.34483],[139.24661,36.34452],[139.2465,36.34445],[139.24637,36.34437],[139.24631,36.34432],[139.24629,36.34431],[139.24605,36.34415],[139.24577,36.34397],[139.24527,36.34364],[139.24477,36.34331],[139.24474,36.34329],[139.24461,36.34321],[139.24448,36.34312],[139.24428,36.34301],[139.24411,36.3429],[139.24405,36.34286],[139.24401,36.34284],[139.24399,36.34282],[139.24313,36.34236],[139.24302,36.3423],[139.24289,36.34223],[139.24277,36.34217],[139.24274,36.34216],[139.24266,36.34211],[139.24249,36.34202],[139.24225,36.3419],[139.24217,36.34185],[139.24215,36.34184],[139.242,36.34177],[139.24197,36.34175],[139.24156,36.34154],[139.24153,36.34152],[139.24103,36.34126],[139.24098,36.34123],[139.24076,36.34112],[139.23995,36.34069],[139.23993,36.34069],[139.23992,36.34069],[139.23991,36.34069],[139.23988,36.34071],[139.23986,36.34072],[139.23983,36.34077],[139.23982,36.3408],[139.23981,36.34082],[139.23981,36.34084],[139.23981,36.34093],[139.24005,36.34106],[139.24336,36.34289],[139.24363,36.34281],[139.24372,36.34278],[139.24378,36.34284],[139.24389,36.34294],[139.24397,36.34301],[139.244,36.34305],[139.24405,36.3431],[139.24411,36.34321],[139.24413,36.34325],[139.24478,36.34368],[139.24579,36.34434],[139.24733,36.34537],[139.24828,36.34599]]]}},{"type":"Feature","properties":{"n":"近隣商業地域","c":9,"bcr":80,"far":200},"geometry":{"type":"Polygon","coordinates":[[[139.23991,36.34035],[139.23992,36.34054],[139.23996,36.34057],[139.24072,36.34097],[139.24078,36.341],[139.24081,36.34102],[139.24096,36.34109],[139.24128,36.34126],[139.24144,36.34135],[139.24162,36.34143],[139.24165,36.34145],[139.24167,36.34147],[139.24196,36.34161],[139.24221,36.34174],[139.2427,36.342],[139.2429,36.3421],[139.24315,36.34224],[139.24322,36.34227],[139.24323,36.34228],[139.24339,36.34237],[139.24355,36.34246],[139.24358,36.34247],[139.24389,36.34264],[139.24401,36.3427],[139.24407,36.34273],[139.24412,36.34276],[139.24424,36.34283],[139.24453,36.34302],[139.2447,36.34312],[139.24476,36.34318],[139.24513,36.34342],[139.24537,36.34357],[139.24544,36.34362],[139.24545,36.34362],[139.24559,36.34371],[139.24585,36.3439],[139.24594,36.34396],[139.2461,36.34407],[139.24628,36.34418],[139.24646,36.3443],[139.24681,36.34453],[139.24687,36.34457],[139.2469,36.34459],[139.24719,36.34478],[139.24768,36.34511],[139.24775,36.34515],[139.24795,36.34528],[139.24855,36.34568],[139.24859,36.3457],[139.24873,36.34579],[139.24905,36.34565],[139.24904,36.34564],[139.2479,36.3449],[139.24583,36.34352],[139.24492,36.34293],[139.24442,36.3426],[139.2442,36.34247],[139.24336,36.34203],[139.24313,36.34189],[139.24306,36.34186],[139.24181,36.34121],[139.24086,36.34071],[139.23991,36.34021],[139.23991,36.34035]]]}},{"type":"Feature","properties":{"n":"近隣商業地域","c":9,"bcr":80,"far":200},"geometry":{"type":"Polygon","coordinates":[[[139.16775,36.31886],[139.16776,36.31819],[139.16778,36.31768],[139.16773,36.31768],[139.16633,36.31766],[139.16614,36.31765],[139.16572,36.31765],[139.16524,36.31764],[139.16522,36.31803],[139.16522,36.31814],[139.16518,36.31884],[139.16517,36.3189],[139.16637,36.31888],[139.16712,36.31887],[139.16731,36.31887],[139.16775,36.31886]]]}},{"type":"Feature","properties":{"n":"第１種住居地域","c":5,"bcr":60,"far":200},"geometry":{"type":"Polygon","coordinates":[[[139.24952,36.32823],[139.2495,36.32832],[139.24952,36.32835],[139.24993,36.32843],[139.25015,36.32847],[139.25032,36.32849],[139.25038,36.3285],[139.25048,36.32851],[139.25057,36.32851],[139.25066,36.3285],[139.25073,36.3285],[139.25082,36.32849],[139.25088,36.32848],[139.25091,36.32847],[139.25093,36.32847],[139.25088,36.32834],[139.25087,36.32832],[139.25087,36.32818],[139.25088,36.32796],[139.25087,36.32789],[139.25087,36.32783],[139.25086,36.32775],[139.25085,36.32766],[139.25081,36.32759],[139.25071,36.32747],[139.25069,36.32745],[139.25066,36.32738],[139.25065,36.32732],[139.25064,36.3272],[139.25061,36.32694],[139.25059,36.32658],[139.25058,36.3265],[139.25055,36.32608],[139.2505,36.32543],[139.25047,36.3254],[139.24954,36.32545],[139.24955,36.32561],[139.2496,36.32627],[139.2496,36.32629],[139.24962,36.3265],[139.24963,36.32657],[139.24977,36.32705],[139.24977,36.32716],[139.24976,36.32735],[139.24975,36.32748],[139.24974,36.32764],[139.24973,36.32769],[139.2496,36.32792],[139.24958,36.32797],[139.24952,36.32823]]]}},{"type":"Feature","properties":{"n":"近隣商業地域","c":9,"bcr":80,"far":200},"geometry":{"type":"Polygon","coordinates":[[[139.18398,36.31682],[139.18409,36.31681],[139.18416,36.3168],[139.18455,36.31677],[139.18459,36.31677],[139.18556,36.31704],[139.18674,36.31732],[139.18687,36.31734],[139.18742,36.31744],[139.1874,36.31758],[139.18739,36.31765],[139.18865,36.31756],[139.18865,36.31755],[139.1886,36.31723],[139.18856,36.3171],[139.18843,36.31686],[139.18747,36.31691],[139.187,36.31676],[139.18677,36.31669],[139.1867,36.31667],[139.18625,36.31652],[139.18597,36.31643],[139.18578,36.31637],[139.1859,36.31622],[139.1846,36.31609],[139.1846,36.31599],[139.18416,36.31585],[139.18406,36.31582],[139.18396,36.31579],[139.18396,36.31624],[139.18397,36.31651],[139.18398,36.31676],[139.18398,36.31682]]]}},{"type":"Feature","properties":{"n":"準住居地域","c":7,"bcr":60,"far":200},"geometry":{"type":"Polygon","coordinates":[[[139.1989,36.31208],[139.19862,36.31211],[139.19802,36.31214],[139.19792,36.31215],[139.19792,36.31196],[139.19782,36.31202],[139.19776,36.31204],[139.19752,36.31224],[139.19749,36.31226],[139.1975,36.31245],[139.1975,36.31246],[139.1975,36.31259],[139.19751,36.31273],[139.19751,36.31298],[139.19751,36.31324],[139.19752,36.31356],[139.19752,36.31388],[139.19753,36.31403],[139.19759,36.31403],[139.19777,36.314],[139.19762,36.31423],[139.19752,36.31436],[139.19741,36.31449],[139.19731,36.3146],[139.19725,36.31468],[139.1979,36.31469],[139.19798,36.31469],[139.19805,36.31469],[139.19891,36.3147],[139.19891,36.31391],[139.19891,36.31269],[139.19891,36.31246],[139.1989,36.31208]]]}},{"type":"Feature","properties":{"n":"第１種低層住居専用地域","c":1,"bcr":40,"far":80},"geometry":{"type":"Polygon","coordinates":[[[139.16074,36.32888],[139.16078,36.32885],[139.16084,36.32882],[139.16092,36.32877],[139.16102,36.32872],[139.16111,36.32867],[139.16119,36.32863],[139.16132,36.32855],[139.16145,36.32848],[139.16153,36.32844],[139.16164,36.32837],[139.16178,36.32829],[139.16198,36.32818],[139.16179,36.32797],[139.16148,36.32764],[139.16116,36.32731],[139.16114,36.32729],[139.16105,36.32732],[139.16037,36.32759],[139.16001,36.32773],[139.15961,36.32789],[139.15953,36.32792],[139.15907,36.3281],[139.15852,36.3283],[139.15854,36.32833],[139.15914,36.32916],[139.15946,36.32959],[139.15979,36.32941],[139.15997,36.3293],[139.16011,36.32923],[139.1603,36.32912],[139.16044,36.32904],[139.16058,36.32896],[139.16072,36.32889],[139.16074,36.32888]]]}},{"type":"Feature","properties":{"n":"準工業地域","c":11,"bcr":60,"far":200},"geometry":{"type":"Polygon","coordinates":[[[139.23497,36.3228],[139.23498,36.32286],[139.23487,36.32297],[139.23469,36.32318],[139.23462,36.32327],[139.23458,36.32333],[139.23447,36.32351],[139.23444,36.32357],[139.2344,36.32366],[139.23436,36.32376],[139.23433,36.32388],[139.23427,36.32405],[139.23422,36.32418],[139.2342,36.32426],[139.23415,36.32445],[139.23412,36.32459],[139.2341,36.32473],[139.23408,36.32481],[139.23394,36.32518],[139.23382,36.32551],[139.23381,36.32555],[139.23395,36.32558],[139.23432,36.32569],[139.23495,36.32586],[139.2351,36.32589],[139.23517,36.32587],[139.2353,36.32553],[139.23535,36.32537],[139.2354,36.32518],[139.23541,36.32512],[139.23544,36.32501],[139.2355,36.32479],[139.23555,36.32464],[139.2356,36.32449],[139.23565,36.32438],[139.23573,36.32423],[139.23578,36.32414],[139.23584,36.32404],[139.23591,36.32396],[139.23623,36.32354],[139.23621,36.32349],[139.23589,36.32331],[139.23552,36.3231],[139.23546,36.32307],[139.23528,36.32297],[139.23514,36.3229],[139.23497,36.3228]]]}},{"type":"Feature","properties":{"n":"準工業地域","c":11,"bcr":60,"far":200},"geometry":{"type":"Polygon","coordinates":[[[139.19624,36.31672],[139.1972,36.31671],[139.19783,36.3167],[139.19791,36.3167],[139.19798,36.3167],[139.19891,36.31669],[139.19891,36.3147],[139.19805,36.31469],[139.19798,36.31469],[139.1979,36.31469],[139.19725,36.31468],[139.19721,36.31472],[139.19719,36.31475],[139.19717,36.31478],[139.19717,36.31481],[139.19716,36.31487],[139.19716,36.31495],[139.19714,36.31559],[139.19714,36.31562],[139.19713,36.31565],[139.19712,36.31568],[139.19624,36.31672]]]}},{"type":"Feature","properties":{"n":"準住居地域","c":7,"bcr":60,"far":200},"geometry":{"type":"Polygon","coordinates":[[[139.19848,36.30733],[139.19837,36.30736],[139.19818,36.3074],[139.19817,36.30738],[139.19815,36.30739],[139.19809,36.30739],[139.198,36.30741],[139.19794,36.30741],[139.19764,36.30746],[139.19761,36.30746],[139.19753,36.30748],[139.19742,36.30751],[139.19733,36.30753],[139.19732,36.30753],[139.19737,36.30847],[139.19738,36.30886],[139.19743,36.30889],[139.19757,36.31049],[139.1976,36.3109],[139.19789,36.31088],[139.1979,36.31144],[139.19804,36.31143],[139.19841,36.31142],[139.19849,36.31132],[139.19854,36.31125],[139.19857,36.31121],[139.19858,36.31118],[139.1986,36.31114],[139.19863,36.31108],[139.19865,36.31104],[139.19867,36.31099],[139.19869,36.31094],[139.19869,36.31091],[139.1987,36.31086],[139.19871,36.31077],[139.19872,36.3107],[139.19874,36.31057],[139.19859,36.30889],[139.19861,36.30885],[139.19857,36.30836],[139.19848,36.30733]]]}},{"type":"Feature","properties":{"n":"第２種住居地域","c":6,"bcr":60,"far":200},"geometry":{"type":"Polygon","coordinates":[[[139.26149,36.27888],[139.26229,36.27875],[139.26273,36.28044],[139.26278,36.28078],[139.26287,36.28077],[139.26293,36.2807],[139.26335,36.28062],[139.26353,36.28059],[139.26347,36.2803],[139.26342,36.28012],[139.26337,36.27993],[139.26334,36.27981],[139.26337,36.2798],[139.26335,36.27975],[139.26331,36.27958],[139.26315,36.27898],[139.26308,36.27871],[139.26304,36.27858],[139.26273,36.27742],[139.2627,36.2773],[139.26258,36.27687],[139.26258,36.27685],[139.26256,36.27678],[139.26193,36.27688],[139.2618,36.27691],[139.26168,36.27693],[139.261,36.27706],[139.26115,36.27762],[139.26149,36.27888]]]}},{"type":"Feature","properties":{"n":"第１種低層住居専用地域","c":1,"bcr":40,"far":80},"geometry":{"type":"Polygon","coordinates":[[[139.17902,36.32208],[139.17903,36.32212],[139.17926,36.32335],[139.1801,36.32324],[139.18023,36.32322],[139.18151,36.32294],[139.18161,36.3229],[139.18203,36.32263],[139.18252,36.32232],[139.18251,36.32189],[139.18229,36.32188],[139.18142,36.32186],[139.18137,36.32154],[139.17894,36.32163],[139.179,36.32202],[139.17902,36.32208]]]}},{"type":"Feature","properties":{"n":"準工業地域","c":11,"bcr":60,"far":200},"geometry":{"type":"Polygon","coordinates":[[[139.23807,36.3243],[139.23788,36.32422],[139.23783,36.32425],[139.23743,36.32524],[139.23739,36.32532],[139.23735,36.32542],[139.2371,36.32603],[139.23703,36.32618],[139.23698,36.3263],[139.23696,36.32635],[139.23687,36.32658],[139.23676,36.32684],[139.23642,36.32769],[139.23638,36.32778],[139.23619,36.32823],[139.23609,36.3285],[139.23602,36.32871],[139.23601,36.32874],[139.23597,36.32882],[139.23582,36.32921],[139.23573,36.32941],[139.23571,36.32947],[139.23549,36.32996],[139.23535,36.33033],[139.23533,36.33033],[139.23532,36.33034],[139.23531,36.33035],[139.23505,36.33101],[139.23488,36.33142],[139.23487,36.33149],[139.2348,36.33167],[139.2347,36.33192],[139.23466,36.33205],[139.23459,36.33227],[139.23464,36.33223],[139.23471,36.33219],[139.23481,36.33214],[139.23518,36.33197],[139.23529,36.33192],[139.23534,36.33174],[139.23542,36.3316],[139.23543,36.33152],[139.23581,36.3306],[139.23584,36.33057],[139.23637,36.32933],[139.23653,36.3289],[139.23663,36.32873],[139.23676,36.32831],[139.23675,36.3283],[139.23715,36.32734],[139.23787,36.32559],[139.23835,36.32443],[139.23807,36.3243]]]}},{"type":"Feature","properties":{"n":"第２種住居地域","c":6,"bcr":60,"far":200},"geometry":{"type":"Polygon","coordinates":[[[139.25293,36.27484],[139.25313,36.27474],[139.25331,36.27463],[139.2535,36.27452],[139.25405,36.27421],[139.25415,36.27416],[139.25419,36.27414],[139.25428,36.27409],[139.2545,36.27397],[139.2546,36.27391],[139.25463,36.2739],[139.25482,36.2738],[139.25485,36.27378],[139.25492,36.27372],[139.25513,36.27363],[139.25533,36.27354],[139.25559,36.27343],[139.25582,36.27333],[139.25592,36.27328],[139.25598,36.27325],[139.25605,36.27323],[139.2563,36.27312],[139.25639,36.27309],[139.25657,36.27303],[139.25693,36.27291],[139.25712,36.27285],[139.25717,36.27283],[139.2572,36.27282],[139.25718,36.27276],[139.25704,36.27206],[139.25658,36.27218],[139.25642,36.27224],[139.25635,36.27226],[139.25624,36.27231],[139.25612,36.27236],[139.25588,36.27244],[139.25557,36.27252],[139.25521,36.27261],[139.25495,36.27268],[139.25472,36.27275],[139.25447,36.27284],[139.25416,36.27294],[139.2541,36.27295],[139.25295,36.27307],[139.2529,36.27351],[139.25286,36.27377],[139.25282,36.27408],[139.2528,36.27417],[139.25277,36.27424],[139.25265,36.27457],[139.25262,36.27465],[139.25258,36.27482],[139.25293,36.27484]]]}},{"type":"Feature","properties":{"n":"第２種住居地域","c":6,"bcr":60,"far":200},"geometry":{"type":"Polygon","coordinates":[[[139.24731,36.27653],[139.24743,36.27666],[139.24744,36.27681],[139.24747,36.277],[139.24741,36.27701],[139.24741,36.27703],[139.24742,36.27704],[139.24744,36.27718],[139.24746,36.2773],[139.24745,36.27733],[139.24749,36.27741],[139.24737,36.27742],[139.24722,36.27756],[139.24719,36.27759],[139.24717,36.27762],[139.24718,36.27765],[139.24719,36.27782],[139.2472,36.27791],[139.24721,36.27795],[139.24723,36.27799],[139.24726,36.27803],[139.24729,36.27806],[139.24733,36.2782],[139.24729,36.27821],[139.24748,36.27872],[139.24751,36.27871],[139.24765,36.27903],[139.24762,36.27904],[139.24768,36.27919],[139.24774,36.27917],[139.24792,36.27911],[139.24806,36.27902],[139.2483,36.2789],[139.24837,36.27886],[139.2484,36.27885],[139.24854,36.27878],[139.2487,36.27867],[139.24881,36.2786],[139.24883,36.27858],[139.24888,36.27855],[139.24893,36.27852],[139.24896,36.2785],[139.24914,36.27838],[139.24916,36.27836],[139.24917,36.27836],[139.24924,36.27831],[139.24929,36.27828],[139.24932,36.27825],[139.24974,36.27799],[139.24977,36.27797],[139.24973,36.27776],[139.24965,36.27741],[139.24958,36.27707],[139.2495,36.27673],[139.24947,36.27656],[139.24731,36.27653]]]}},{"type":"Feature","properties":{"n":"準工業地域","c":11,"bcr":60,"far":200},"geometry":{"type":"Polygon","coordinates":[[[139.23398,36.3326],[139.23422,36.33212],[139.23437,36.33178],[139.23437,36.33172],[139.23438,36.33168],[139.2346,36.33114],[139.23462,36.3311],[139.23433,36.33102],[139.23409,36.33095],[139.23368,36.33194],[139.23345,36.33246],[139.2333,36.33276],[139.23297,36.33347],[139.23245,36.33443],[139.2315,36.3358],[139.23137,36.33574],[139.23057,36.33533],[139.22602,36.33295],[139.22601,36.33327],[139.22603,36.33328],[139.2266,36.33359],[139.22709,36.33384],[139.2272,36.3339],[139.22744,36.33402],[139.22787,36.33425],[139.22792,36.33427],[139.22828,36.33446],[139.22837,36.33451],[139.22849,36.33457],[139.22855,36.33459],[139.22895,36.3348],[139.22899,36.33482],[139.2291,36.33488],[139.22928,36.33498],[139.2294,36.33504],[139.22946,36.33508],[139.22959,36.33514],[139.22976,36.33524],[139.23015,36.33544],[139.23021,36.33547],[139.23023,36.33548],[139.23065,36.33569],[139.23086,36.33581],[139.23091,36.33583],[139.23102,36.33588],[139.23111,36.33593],[139.23137,36.33607],[139.23155,36.33617],[139.2316,36.33619],[139.23163,36.33621],[139.23164,36.33621],[139.23185,36.33618],[139.23185,36.33617],[139.23187,36.33615],[139.23191,36.33609],[139.23192,36.33608],[139.23192,36.33607],[139.23194,36.33606],[139.23196,36.33604],[139.23196,36.33604],[139.23198,36.33603],[139.2328,36.33486],[139.23289,36.33473],[139.23299,36.33459],[139.23303,36.33448],[139.23338,36.33382],[139.23398,36.3326]]]}},{"type":"Feature","properties":{"n":"準住居地域","c":7,"bcr":60,"far":200},"geometry":{"type":"Polygon","coordinates":[[[139.25485,36.28106],[139.25484,36.28102],[139.25474,36.28065],[139.25462,36.28021],[139.25462,36.2802],[139.25426,36.28027],[139.25426,36.28027],[139.25422,36.28028],[139.2542,36.28029],[139.25394,36.28033],[139.2539,36.28035],[139.25374,36.28042],[139.25364,36.28046],[139.25357,36.28048],[139.25332,36.28056],[139.253,36.28064],[139.25318,36.28134],[139.2532,36.28144],[139.25322,36.28153],[139.25323,36.28156],[139.25324,36.28159],[139.25327,36.28173],[139.25327,36.28175],[139.25325,36.28177],[139.25324,36.28178],[139.25218,36.28221],[139.25123,36.2826],[139.25116,36.28262],[139.25107,36.28265],[139.2507,36.28281],[139.24989,36.28315],[139.24937,36.28341],[139.24924,36.28346],[139.24935,36.2839],[139.24963,36.28379],[139.2501,36.2836],[139.25045,36.28345],[139.25079,36.28332],[139.25107,36.2832],[139.25124,36.28314],[139.25132,36.2831],[139.25312,36.28238],[139.25338,36.28227],[139.25361,36.28219],[139.25389,36.28209],[139.25418,36.28201],[139.25448,36.28192],[139.2547,36.28186],[139.25497,36.28179],[139.25505,36.28178],[139.25504,36.28173],[139.25498,36.28151],[139.25488,36.28113],[139.25485,36.28106]]]}},{"type":"Feature","properties":{"n":"近隣商業地域","c":9,"bcr":80,"far":200},"geometry":{"type":"Polygon","coordinates":[[[139.20887,36.32565],[139.20887,36.32558],[139.20889,36.3253],[139.20855,36.32526],[139.20846,36.32524],[139.20838,36.32523],[139.20781,36.32515],[139.20763,36.32512],[139.20757,36.32511],[139.2073,36.32507],[139.20712,36.32505],[139.20653,36.32496],[139.2049,36.32473],[139.20488,36.32472],[139.20482,36.32471],[139.20328,36.32449],[139.20327,36.32452],[139.20326,36.32458],[139.20325,36.32461],[139.20325,36.32464],[139.20324,36.32471],[139.20324,36.32474],[139.20324,36.32478],[139.20323,36.32487],[139.20323,36.32488],[139.20321,36.32497],[139.20318,36.32511],[139.20317,36.32517],[139.20317,36.32519],[139.20476,36.32541],[139.20636,36.32563],[139.20675,36.32568],[139.20774,36.3258],[139.20769,36.32602],[139.20766,36.32613],[139.20765,36.32621],[139.20764,36.32627],[139.20764,36.32632],[139.20765,36.32635],[139.20766,36.32638],[139.20775,36.32653],[139.20795,36.32683],[139.20802,36.32694],[139.20802,36.32695],[139.20809,36.3272],[139.20826,36.32764],[139.20828,36.3276],[139.2083,36.32755],[139.20831,36.32749],[139.20831,36.32749],[139.20831,36.32748],[139.20834,36.32742],[139.20835,36.3274],[139.20838,36.32734],[139.20843,36.32725],[139.20844,36.32722],[139.20846,36.32717],[139.20849,36.32712],[139.20857,36.32695],[139.20862,36.32686],[139.20866,36.32675],[139.20869,36.32668],[139.20871,36.3266],[139.20875,36.32646],[139.20878,36.32634],[139.20882,36.32616],[139.20884,36.32606],[139.20884,36.32603],[139.20884,36.32599],[139.20886,36.32577],[139.20886,36.32572],[139.20887,36.32565]]]}},{"type":"Feature","properties":{"n":"第１種住居地域","c":5,"bcr":60,"far":200},"geometry":{"type":"Polygon","coordinates":[[[139.21701,36.30047],[139.21702,36.30054],[139.21715,36.30115],[139.2171,36.30199],[139.21758,36.302],[139.21897,36.30008],[139.21972,36.29905],[139.22019,36.29842],[139.22039,36.29818],[139.2205,36.29806],[139.22045,36.29802],[139.22039,36.29795],[139.22023,36.29774],[139.22005,36.29752],[139.21994,36.2974],[139.21978,36.29724],[139.21974,36.29721],[139.21969,36.29721],[139.21871,36.29727],[139.21884,36.29885],[139.21886,36.29895],[139.2189,36.29944],[139.21817,36.29947],[139.21821,36.30046],[139.21701,36.30047]]]}},{"type":"Feature","properties":{"n":"第１種住居地域","c":5,"bcr":60,"far":200},"geometry":{"type":"Polygon","coordinates":[[[139.18618,36.32159],[139.18608,36.32185],[139.18591,36.32237],[139.18575,36.32271],[139.18567,36.32287],[139.18569,36.32307],[139.18573,36.32358],[139.18577,36.32395],[139.18583,36.32464],[139.18585,36.32483],[139.18592,36.32478],[139.18594,36.32476],[139.18599,36.32473],[139.18601,36.32471],[139.18609,36.32464],[139.18618,36.32456],[139.18638,36.32439],[139.18641,36.32435],[139.18649,36.32432],[139.18665,36.32415],[139.18674,36.32403],[139.18679,36.32396],[139.18685,36.3239],[139.18685,36.3239],[139.18699,36.32373],[139.18712,36.32356],[139.1873,36.32333],[139.1879,36.32251],[139.18797,36.32241],[139.18808,36.32223],[139.18812,36.32217],[139.18812,36.32215],[139.18813,36.32213],[139.18818,36.32205],[139.18821,36.32197],[139.18822,36.32194],[139.18824,36.3219],[139.18829,36.32179],[139.18836,36.32166],[139.18844,36.32146],[139.18847,36.32142],[139.18853,36.32124],[139.18786,36.32136],[139.18708,36.32149],[139.18701,36.32151],[139.18685,36.32153],[139.1868,36.32154],[139.18668,36.32155],[139.18656,36.32156],[139.1864,36.32158],[139.18618,36.32159]]]}},{"type":"Feature","properties":{"n":"近隣商業地域","c":9,"bcr":80,"far":200},"geometry":{"type":"Polygon","coordinates":[[[139.20297,36.30214],[139.20293,36.3022],[139.20288,36.30226],[139.2028,36.30238],[139.20261,36.3024],[139.20256,36.30253],[139.2025,36.30267],[139.20261,36.30274],[139.20267,36.30278],[139.2028,36.3029],[139.2029,36.303],[139.20292,36.30302],[139.20303,36.30313],[139.20304,36.30314],[139.20312,36.30323],[139.2032,36.30331],[139.20328,36.30339],[139.2033,36.30342],[139.20341,36.30354],[139.2035,36.30363],[139.20357,36.30371],[139.20361,36.30376],[139.20364,36.30381],[139.20367,36.30386],[139.2037,36.30394],[139.20371,36.30397],[139.20373,36.30402],[139.20374,36.30406],[139.20374,36.30409],[139.20374,36.30413],[139.20374,36.30417],[139.20374,36.3042],[139.20374,36.30424],[139.20373,36.30428],[139.20373,36.3043],[139.20368,36.30442],[139.20359,36.30463],[139.20353,36.30479],[139.20351,36.30484],[139.20349,36.30487],[139.20348,36.3049],[139.20347,36.30493],[139.2034,36.30508],[139.2034,36.30511],[139.20332,36.30529],[139.20331,36.30531],[139.20329,36.30535],[139.20322,36.30552],[139.20321,36.30555],[139.20319,36.30561],[139.20315,36.3057],[139.2031,36.30585],[139.20309,36.30588],[139.20307,36.30593],[139.20301,36.30611],[139.20299,36.30616],[139.20297,36.3062],[139.20293,36.30631],[139.20292,36.30633],[139.20291,36.30638],[139.2029,36.30639],[139.2029,36.3064],[139.20287,36.30644],[139.20283,36.3065],[139.20277,36.3066],[139.20273,36.30665],[139.20263,36.3068],[139.20252,36.30695],[139.2024,36.30713],[139.20255,36.30718],[139.20267,36.30722],[139.20276,36.30724],[139.20282,36.30725],[139.20291,36.30728],[139.20295,36.30728],[139.203,36.30729],[139.20316,36.30729],[139.20321,36.30721],[139.20329,36.30709],[139.20341,36.30692],[139.20345,36.30687],[139.20347,36.30683],[139.2035,36.30679],[139.20351,36.30678],[139.20353,36.30674],[139.20356,36.3067],[139.20358,36.30667],[139.20361,36.30661],[139.20363,36.30657],[139.20365,36.30653],[139.20366,36.30649],[139.2037,36.30639],[139.20376,36.30622],[139.20381,36.30607],[139.20383,36.30603],[139.20386,36.30594],[139.2039,36.30583],[139.20392,36.30578],[139.20398,36.30562],[139.20401,36.30556],[139.20406,36.30542],[139.20409,36.30536],[139.20411,36.3053],[139.20413,36.30526],[139.20419,36.30511],[139.20426,36.30495],[139.20427,36.30492],[139.20433,36.30477],[139.20439,36.30464],[139.20463,36.30466],[139.20473,36.30467],[139.20485,36.30467],[139.20493,36.30468],[139.20505,36.30468],[139.20511,36.30468],[139.20582,36.30467],[139.20583,36.30467],[139.20594,36.30467],[139.20601,36.30467],[139.20623,36.30467],[139.20633,36.30467],[139.20633,36.30464],[139.20633,36.30457],[139.20634,36.3045],[139.20635,36.30442],[139.20638,36.30433],[139.20642,36.3042],[139.20649,36.30405],[139.20639,36.30405],[139.20636,36.30405],[139.20601,36.30405],[139.2057,36.30406],[139.20557,36.30406],[139.2055,36.30406],[139.20548,36.30406],[139.20545,36.30406],[139.20527,36.30407],[139.20526,36.30407],[139.2051,36.30407],[139.20506,36.30407],[139.20495,36.30407],[139.20486,36.30406],[139.20486,36.30406],[139.20474,36.30405],[139.20463,36.30405],[139.20453,36.30404],[139.20451,36.30404],[139.20449,36.30403],[139.20449,36.304],[139.20448,36.30397],[139.20448,36.30393],[139.20447,36.30389],[139.20445,36.30382],[139.20443,36.30376],[139.2044,36.30369],[139.20438,36.30364],[139.20435,36.30358],[139.20431,36.30352],[139.20428,36.30347],[139.20423,36.3034],[139.2042,36.30336],[139.20411,36.30327],[139.20405,36.30321],[139.20401,36.30316],[139.20393,36.30308],[139.20383,36.30297],[139.20379,36.30293],[139.20373,36.30286],[139.20365,36.30278],[139.20352,36.30265],[139.20339,36.3025],[139.20327,36.30237],[139.20317,36.30229],[139.20315,36.30227],[139.20312,36.30225],[139.20297,36.30214]]]}},{"type":"Feature","properties":{"n":"近隣商業地域","c":9,"bcr":80,"far":200},"geometry":{"type":"Polygon","coordinates":[[[139.21701,36.32902],[139.21811,36.32959],[139.21813,36.32961],[139.2188,36.32996],[139.21904,36.3301],[139.21937,36.33029],[139.21953,36.33038],[139.22028,36.33077],[139.22176,36.33156],[139.22286,36.33214],[139.22296,36.33188],[139.22296,36.33186],[139.22302,36.33171],[139.22305,36.33163],[139.2231,36.33149],[139.22311,36.33142],[139.22313,36.33134],[139.21988,36.32963],[139.21935,36.32942],[139.2186,36.32902],[139.21855,36.32901],[139.21722,36.32831],[139.21707,36.32823],[139.21703,36.32853],[139.21703,36.32871],[139.21701,36.32902]]]}},{"type":"Feature","properties":{"n":"商業地域","c":10,"bcr":80,"far":200},"geometry":{"type":"Polygon","coordinates":[[[139.23462,36.3311],[139.23482,36.33059],[139.23485,36.33054],[139.2349,36.3304],[139.23496,36.33027],[139.23499,36.3302],[139.23519,36.32972],[139.23523,36.32961],[139.23564,36.32864],[139.23477,36.32839],[139.23421,36.32823],[139.23371,36.3281],[139.23368,36.32809],[139.23367,36.32812],[139.23321,36.32918],[139.23307,36.3295],[139.23263,36.33051],[139.23262,36.33053],[139.23265,36.33054],[139.23276,36.33058],[139.23364,36.33082],[139.23367,36.33083],[139.23384,36.33088],[139.23405,36.33094],[139.23409,36.33095],[139.23433,36.33102],[139.23462,36.3311]]]}},{"type":"Feature","properties":{"n":"第１種低層住居専用地域","c":1,"bcr":40,"far":80},"geometry":{"type":"Polygon","coordinates":[[[139.16542,36.32427],[139.16507,36.32464],[139.16496,36.32474],[139.16433,36.32523],[139.16394,36.3255],[139.16389,36.32553],[139.16381,36.32558],[139.16348,36.32579],[139.16299,36.32612],[139.16251,36.32644],[139.16225,36.3266],[139.16206,36.32671],[139.16192,36.32679],[139.1618,36.32688],[139.16164,36.32698],[139.16179,36.32715],[139.16248,36.32786],[139.16296,36.32759],[139.16301,36.32756],[139.16343,36.32732],[139.16352,36.32726],[139.16426,36.32685],[139.16393,36.32654],[139.16417,36.32641],[139.16455,36.32608],[139.16501,36.32643],[139.16505,36.32641],[139.16536,36.3262],[139.16546,36.32612],[139.16571,36.32591],[139.16584,36.3258],[139.16589,36.32575],[139.16594,36.32571],[139.16595,36.32569],[139.16596,36.32566],[139.16596,36.32564],[139.16595,36.32562],[139.1659,36.32547],[139.16585,36.32536],[139.16582,36.32528],[139.16576,36.32503],[139.16574,36.32492],[139.16573,36.32485],[139.16572,36.32474],[139.1657,36.32466],[139.16558,36.32446],[139.16542,36.32427]]]}},{"type":"Feature","properties":{"n":"第１種中高層住居専用地域","c":3,"bcr":60,"far":200},"geometry":{"type":"Polygon","coordinates":[[[139.26087,36.27615],[139.26076,36.27571],[139.26063,36.27524],[139.26035,36.27417],[139.26024,36.27377],[139.2601,36.27325],[139.25977,36.27277],[139.25976,36.27276],[139.25913,36.27297],[139.25868,36.27319],[139.25825,36.27336],[139.25817,36.27362],[139.25864,36.27446],[139.25921,36.27548],[139.25973,36.27641],[139.2606,36.27618],[139.26082,36.27617],[139.26087,36.27615]]]}},{"type":"Feature","properties":{"n":"第２種低層住居専用地域","c":2,"bcr":50,"far":100},"geometry":{"type":"Polygon","coordinates":[[[139.2035,36.33056],[139.20375,36.33056],[139.20374,36.33039],[139.20432,36.33037],[139.20484,36.33038],[139.20481,36.33063],[139.20531,36.33068],[139.20535,36.33068],[139.20537,36.3304],[139.2054,36.32998],[139.20542,36.32979],[139.20549,36.32895],[139.20547,36.32894],[139.20539,36.3289],[139.20532,36.32887],[139.20507,36.32876],[139.20495,36.32871],[139.20482,36.32865],[139.20239,36.32763],[139.20205,36.32749],[139.20204,36.32749],[139.20204,36.32751],[139.20203,36.32759],[139.20204,36.32771],[139.20205,36.32782],[139.20206,36.32787],[139.20209,36.32798],[139.2021,36.32803],[139.20211,36.32805],[139.20219,36.32818],[139.20227,36.32829],[139.20244,36.32851],[139.20255,36.32865],[139.20257,36.32867],[139.20263,36.32873],[139.2027,36.32881],[139.20294,36.32909],[139.20298,36.32914],[139.20308,36.32928],[139.20316,36.32938],[139.20323,36.32951],[139.20332,36.32973],[139.20341,36.32998],[139.20342,36.33],[139.20343,36.33008],[139.20345,36.33017],[139.20347,36.33027],[139.20347,36.33036],[139.20348,36.33043],[139.2035,36.33055],[139.2035,36.33056]]]}},{"type":"Feature","properties":{"n":"第１種住居地域","c":5,"bcr":60,"far":200},"geometry":{"type":"Polygon","coordinates":[[[139.1995,36.32623],[139.19951,36.32628],[139.19952,36.32634],[139.19952,36.32639],[139.19953,36.32644],[139.19954,36.32654],[139.19959,36.32698],[139.20112,36.32686],[139.20129,36.32787],[139.20132,36.32787],[139.20132,36.32784],[139.2013,36.3277],[139.2013,36.3277],[139.20129,36.32759],[139.20129,36.32734],[139.20133,36.32714],[139.20137,36.32697],[139.2014,36.32691],[139.20141,36.32686],[139.20141,36.32685],[139.20144,36.32681],[139.20145,36.32677],[139.20146,36.32675],[139.20146,36.32674],[139.20155,36.32678],[139.20168,36.32658],[139.20168,36.32657],[139.2017,36.32655],[139.20173,36.32651],[139.20175,36.32648],[139.20175,36.32647],[139.20176,36.32646],[139.20198,36.32614],[139.20204,36.32606],[139.20209,36.326],[139.2021,36.32598],[139.20213,36.32594],[139.20216,36.32589],[139.2022,36.32582],[139.20226,36.32571],[139.20229,36.32567],[139.20232,36.32561],[139.20237,36.32551],[139.2024,36.32547],[139.20242,36.32542],[139.20246,36.32532],[139.20248,36.32527],[139.20249,36.32524],[139.2025,36.32521],[139.20251,36.32518],[139.20251,36.32517],[139.20253,36.32508],[139.20253,36.32505],[139.20146,36.3249],[139.20142,36.32489],[139.20126,36.32487],[139.20065,36.32478],[139.20063,36.32477],[139.20002,36.32468],[139.19934,36.32474],[139.19931,36.32475],[139.19934,36.32492],[139.19937,36.32519],[139.19947,36.32598],[139.1995,36.32623]]]}},{"type":"Feature","properties":{"n":"第２種住居地域","c":6,"bcr":60,"far":200},"geometry":{"type":"Polygon","coordinates":[[[139.20097,36.32076],[139.20093,36.32088],[139.2009,36.32098],[139.20087,36.32108],[139.20081,36.32125],[139.20075,36.32141],[139.2007,36.32157],[139.20064,36.32174],[139.20059,36.32188],[139.20054,36.32203],[139.20048,36.3222],[139.20043,36.32237],[139.20039,36.32247],[139.20039,36.32248],[139.20035,36.3226],[139.2003,36.32274],[139.20025,36.32288],[139.2002,36.32301],[139.20014,36.32314],[139.20007,36.32331],[139.19999,36.32347],[139.19994,36.32356],[139.1999,36.32364],[139.19985,36.32372],[139.19983,36.32375],[139.19992,36.32376],[139.19999,36.32376],[139.20083,36.32378],[139.20082,36.32297],[139.20085,36.32297],[139.20175,36.323],[139.20257,36.32303],[139.2026,36.32259],[139.2026,36.32254],[139.20325,36.32256],[139.20324,36.3225],[139.20323,36.32248],[139.20323,36.32242],[139.20324,36.32238],[139.20331,36.32221],[139.20324,36.32214],[139.20311,36.322],[139.20303,36.32191],[139.20299,36.32187],[139.20294,36.3218],[139.20292,36.32177],[139.2029,36.32174],[139.20288,36.32169],[139.20286,36.3216],[139.20285,36.32152],[139.20284,36.32146],[139.20283,36.32144],[139.20282,36.32143],[139.20279,36.32139],[139.20276,36.32137],[139.20272,36.32136],[139.20271,36.32134],[139.20268,36.3212],[139.20264,36.32111],[139.20262,36.32106],[139.20255,36.32095],[139.20253,36.32091],[139.20251,36.32085],[139.20245,36.32085],[139.20235,36.32082],[139.2023,36.3208],[139.20202,36.32078],[139.20182,36.32077],[139.20168,36.32077],[139.20146,36.32077],[139.2014,36.32077],[139.20112,36.32077],[139.20105,36.32077],[139.20097,36.32076]]]}},{"type":"Feature","properties":{"n":"第２種住居地域","c":6,"bcr":60,"far":200},"geometry":{"type":"Polygon","coordinates":[[[139.26121,36.27201],[139.26118,36.27202],[139.26093,36.2721],[139.26078,36.27214],[139.26071,36.27216],[139.26045,36.27224],[139.25989,36.27241],[139.25965,36.2725],[139.25961,36.2725],[139.25976,36.27276],[139.25977,36.27277],[139.2601,36.27325],[139.26024,36.27377],[139.26035,36.27417],[139.26063,36.27524],[139.26076,36.27571],[139.26087,36.27615],[139.26157,36.27602],[139.26162,36.27601],[139.2618,36.27603],[139.26192,36.27604],[139.26198,36.27605],[139.26204,36.27604],[139.26228,36.276],[139.26196,36.27481],[139.26185,36.27437],[139.26173,36.27393],[139.26161,36.27347],[139.26148,36.27299],[139.26137,36.27257],[139.26137,36.27256],[139.26125,36.27211],[139.26121,36.27201]]]}},{"type":"Feature","properties":{"n":"近隣商業地域","c":9,"bcr":80,"far":200},"geometry":{"type":"Polygon","coordinates":[[[139.1989,36.31208],[139.19902,36.31207],[139.19913,36.31207],[139.19924,36.31206],[139.19931,36.31206],[139.19935,36.31206],[139.19962,36.31204],[139.19985,36.31203],[139.19995,36.31203],[139.2004,36.312],[139.20075,36.31198],[139.20081,36.31198],[139.20089,36.31198],[139.20111,36.31197],[139.20153,36.31194],[139.20176,36.31193],[139.20188,36.31193],[139.20202,36.31192],[139.20223,36.31191],[139.20247,36.31189],[139.20255,36.31189],[139.20274,36.31188],[139.20307,36.31186],[139.20317,36.31185],[139.20335,36.31185],[139.20337,36.31184],[139.20366,36.31183],[139.20379,36.31182],[139.20385,36.31182],[139.20403,36.31181],[139.20413,36.3118],[139.20443,36.31179],[139.20445,36.31179],[139.20468,36.31177],[139.20495,36.31176],[139.20495,36.31176],[139.20517,36.31175],[139.20523,36.31174],[139.20542,36.31173],[139.2055,36.31173],[139.20575,36.31172],[139.20577,36.31172],[139.20584,36.31171],[139.20597,36.31171],[139.20616,36.3117],[139.20645,36.31168],[139.20647,36.31168],[139.20658,36.31167],[139.20654,36.31134],[139.20658,36.31099],[139.20648,36.311],[139.20647,36.311],[139.20593,36.31103],[139.20589,36.31103],[139.20575,36.31104],[139.20554,36.31105],[139.20549,36.31105],[139.20539,36.31106],[139.20519,36.31107],[139.20514,36.31107],[139.20492,36.31108],[139.2047,36.3111],[139.20462,36.3111],[139.20452,36.3111],[139.20444,36.31111],[139.20428,36.31112],[139.20404,36.31113],[139.20389,36.31114],[139.20383,36.31114],[139.20374,36.31115],[139.20359,36.31116],[139.20347,36.31116],[139.20334,36.31117],[139.20319,36.31118],[139.20297,36.31119],[139.20282,36.3112],[139.20264,36.31121],[139.20259,36.31121],[139.20251,36.31121],[139.20233,36.31122],[139.2021,36.31123],[139.20195,36.31124],[139.2018,36.31125],[139.20175,36.31125],[139.20161,36.31126],[139.20153,36.31127],[139.2013,36.31128],[139.20116,36.31129],[139.20112,36.31129],[139.20074,36.31131],[139.20054,36.31132],[139.20035,36.31133],[139.20024,36.31133],[139.20022,36.31133],[139.19991,36.31135],[139.19973,36.31136],[139.19946,36.31137],[139.19942,36.31138],[139.19938,36.31138],[139.19914,36.31139],[139.1988,36.3114],[139.19841,36.31142],[139.19804,36.31143],[139.1979,36.31144],[139.19792,36.31196],[139.19792,36.31215],[139.19802,36.31214],[139.19862,36.31211],[139.1989,36.31208]]]}},{"type":"Feature","properties":{"n":"近隣商業地域","c":9,"bcr":80,"far":200},"geometry":{"type":"Polygon","coordinates":[[[139.18996,36.31969],[139.19013,36.31969],[139.19042,36.31967],[139.19059,36.31966],[139.19124,36.31966],[139.19133,36.31818],[139.19134,36.31801],[139.19136,36.31774],[139.19136,36.3177],[139.19208,36.31778],[139.19237,36.31782],[139.19247,36.31783],[139.19269,36.31785],[139.19269,36.31785],[139.19295,36.31788],[139.19305,36.3179],[139.19309,36.31669],[139.19297,36.31669],[139.19198,36.31666],[139.19134,36.31655],[139.19128,36.31683],[139.191,36.31679],[139.19048,36.31673],[139.18997,36.31666],[139.18997,36.31667],[139.18997,36.31669],[139.18998,36.31675],[139.18999,36.31679],[139.18999,36.3168],[139.19003,36.31702],[139.19005,36.31705],[139.19003,36.31715],[139.19,36.31714],[139.18991,36.31716],[139.1899,36.31717],[139.1899,36.31732],[139.18993,36.31775],[139.18993,36.31809],[139.18994,36.31811],[139.19,36.31812],[139.18996,36.31824],[139.18997,36.3184],[139.18997,36.31861],[139.18996,36.31876],[139.18995,36.31915],[139.18995,36.31918],[139.18998,36.31967],[139.18996,36.31969]]]}},{"type":"Feature","properties":{"n":"第１種住居地域","c":5,"bcr":60,"far":200},"geometry":{"type":"Polygon","coordinates":[[[139.26353,36.28059],[139.26367,36.28057],[139.26404,36.28051],[139.26447,36.28044],[139.26481,36.28039],[139.26532,36.2803],[139.26574,36.28023],[139.26614,36.28017],[139.26641,36.28012],[139.26655,36.2801],[139.26678,36.28008],[139.26687,36.28007],[139.267,36.28005],[139.2673,36.28003],[139.26749,36.28002],[139.26765,36.28001],[139.26797,36.28],[139.26847,36.28],[139.26881,36.28001],[139.26883,36.28001],[139.26883,36.27998],[139.26883,36.27989],[139.26885,36.27974],[139.26898,36.27974],[139.26919,36.27976],[139.26938,36.27977],[139.26982,36.27981],[139.26991,36.27982],[139.27032,36.27987],[139.27046,36.27989],[139.27073,36.27991],[139.27095,36.2799],[139.27105,36.2799],[139.27133,36.27988],[139.27151,36.27989],[139.27159,36.27989],[139.2716,36.27985],[139.2716,36.27984],[139.2716,36.27982],[139.27154,36.2797],[139.27154,36.27969],[139.27154,36.27968],[139.27155,36.27968],[139.27161,36.27966],[139.27162,36.27961],[139.27167,36.27936],[139.2717,36.27925],[139.2717,36.27922],[139.27128,36.27925],[139.27069,36.27927],[139.27036,36.27929],[139.26972,36.27931],[139.2691,36.27934],[139.26845,36.27936],[139.26838,36.27911],[139.26831,36.27898],[139.26823,36.279],[139.26804,36.27903],[139.26766,36.27909],[139.26735,36.27914],[139.26725,36.27916],[139.26699,36.2792],[139.26667,36.27926],[139.26549,36.27946],[139.26535,36.27948],[139.26514,36.27951],[139.26449,36.27962],[139.26418,36.27967],[139.26372,36.27974],[139.26337,36.2798],[139.26334,36.27981],[139.26337,36.27993],[139.26342,36.28012],[139.26347,36.2803],[139.26353,36.28059]]]}},{"type":"Feature","properties":{"n":"準住居地域","c":7,"bcr":60,"far":200},"geometry":{"type":"Polygon","coordinates":[[[139.25291,36.34896],[139.25292,36.34889],[139.25292,36.34885],[139.25291,36.34881],[139.25291,36.34877],[139.2529,36.34872],[139.25288,36.34868],[139.25291,36.34856],[139.25293,36.34853],[139.25294,36.34849],[139.25295,36.34842],[139.25295,36.34837],[139.25295,36.34831],[139.25294,36.34818],[139.25291,36.34798],[139.2529,36.34783],[139.25287,36.34766],[139.25285,36.34754],[139.25282,36.3474],[139.25279,36.34728],[139.25276,36.34717],[139.25271,36.34702],[139.25269,36.34697],[139.25267,36.34691],[139.25262,36.3468],[139.25254,36.34667],[139.25243,36.34652],[139.25232,36.34637],[139.25227,36.34632],[139.25225,36.3463],[139.25223,36.34628],[139.25221,36.34627],[139.25219,36.34627],[139.25217,36.34627],[139.25214,36.34628],[139.25193,36.34638],[139.25189,36.3464],[139.25183,36.34643],[139.25181,36.34635],[139.25179,36.34631],[139.25178,36.34627],[139.25175,36.34624],[139.25172,36.34622],[139.25168,36.34621],[139.25164,36.34619],[139.25159,36.34618],[139.25152,36.34616],[139.25139,36.34614],[139.25134,36.34614],[139.25132,36.34614],[139.25123,36.34615],[139.25114,36.34616],[139.25108,36.34617],[139.25102,36.34617],[139.25089,36.34617],[139.25075,36.34616],[139.25069,36.34616],[139.25063,36.34616],[139.25021,36.34616],[139.25002,36.34615],[139.24986,36.34615],[139.2498,36.34615],[139.2498,36.34615],[139.2498,36.34613],[139.24976,36.34603],[139.24975,36.34599],[139.24971,36.34583],[139.24968,36.34563],[139.24928,36.34579],[139.24895,36.34594],[139.24882,36.346],[139.2485,36.34614],[139.25098,36.34777],[139.25291,36.34898],[139.25291,36.34896]]]}},{"type":"Feature","properties":{"n":"第２種住居地域","c":6,"bcr":60,"far":200},"geometry":{"type":"Polygon","coordinates":[[[139.18723,36.3385],[139.1871,36.33718],[139.18664,36.33718],[139.18626,36.33719],[139.18599,36.33719],[139.18571,36.3372],[139.1853,36.3372],[139.1843,36.33721],[139.18335,36.33722],[139.18317,36.33723],[139.18279,36.33723],[139.18257,36.33724],[139.18258,36.33857],[139.18278,36.33856],[139.18339,36.33856],[139.18397,36.33856],[139.18493,36.33855],[139.18499,36.33855],[139.18523,36.33855],[139.18529,36.33855],[139.18585,36.33855],[139.18611,36.33854],[139.18634,36.33854],[139.18657,36.33853],[139.18669,36.33853],[139.18704,36.33853],[139.18723,36.3385]]]}},{"type":"Feature","properties":{"n":"準工業地域","c":11,"bcr":60,"far":200},"geometry":{"type":"Polygon","coordinates":[[[139.26149,36.27888],[139.26074,36.27901],[139.26,36.27913],[139.25928,36.27925],[139.25953,36.28028],[139.25953,36.28029],[139.25976,36.28121],[139.26004,36.28116],[139.26009,36.28115],[139.26051,36.28109],[139.26058,36.28107],[139.26098,36.28101],[139.26134,36.28095],[139.26195,36.28086],[139.26214,36.28083],[139.26229,36.28079],[139.26261,36.28075],[139.2627,36.2808],[139.26278,36.28078],[139.26273,36.28044],[139.26229,36.27875],[139.26149,36.27888]]]}},{"type":"Feature","properties":{"n":"第２種住居地域","c":6,"bcr":60,"far":200},"geometry":{"type":"Polygon","coordinates":[[[139.25976,36.28121],[139.25953,36.28029],[139.2583,36.28048],[139.25828,36.28039],[139.25818,36.27998],[139.25806,36.2795],[139.25805,36.27946],[139.25722,36.27959],[139.25638,36.27972],[139.25638,36.27973],[139.25664,36.28075],[139.25485,36.28106],[139.25488,36.28113],[139.25498,36.28151],[139.25504,36.28173],[139.25505,36.28178],[139.25511,36.28202],[139.25589,36.28184],[139.25613,36.2818],[139.25664,36.28171],[139.25714,36.28163],[139.2572,36.28162],[139.25753,36.28157],[139.25785,36.28152],[139.25788,36.28151],[139.25857,36.2814],[139.25893,36.28134],[139.259,36.28133],[139.25954,36.28124],[139.25976,36.28121]]]}},{"type":"Feature","properties":{"n":"第２種住居地域","c":6,"bcr":60,"far":200},"geometry":{"type":"Polygon","coordinates":[[[139.23148,36.33665],[139.23101,36.33637],[139.23064,36.33614],[139.2292,36.33538],[139.22889,36.33523],[139.2284,36.33497],[139.22842,36.33504],[139.22842,36.33505],[139.22843,36.33507],[139.22844,36.33511],[139.22844,36.33515],[139.22845,36.33518],[139.22845,36.33526],[139.22845,36.33531],[139.22843,36.33538],[139.22843,36.33541],[139.22842,36.33543],[139.22842,36.33546],[139.22843,36.33547],[139.22843,36.3355],[139.22844,36.33553],[139.22846,36.33556],[139.22848,36.3356],[139.2285,36.33567],[139.22852,36.33573],[139.22853,36.33576],[139.22855,36.3358],[139.22858,36.33586],[139.22861,36.3359],[139.22866,36.33594],[139.22874,36.33601],[139.22876,36.33604],[139.22877,36.33605],[139.22879,36.33607],[139.2288,36.33609],[139.2288,36.33613],[139.2288,36.33617],[139.2288,36.3362],[139.22879,36.33626],[139.22878,36.33631],[139.22878,36.33635],[139.22878,36.33639],[139.22878,36.33642],[139.22879,36.33646],[139.22882,36.33655],[139.22885,36.33666],[139.22887,36.33671],[139.22889,36.33675],[139.2289,36.33678],[139.22891,36.33679],[139.22889,36.3368],[139.22884,36.33686],[139.22885,36.33687],[139.22886,36.3372],[139.22886,36.33723],[139.22886,36.33739],[139.22885,36.33755],[139.22885,36.33768],[139.22886,36.33785],[139.22886,36.33794],[139.22886,36.338],[139.22887,36.33829],[139.22887,36.33876],[139.22887,36.33882],[139.22887,36.3389],[139.22888,36.33941],[139.22888,36.33958],[139.22888,36.33966],[139.22888,36.33968],[139.22887,36.33969],[139.22894,36.33962],[139.22908,36.33946],[139.22936,36.33916],[139.22957,36.33894],[139.22976,36.33873],[139.22993,36.33854],[139.23007,36.33839],[139.23016,36.33828],[139.23031,36.33813],[139.23046,36.33794],[139.23061,36.33777],[139.23069,36.33767],[139.23083,36.33751],[139.23096,36.33736],[139.23106,36.33724],[139.23115,36.33713],[139.23134,36.33689],[139.23139,36.33682],[139.23141,36.33677],[139.23145,36.33669],[139.23148,36.33665]]]}},{"type":"Feature","properties":{"n":"第１種住居地域","c":5,"bcr":60,"far":200},"geometry":{"type":"Polygon","coordinates":[[[139.16572,36.31765],[139.16614,36.31765],[139.16633,36.31766],[139.16773,36.31768],[139.16778,36.31768],[139.16783,36.31623],[139.16798,36.31554],[139.16787,36.31551],[139.16776,36.31547],[139.16769,36.31544],[139.16758,36.31539],[139.1675,36.31535],[139.16743,36.3153],[139.16747,36.31528],[139.16755,36.31521],[139.16773,36.31507],[139.16777,36.31504],[139.16786,36.31496],[139.16795,36.31488],[139.16797,36.31486],[139.168,36.31483],[139.16805,36.31477],[139.16811,36.3147],[139.16815,36.31465],[139.16819,36.31459],[139.16824,36.31451],[139.16827,36.31446],[139.16829,36.3144],[139.1683,36.3144],[139.16832,36.31434],[139.16835,36.31428],[139.16837,36.3142],[139.16839,36.31412],[139.16841,36.31403],[139.16824,36.31404],[139.16807,36.31406],[139.16787,36.31408],[139.16738,36.31412],[139.16733,36.31413],[139.16726,36.31413],[139.16705,36.31441],[139.16699,36.31448],[139.16625,36.31508],[139.16577,36.31545],[139.16575,36.31613],[139.16576,36.3162],[139.16572,36.31764],[139.16572,36.31765]]]}},{"type":"Feature","properties":{"n":"第１種中高層住居専用地域","c":3,"bcr":60,"far":200},"geometry":{"type":"Polygon","coordinates":[[[139.16215,36.31681],[139.16261,36.31707],[139.1631,36.31735],[139.16371,36.31749],[139.16524,36.31764],[139.16572,36.31765],[139.16572,36.31764],[139.16576,36.3162],[139.16575,36.31613],[139.16577,36.31545],[139.16625,36.31508],[139.16699,36.31448],[139.16705,36.31441],[139.16726,36.31413],[139.16721,36.31414],[139.16709,36.31415],[139.16699,36.31415],[139.16689,36.31416],[139.16687,36.31418],[139.16685,36.31421],[139.16682,36.31425],[139.16676,36.31432],[139.16671,36.31438],[139.16664,36.31444],[139.16657,36.3145],[139.16656,36.31451],[139.16644,36.3146],[139.1664,36.31463],[139.16636,36.31466],[139.16632,36.31469],[139.1663,36.3147],[139.16617,36.31478],[139.16616,36.31479],[139.16611,36.31482],[139.16603,36.31486],[139.16591,36.31493],[139.16588,36.31494],[139.16581,36.31499],[139.16575,36.31502],[139.16559,36.31508],[139.16552,36.31511],[139.16535,36.31517],[139.16523,36.3152],[139.16506,36.31525],[139.16504,36.31526],[139.16493,36.31529],[139.1648,36.31532],[139.16479,36.31532],[139.16468,36.31533],[139.16453,36.31535],[139.16439,36.31537],[139.16429,36.31538],[139.16424,36.31538],[139.1642,36.31539],[139.16416,36.31539],[139.16409,36.31541],[139.164,36.31543],[139.16395,36.31543],[139.16392,36.31545],[139.16392,36.31546],[139.16378,36.31567],[139.16373,36.31575],[139.16364,36.31587],[139.16358,36.31592],[139.16349,36.31598],[139.1634,36.31603],[139.1634,36.31603],[139.16296,36.31628],[139.16283,36.31636],[139.16275,36.3164],[139.16274,36.31641],[139.16252,36.31655],[139.1624,36.31662],[139.16234,36.31667],[139.1623,36.31669],[139.16226,36.31673],[139.16223,36.31675],[139.1622,36.31677],[139.16216,36.3168],[139.16215,36.31681]]]}},{"type":"Feature","properties":{"n":"準住居地域","c":7,"bcr":60,"far":200},"geometry":{"type":"Polygon","coordinates":[[[139.19783,36.27382],[139.19705,36.27386],[139.19631,36.2739],[139.19612,36.27391],[139.19612,36.27394],[139.19612,36.27398],[139.19613,36.27401],[139.19621,36.27488],[139.19621,36.27489],[139.19622,36.27491],[139.19629,36.27491],[139.19645,36.27695],[139.19638,36.27696],[139.19638,36.27699],[139.19643,36.2776],[139.19644,36.27767],[139.19645,36.27778],[139.19648,36.27799],[139.19648,36.27805],[139.19649,36.27816],[139.1965,36.27831],[139.19651,36.27845],[139.19651,36.27859],[139.19651,36.27873],[139.19651,36.27887],[139.1965,36.27918],[139.1965,36.27923],[139.19706,36.27925],[139.19729,36.27925],[139.19785,36.27926],[139.19786,36.27908],[139.19786,36.27905],[139.19787,36.27889],[139.19787,36.27873],[139.19787,36.27857],[139.19787,36.27847],[139.19786,36.27836],[139.19786,36.27826],[139.19785,36.27809],[139.19783,36.27791],[139.19781,36.27769],[139.19779,36.27753],[139.19777,36.27729],[139.19763,36.27738],[139.19752,36.27594],[139.19747,36.27536],[139.19739,36.27433],[139.19787,36.27431],[139.19784,36.27389],[139.19783,36.27382]]]}},{"type":"Feature","properties":{"n":"第１種低層住居専用地域","c":1,"bcr":40,"far":80},"geometry":{"type":"Polygon","coordinates":[[[139.18957,36.33705],[139.18942,36.338],[139.19102,36.33786],[139.19175,36.3378],[139.19183,36.33736],[139.19186,36.33717],[139.19187,36.33708],[139.19187,36.33689],[139.19186,36.33636],[139.19185,36.33605],[139.19163,36.336],[139.19152,36.33596],[139.19141,36.33592],[139.19117,36.33585],[139.19054,36.3356],[139.19023,36.33548],[139.19012,36.33541],[139.18987,36.33527],[139.18965,36.33513],[139.18959,36.33508],[139.18943,36.33495],[139.18939,36.33492],[139.18933,36.33489],[139.18926,36.33487],[139.18918,36.33486],[139.18906,36.33486],[139.18897,36.33487],[139.18874,36.33489],[139.18853,36.33492],[139.18845,36.33514],[139.18852,36.33521],[139.18854,36.33528],[139.18855,36.33535],[139.18857,36.33548],[139.18857,36.33561],[139.18856,36.33576],[139.18853,36.33594],[139.18851,36.33611],[139.18844,36.33678],[139.18841,36.33694],[139.18957,36.33705]]]}},{"type":"Feature","properties":{"n":"第１種低層住居専用地域","c":1,"bcr":40,"far":80},"geometry":{"type":"Polygon","coordinates":[[[139.18733,36.28334],[139.18735,36.28344],[139.18741,36.28364],[139.18747,36.28388],[139.18753,36.28412],[139.18756,36.28421],[139.18758,36.28428],[139.18759,36.28435],[139.18768,36.28467],[139.18778,36.285],[139.18779,36.28506],[139.18781,36.28513],[139.18782,36.28518],[139.18783,36.28524],[139.18788,36.28541],[139.18791,36.28551],[139.18794,36.28563],[139.18796,36.2857],[139.1882,36.28562],[139.18846,36.28554],[139.18868,36.28546],[139.18887,36.2854],[139.18898,36.28537],[139.18912,36.28532],[139.18978,36.28511],[139.19044,36.28489],[139.19045,36.2849],[139.1905,36.28508],[139.19056,36.28526],[139.19057,36.28529],[139.1906,36.28528],[139.19136,36.28502],[139.1913,36.28424],[139.19128,36.2841],[139.19121,36.2832],[139.18891,36.28328],[139.18796,36.28332],[139.18736,36.28334],[139.18733,36.28334]]]}},{"type":"Feature","properties":{"n":"第２種住居地域","c":6,"bcr":60,"far":200},"geometry":{"type":"Polygon","coordinates":[[[139.16147,36.32028],[139.16185,36.32028],[139.16197,36.32028],[139.16202,36.32028],[139.16217,36.3203],[139.16248,36.32033],[139.16254,36.32033],[139.16254,36.31894],[139.16363,36.31892],[139.16517,36.3189],[139.16518,36.31884],[139.16522,36.31814],[139.16522,36.31803],[139.16524,36.31764],[139.16371,36.31749],[139.1631,36.31735],[139.16261,36.31707],[139.16215,36.31681],[139.16211,36.31685],[139.16203,36.31692],[139.16195,36.31698],[139.16187,36.31704],[139.16159,36.31729],[139.16139,36.31745],[139.16139,36.31745],[139.16136,36.31755],[139.16136,36.31756],[139.16136,36.31756],[139.16149,36.31811],[139.1615,36.31816],[139.16154,36.3183],[139.16155,36.31835],[139.16156,36.31843],[139.16157,36.31847],[139.16157,36.31852],[139.16154,36.31865],[139.16147,36.31893],[139.16145,36.31898],[139.16139,36.31922],[139.16139,36.31925],[139.16136,36.31936],[139.16135,36.31942],[139.16135,36.31963],[139.16135,36.31965],[139.16136,36.31975],[139.16136,36.31979],[139.16147,36.32025],[139.16147,36.32028]]]}},{"type":"Feature","properties":{"n":"第２種住居地域","c":6,"bcr":60,"far":200},"geometry":{"type":"Polygon","coordinates":[[[139.20954,36.29892],[139.21031,36.29915],[139.21124,36.29943],[139.21129,36.29944],[139.21149,36.29901],[139.21152,36.29894],[139.21173,36.29846],[139.21262,36.29873],[139.21337,36.29865],[139.21523,36.29857],[139.21501,36.29751],[139.21497,36.29738],[139.21477,36.29636],[139.21356,36.29694],[139.21298,36.29709],[139.21256,36.2972],[139.21148,36.29773],[139.20997,36.29846],[139.2097,36.29838],[139.20947,36.2989],[139.20954,36.29892]]]}},{"type":"Feature","properties":{"n":"第１種住居地域","c":5,"bcr":60,"far":200},"geometry":{"type":"Polygon","coordinates":[[[139.18713,36.2826],[139.18715,36.28269],[139.18718,36.28279],[139.1872,36.28288],[139.18721,36.2829],[139.18724,36.28304],[139.18725,36.28308],[139.18727,36.28314],[139.18729,36.28323],[139.18733,36.28334],[139.18736,36.28334],[139.18796,36.28332],[139.18891,36.28328],[139.19121,36.2832],[139.19158,36.28319],[139.19176,36.28318],[139.19221,36.28317],[139.19222,36.28326],[139.19292,36.28323],[139.19307,36.28322],[139.19328,36.2832],[139.19349,36.28318],[139.19372,36.28315],[139.1939,36.28312],[139.19424,36.28305],[139.19447,36.283],[139.19466,36.28295],[139.19548,36.2827],[139.1963,36.28243],[139.19674,36.2823],[139.1967,36.28225],[139.19657,36.28199],[139.19656,36.28197],[139.19649,36.28181],[139.19642,36.28168],[139.19635,36.28156],[139.19636,36.28135],[139.19639,36.28129],[139.19631,36.28131],[139.19548,36.28158],[139.19494,36.28176],[139.19465,36.28186],[139.19455,36.28188],[139.1942,36.28199],[139.19407,36.28202],[139.19354,36.28212],[139.19327,36.28217],[139.19299,36.28222],[139.19285,36.28224],[139.1927,36.28224],[139.19223,36.28226],[139.19172,36.28227],[139.19169,36.28228],[139.1916,36.28229],[139.19164,36.28281],[139.19024,36.28287],[139.19023,36.2828],[139.19022,36.28249],[139.18859,36.28255],[139.18717,36.2826],[139.18713,36.2826]]]}},{"type":"Feature","properties":{"n":"第２種住居地域","c":6,"bcr":60,"far":200},"geometry":{"type":"Polygon","coordinates":[[[139.15074,36.32738],[139.15072,36.32776],[139.15072,36.32776],[139.15071,36.32785],[139.15066,36.32845],[139.15052,36.33012],[139.15053,36.33012],[139.15065,36.3301],[139.1507,36.33009],[139.15075,36.33008],[139.15079,36.33007],[139.15084,36.33007],[139.15088,36.33007],[139.15091,36.33006],[139.15095,36.33006],[139.15096,36.33006],[139.15098,36.33006],[139.15101,36.33006],[139.15101,36.33006],[139.15108,36.33006],[139.15109,36.33006],[139.15112,36.33006],[139.15116,36.33006],[139.15117,36.33006],[139.15121,36.33007],[139.15122,36.33007],[139.15125,36.33007],[139.15131,36.33007],[139.15178,36.33009],[139.15175,36.3306],[139.15174,36.33102],[139.15195,36.33102],[139.15195,36.33105],[139.15196,36.33105],[139.15201,36.33145],[139.15201,36.33146],[139.15218,36.33264],[139.15243,36.33259],[139.15262,36.33256],[139.1528,36.33252],[139.15305,36.33248],[139.1529,36.33137],[139.15284,36.33097],[139.1528,36.33065],[139.15277,36.33046],[139.15276,36.33032],[139.15275,36.33026],[139.15274,36.33001],[139.15273,36.32984],[139.15272,36.32973],[139.15272,36.32969],[139.15273,36.32936],[139.15273,36.32932],[139.1528,36.32842],[139.15287,36.32758],[139.15282,36.32756],[139.15276,36.32754],[139.15268,36.32751],[139.15264,36.3275],[139.15255,36.32745],[139.15234,36.32752],[139.15233,36.32752],[139.15233,36.32752],[139.15232,36.32753],[139.15197,36.32768],[139.15187,36.32763],[139.15177,36.32759],[139.15136,36.32738],[139.15126,36.32733],[139.15101,36.32721],[139.15092,36.32727],[139.15079,36.32735],[139.15074,36.32738]]]}},{"type":"Feature","properties":{"n":"第１種住居地域","c":5,"bcr":60,"far":200},"geometry":{"type":"Polygon","coordinates":[[[139.17732,36.32228],[139.17732,36.32229],[139.17743,36.32291],[139.17749,36.32322],[139.17766,36.32417],[139.17767,36.32424],[139.17841,36.32408],[139.17856,36.32455],[139.18059,36.3241],[139.18145,36.32391],[139.18263,36.3234],[139.18316,36.3231],[139.18369,36.32247],[139.18384,36.32206],[139.18333,36.32192],[139.18324,36.32189],[139.18315,36.3219],[139.18314,36.3219],[139.18251,36.32189],[139.18252,36.32232],[139.18203,36.32263],[139.18161,36.3229],[139.18151,36.32294],[139.18023,36.32322],[139.1801,36.32324],[139.17926,36.32335],[139.17903,36.32212],[139.17902,36.32208],[139.17732,36.32228]]]}},{"type":"Feature","properties":{"n":"第２種住居地域","c":6,"bcr":60,"far":200},"geometry":{"type":"Polygon","coordinates":[[[139.19115,36.26827],[139.19113,36.26828],[139.19073,36.26853],[139.1888,36.26971],[139.18824,36.27007],[139.18748,36.27055],[139.1866,36.27102],[139.18663,36.27101],[139.18718,36.27093],[139.18743,36.27087],[139.18751,36.27085],[139.18764,36.27082],[139.18768,36.27081],[139.18785,36.27076],[139.18824,36.27065],[139.18838,36.27061],[139.18844,36.2706],[139.18856,36.27057],[139.18859,36.27056],[139.18867,36.27054],[139.1887,36.27054],[139.18873,36.27053],[139.18876,36.27053],[139.18879,36.27053],[139.18883,36.27052],[139.18887,36.27052],[139.18892,36.27052],[139.18896,36.27053],[139.18901,36.27053],[139.18906,36.27053],[139.18996,36.27065],[139.19008,36.27067],[139.19046,36.27072],[139.19063,36.27074],[139.19082,36.27076],[139.19102,36.27078],[139.19109,36.27078],[139.19114,36.27079],[139.19121,36.27078],[139.19128,36.27078],[139.19138,36.27076],[139.19142,36.27084],[139.19158,36.27102],[139.1915,36.27107],[139.19146,36.2711],[139.1914,36.27114],[139.19132,36.27127],[139.19127,36.27136],[139.19122,36.27147],[139.19121,36.27149],[139.19115,36.27157],[139.19117,36.2716],[139.19135,36.27157],[139.19188,36.27151],[139.19197,36.2715],[139.19201,36.2715],[139.19204,36.27152],[139.19204,36.27152],[139.19237,36.27137],[139.19273,36.27123],[139.19334,36.27098],[139.19346,36.27084],[139.19325,36.27072],[139.19313,36.27063],[139.19303,36.27056],[139.19291,36.27046],[139.19281,36.27038],[139.19271,36.27028],[139.19258,36.27014],[139.19247,36.27],[139.19238,36.26988],[139.19222,36.26967],[139.1919,36.26924],[139.19182,36.26915],[139.19158,36.26883],[139.19149,36.26871],[139.19115,36.26827]]]}},{"type":"Feature","properties":{"n":"商業地域","c":10,"bcr":80,"far":200},"geometry":{"type":"Polygon","coordinates":[[[139.23072,36.3408],[139.23091,36.3408],[139.23125,36.34079],[139.23162,36.34079],[139.23174,36.34079],[139.23177,36.34079],[139.23183,36.34079],[139.23244,36.34078],[139.23294,36.34077],[139.23338,36.34077],[139.2337,36.34077],[139.23378,36.34077],[139.23378,36.34074],[139.23377,36.34013],[139.23376,36.33968],[139.23376,36.33954],[139.23376,36.33948],[139.23375,36.33933],[139.23374,36.33883],[139.23374,36.33855],[139.23375,36.33849],[139.23373,36.33848],[139.23371,36.33847],[139.2337,36.33846],[139.23368,36.33844],[139.23364,36.3384],[139.23362,36.33837],[139.23358,36.33834],[139.23354,36.33831],[139.2335,36.33827],[139.23336,36.33818],[139.23313,36.33802],[139.23309,36.33799],[139.23301,36.33794],[139.23297,36.33791],[139.23293,36.33788],[139.23289,36.33785],[139.23273,36.3377],[139.23266,36.33765],[139.23257,36.33757],[139.23249,36.33752],[139.23224,36.33736],[139.23214,36.33729],[139.2321,36.33726],[139.23199,36.3372],[139.23195,36.33717],[139.2319,36.33723],[139.2318,36.33735],[139.23175,36.33741],[139.23166,36.33752],[139.2316,36.33758],[139.23161,36.33849],[139.23081,36.3385],[139.23075,36.33856],[139.2307,36.33861],[139.23072,36.33903],[139.23072,36.33943],[139.23073,36.33959],[139.23075,36.33967],[139.23084,36.34016],[139.23085,36.34019],[139.23085,36.34021],[139.23085,36.34022],[139.23084,36.34024],[139.23077,36.34047],[139.23071,36.34071],[139.23069,36.34077],[139.23072,36.3408]]]}},{"type":"Feature","properties":{"n":"第２種住居地域","c":6,"bcr":60,"far":200},"geometry":{"type":"Polygon","coordinates":[[[139.24828,36.34599],[139.24733,36.34537],[139.24579,36.34434],[139.24478,36.34368],[139.24413,36.34325],[139.24416,36.34331],[139.24423,36.34345],[139.24424,36.34348],[139.24424,36.34349],[139.24425,36.34353],[139.2443,36.34368],[139.24431,36.34372],[139.24432,36.344],[139.24434,36.34409],[139.24435,36.34419],[139.24435,36.34443],[139.24436,36.34455],[139.24436,36.34469],[139.24436,36.34471],[139.24435,36.34493],[139.24435,36.34496],[139.24435,36.34508],[139.24434,36.34555],[139.24434,36.34559],[139.24433,36.34563],[139.24433,36.34578],[139.24432,36.34586],[139.2443,36.34652],[139.2443,36.34655],[139.2443,36.34674],[139.2443,36.34707],[139.24428,36.34774],[139.24464,36.34759],[139.24556,36.3472],[139.24593,36.34704],[139.2461,36.34696],[139.24644,36.34682],[139.24779,36.34621],[139.24792,36.34615],[139.24828,36.34599]]]}},{"type":"Feature","properties":{"n":"第２種低層住居専用地域","c":2,"bcr":50,"far":100},"geometry":{"type":"Polygon","coordinates":[[[139.16542,36.32427],[139.16564,36.32403],[139.16569,36.32397],[139.16524,36.3238],[139.165,36.32405],[139.16483,36.32423],[139.16473,36.3243],[139.16454,36.32445],[139.1637,36.32504],[139.16343,36.32523],[139.16337,36.32518],[139.16296,36.32482],[139.16256,36.3251],[139.16189,36.32451],[139.16187,36.32455],[139.16182,36.32462],[139.16165,36.32483],[139.16161,36.32488],[139.1616,36.3249],[139.16126,36.32532],[139.16116,36.3254],[139.16107,36.32547],[139.16101,36.32552],[139.16096,36.32555],[139.16063,36.32577],[139.16054,36.32584],[139.16042,36.32592],[139.16025,36.32603],[139.16014,36.32611],[139.15997,36.32619],[139.15972,36.32631],[139.15961,36.32636],[139.15951,36.32641],[139.15949,36.32642],[139.15942,36.32644],[139.15938,36.32646],[139.15934,36.32647],[139.15927,36.32649],[139.15919,36.3265],[139.15913,36.3265],[139.15907,36.32651],[139.15893,36.32652],[139.15881,36.32653],[139.15871,36.32653],[139.15867,36.32654],[139.15862,36.32655],[139.15859,36.32655],[139.15855,36.32657],[139.15849,36.32659],[139.15847,36.3266],[139.15844,36.32662],[139.15836,36.32667],[139.15832,36.32669],[139.15876,36.32742],[139.15884,36.32757],[139.15924,36.32742],[139.15953,36.32792],[139.15961,36.32789],[139.16001,36.32773],[139.16037,36.32759],[139.16105,36.32732],[139.16114,36.32729],[139.16121,36.32724],[139.1613,36.32719],[139.16145,36.3271],[139.16149,36.32707],[139.16164,36.32698],[139.1618,36.32688],[139.16192,36.32679],[139.16206,36.32671],[139.16225,36.3266],[139.16251,36.32644],[139.16299,36.32612],[139.16348,36.32579],[139.16381,36.32558],[139.16389,36.32553],[139.16394,36.3255],[139.16433,36.32523],[139.16496,36.32474],[139.16507,36.32464],[139.16542,36.32427]]]}},{"type":"Feature","properties":{"n":"第１種中高層住居専用地域","c":3,"bcr":60,"far":200},"geometry":{"type":"Polygon","coordinates":[[[139.19959,36.32698],[139.19961,36.32707],[139.19971,36.32797],[139.19975,36.32826],[139.19985,36.32901],[139.19986,36.32914],[139.19997,36.32997],[139.2001,36.33105],[139.20014,36.33106],[139.20164,36.33094],[139.20163,36.33108],[139.2028,36.3311],[139.2028,36.33109],[139.20281,36.33098],[139.20281,36.33083],[139.2028,36.33069],[139.20279,36.33049],[139.20277,36.33034],[139.20274,36.33023],[139.20268,36.33],[139.20259,36.32979],[139.20255,36.32973],[139.20253,36.3297],[139.2025,36.32965],[139.20246,36.32959],[139.20241,36.32953],[139.20236,36.32946],[139.2023,36.32939],[139.20227,36.32936],[139.20221,36.3293],[139.20211,36.32919],[139.20205,36.32913],[139.20202,36.3291],[139.20195,36.32904],[139.20188,36.32897],[139.20179,36.32887],[139.2017,36.32874],[139.20163,36.32864],[139.20159,36.32859],[139.20155,36.32852],[139.20154,36.3285],[139.20151,36.32845],[139.20151,36.32845],[139.20149,36.3284],[139.20146,36.32834],[139.20142,36.32824],[139.20142,36.32823],[139.20142,36.32823],[139.20142,36.32822],[139.20141,36.32821],[139.20139,36.32816],[139.20137,36.32809],[139.20135,36.32801],[139.20133,36.32791],[139.20132,36.32787],[139.20129,36.32787],[139.20112,36.32686],[139.19959,36.32698]]]}},{"type":"Feature","properties":{"n":"第１種中高層住居専用地域","c":3,"bcr":60,"far":200},"geometry":{"type":"Polygon","coordinates":[[[139.19007,36.32886],[139.18956,36.32883],[139.18948,36.32882],[139.18906,36.3288],[139.1891,36.32863],[139.18911,36.32857],[139.18912,36.32852],[139.18914,36.32832],[139.18915,36.32827],[139.18899,36.32834],[139.18885,36.32841],[139.18863,36.32853],[139.18844,36.32864],[139.18825,36.32875],[139.18803,36.32887],[139.18786,36.32897],[139.1878,36.32911],[139.18776,36.32923],[139.18773,36.32928],[139.18769,36.32933],[139.18749,36.32949],[139.18744,36.32954],[139.18739,36.32961],[139.18735,36.32967],[139.18734,36.32971],[139.18733,36.32988],[139.1873,36.33012],[139.18727,36.3304],[139.18726,36.33047],[139.18724,36.33053],[139.18721,36.3306],[139.18711,36.33077],[139.18693,36.33102],[139.18692,36.33104],[139.18685,36.33119],[139.18682,36.3313],[139.18681,36.33137],[139.18682,36.33151],[139.18683,36.33166],[139.18684,36.33177],[139.18687,36.33193],[139.18688,36.33195],[139.18689,36.33199],[139.18691,36.33203],[139.18697,36.33215],[139.18718,36.3325],[139.18732,36.33274],[139.18748,36.33272],[139.18889,36.33258],[139.18896,36.33236],[139.18901,36.33219],[139.18905,36.33207],[139.18908,36.33196],[139.18913,36.33181],[139.18915,36.33173],[139.1892,36.33158],[139.1892,36.33157],[139.1893,36.33129],[139.18931,36.33123],[139.18932,36.33121],[139.18934,36.33114],[139.18936,36.33109],[139.18938,36.33104],[139.1894,36.33097],[139.18943,36.33088],[139.18945,36.33081],[139.18947,36.33074],[139.1895,36.33066],[139.18953,36.33055],[139.18955,36.33052],[139.1896,36.33035],[139.18962,36.3303],[139.18963,36.33026],[139.18964,36.33023],[139.18966,36.33016],[139.18968,36.33009],[139.18972,36.32999],[139.18974,36.32991],[139.18977,36.32983],[139.18979,36.32975],[139.18981,36.3297],[139.18982,36.32964],[139.18984,36.32956],[139.18987,36.32948],[139.18991,36.32935],[139.18995,36.32925],[139.18998,36.32915],[139.19002,36.32904],[139.19005,36.32894],[139.19007,36.32886]]]}},{"type":"Feature","properties":{"n":"第２種住居地域","c":6,"bcr":60,"far":200},"geometry":{"type":"Polygon","coordinates":[[[139.16501,36.32643],[139.16455,36.32608],[139.16417,36.32641],[139.16393,36.32654],[139.16426,36.32685],[139.16352,36.32726],[139.16343,36.32732],[139.16301,36.32756],[139.16296,36.32759],[139.16331,36.32797],[139.16238,36.32849],[139.16223,36.32858],[139.16178,36.32882],[139.16104,36.32923],[139.16074,36.32888],[139.16072,36.32889],[139.16058,36.32896],[139.16044,36.32904],[139.1603,36.32912],[139.16011,36.32923],[139.15997,36.3293],[139.15979,36.32941],[139.15946,36.32959],[139.1594,36.32962],[139.15928,36.32969],[139.15917,36.32975],[139.15915,36.32976],[139.15906,36.32981],[139.15902,36.32984],[139.15903,36.32985],[139.15924,36.33015],[139.15929,36.33021],[139.15933,36.33027],[139.15941,36.33037],[139.15947,36.33047],[139.15949,36.33051],[139.15953,36.33059],[139.15956,36.33068],[139.15958,36.3308],[139.15973,36.33073],[139.16127,36.33004],[139.16178,36.3298],[139.16283,36.32931],[139.16335,36.32906],[139.16383,36.32885],[139.16411,36.32872],[139.1644,36.32857],[139.16464,36.32844],[139.16486,36.32829],[139.165,36.3282],[139.16523,36.32802],[139.16574,36.32756],[139.16609,36.32726],[139.166,36.32719],[139.1655,36.32682],[139.16537,36.32671],[139.16501,36.32643]]]}},{"type":"Feature","properties":{"n":"第１種住居地域","c":5,"bcr":60,"far":200},"geometry":{"type":"Polygon","coordinates":[[[139.21049,36.32024],[139.21049,36.32024],[139.2105,36.32027],[139.2105,36.32028],[139.21057,36.32058],[139.2106,36.32066],[139.21087,36.32118],[139.21107,36.32159],[139.21123,36.32196],[139.21137,36.32237],[139.21144,36.32256],[139.21166,36.32313],[139.212,36.32399],[139.21203,36.32414],[139.21208,36.32449],[139.21213,36.32488],[139.21222,36.32547],[139.21224,36.3257],[139.21225,36.32579],[139.21287,36.32587],[139.21321,36.32587],[139.21323,36.32536],[139.2128,36.32523],[139.21268,36.32446],[139.21262,36.32409],[139.21259,36.32395],[139.21258,36.32383],[139.21257,36.32377],[139.21258,36.32372],[139.21259,36.32366],[139.21261,36.32358],[139.21262,36.32352],[139.21273,36.32327],[139.21293,36.32279],[139.21395,36.32272],[139.21407,36.32385],[139.21412,36.32414],[139.21471,36.3241],[139.21488,36.32409],[139.21488,36.32406],[139.21586,36.32399],[139.21588,36.32398],[139.21583,36.32359],[139.21581,36.32347],[139.21581,36.32346],[139.21576,36.32298],[139.21574,36.32287],[139.2157,36.32247],[139.21566,36.32213],[139.21565,36.32202],[139.21564,36.32201],[139.21563,36.32199],[139.2156,36.32196],[139.21553,36.32192],[139.21549,36.3219],[139.21526,36.3218],[139.21513,36.32175],[139.21508,36.32174],[139.21504,36.32173],[139.215,36.32172],[139.21497,36.32172],[139.21494,36.32172],[139.21492,36.32172],[139.2149,36.32173],[139.21481,36.32176],[139.21457,36.32184],[139.21449,36.32187],[139.21448,36.32188],[139.21432,36.32193],[139.21416,36.32201],[139.21414,36.32203],[139.21415,36.32203],[139.21413,36.32205],[139.21412,36.32204],[139.21394,36.32214],[139.21382,36.32224],[139.21324,36.32232],[139.21319,36.32233],[139.21315,36.32234],[139.21294,36.32237],[139.21281,36.32238],[139.21245,36.32243],[139.21238,36.32244],[139.21234,36.32233],[139.21231,36.32221],[139.2123,36.32221],[139.2123,36.3222],[139.21226,36.3221],[139.21223,36.32201],[139.21221,36.32198],[139.21219,36.32195],[139.21216,36.32191],[139.21211,36.32182],[139.2121,36.32181],[139.21205,36.32172],[139.21204,36.32169],[139.21202,36.32166],[139.21199,36.32161],[139.21194,36.32152],[139.21189,36.32144],[139.21181,36.3213],[139.21182,36.32129],[139.21174,36.32116],[139.21174,36.32115],[139.21169,36.32107],[139.21167,36.32104],[139.21165,36.32101],[139.21162,36.32098],[139.2116,36.32095],[139.21158,36.32093],[139.21154,36.32087],[139.2115,36.32081],[139.21144,36.32071],[139.21143,36.32069],[139.21136,36.32059],[139.21133,36.32054],[139.21131,36.3205],[139.21129,36.32045],[139.21126,36.3204],[139.21126,36.32039],[139.21126,36.32038],[139.21125,36.32036],[139.21125,36.32036],[139.21124,36.32036],[139.21123,36.32035],[139.21122,36.32034],[139.21119,36.32034],[139.21113,36.32033],[139.21097,36.32031],[139.21089,36.3203],[139.21074,36.32027],[139.21049,36.32024]]]}},{"type":"Feature","properties":{"n":"第１種低層住居専用地域","c":1,"bcr":40,"far":80},"geometry":{"type":"Polygon","coordinates":[[[139.17767,36.32424],[139.1776,36.32426],[139.1768,36.32445],[139.17624,36.32459],[139.17583,36.32472],[139.17547,36.32484],[139.17532,36.3249],[139.17506,36.325],[139.17509,36.32508],[139.17545,36.32585],[139.17568,36.32633],[139.17578,36.32629],[139.17582,36.32628],[139.17583,36.32628],[139.17603,36.32622],[139.1763,36.32614],[139.17648,36.3261],[139.17649,36.3261],[139.17673,36.32605],[139.17685,36.32603],[139.17701,36.326],[139.17708,36.32599],[139.17711,36.32598],[139.17751,36.32594],[139.17777,36.32589],[139.17826,36.32587],[139.17829,36.32587],[139.17834,36.32586],[139.17859,36.32584],[139.17895,36.32581],[139.17934,36.32578],[139.17949,36.32577],[139.17959,36.32576],[139.17977,36.32575],[139.17988,36.32575],[139.18004,36.32574],[139.1803,36.32573],[139.18042,36.32572],[139.18046,36.32572],[139.18047,36.32572],[139.18058,36.32572],[139.18102,36.3257],[139.18098,36.32558],[139.18079,36.32503],[139.18187,36.3248],[139.18174,36.32466],[139.18167,36.32445],[139.18163,36.32436],[139.18158,36.32427],[139.18156,36.32421],[139.18154,36.32416],[139.18152,36.3241],[139.18145,36.32391],[139.18059,36.3241],[139.17856,36.32455],[139.17841,36.32408],[139.17767,36.32424]]]}},{"type":"Feature","properties":{"n":"第１種中高層住居専用地域","c":3,"bcr":60,"far":200},"geometry":{"type":"Polygon","coordinates":[[[139.17044,36.32655],[139.17042,36.32692],[139.17041,36.32702],[139.17041,36.32709],[139.1704,36.32729],[139.17041,36.32734],[139.17117,36.32804],[139.1713,36.32793],[139.17138,36.32787],[139.17148,36.32781],[139.17153,36.32779],[139.17163,36.32774],[139.17128,36.32741],[139.17213,36.32698],[139.17284,36.32662],[139.17345,36.32741],[139.17348,36.32739],[139.1737,36.32726],[139.17387,36.32715],[139.17423,36.32696],[139.1745,36.32681],[139.17475,36.32669],[139.17486,36.32664],[139.17521,36.3265],[139.17531,36.32646],[139.17547,36.3264],[139.17562,36.32635],[139.17567,36.32633],[139.17568,36.32633],[139.17545,36.32585],[139.17509,36.32508],[139.17506,36.325],[139.17532,36.3249],[139.17547,36.32484],[139.17583,36.32472],[139.17624,36.32459],[139.1768,36.32445],[139.1776,36.32426],[139.17767,36.32424],[139.17766,36.32417],[139.17749,36.32322],[139.17701,36.32327],[139.17671,36.32339],[139.17678,36.32397],[139.17556,36.32432],[139.17549,36.32434],[139.17538,36.32439],[139.1739,36.325],[139.17264,36.32564],[139.17256,36.32569],[139.17226,36.32584],[139.17186,36.32602],[139.17132,36.3263],[139.17126,36.32632],[139.17078,36.32646],[139.17044,36.32655]]]}},{"type":"Feature","properties":{"n":"準工業地域","c":11,"bcr":60,"far":200},"geometry":{"type":"Polygon","coordinates":[[[139.21478,36.30586],[139.21478,36.30589],[139.2148,36.30593],[139.21481,36.30594],[139.21481,36.30598],[139.21492,36.30598],[139.21537,36.30593],[139.2159,36.30587],[139.21654,36.3058],[139.21715,36.30573],[139.21728,36.30572],[139.2175,36.30568],[139.21757,36.30567],[139.21771,36.30565],[139.21769,36.30556],[139.21769,36.30554],[139.21764,36.3053],[139.21759,36.30502],[139.21751,36.30452],[139.21743,36.30406],[139.2175,36.30404],[139.21752,36.30403],[139.21742,36.30294],[139.21743,36.30294],[139.21748,36.30292],[139.21751,36.3029],[139.21758,36.30286],[139.21764,36.30281],[139.21785,36.30265],[139.21826,36.3022],[139.21867,36.30174],[139.21882,36.30158],[139.21895,36.30145],[139.21897,36.30142],[139.21913,36.30125],[139.21916,36.30122],[139.21918,36.3012],[139.21934,36.30103],[139.21943,36.30093],[139.21949,36.30087],[139.21952,36.30084],[139.21953,36.30084],[139.21962,36.30073],[139.21972,36.30062],[139.21976,36.30058],[139.21978,36.30054],[139.21979,36.30053],[139.2198,36.30052],[139.21983,36.30049],[139.21997,36.30031],[139.22003,36.30025],[139.22045,36.29974],[139.22047,36.29972],[139.22075,36.29936],[139.22095,36.29912],[139.22097,36.2991],[139.22099,36.29907],[139.22101,36.29906],[139.22109,36.29898],[139.22113,36.29894],[139.22117,36.2989],[139.22122,36.29885],[139.22113,36.29878],[139.22093,36.29855],[139.22083,36.29838],[139.22076,36.29829],[139.22058,36.2981],[139.22055,36.29807],[139.22054,36.29809],[139.2205,36.29806],[139.22039,36.29818],[139.22019,36.29842],[139.21972,36.29905],[139.21897,36.30008],[139.21758,36.302],[139.21697,36.30283],[139.21692,36.30291],[139.21675,36.30314],[139.21612,36.30401],[139.21588,36.30433],[139.21578,36.30448],[139.21478,36.30586]]]}},{"type":"Feature","properties":{"n":"第１種中高層住居専用地域","c":3,"bcr":60,"far":200},"geometry":{"type":"Polygon","coordinates":[[[139.18384,36.32206],[139.18369,36.32247],[139.18316,36.3231],[139.18263,36.3234],[139.18145,36.32391],[139.18152,36.3241],[139.18154,36.32416],[139.18156,36.32421],[139.18158,36.32427],[139.18163,36.32436],[139.18167,36.32445],[139.18174,36.32466],[139.18187,36.3248],[139.18079,36.32503],[139.18098,36.32558],[139.18106,36.32558],[139.18143,36.32557],[139.18164,36.32557],[139.18181,36.32556],[139.18247,36.32554],[139.1825,36.32554],[139.18297,36.32552],[139.18321,36.3255],[139.18343,36.3255],[139.18369,36.32548],[139.18376,36.32547],[139.18379,36.32547],[139.18379,36.32547],[139.18392,36.32545],[139.18408,36.32543],[139.18428,36.32539],[139.18473,36.3253],[139.18474,36.3253],[139.18474,36.3253],[139.18486,36.32529],[139.185,36.32525],[139.18513,36.32521],[139.18517,36.3252],[139.18522,36.32518],[139.18532,36.32514],[139.18541,36.3251],[139.1855,36.32506],[139.18555,36.32503],[139.18561,36.32499],[139.1857,36.32494],[139.18579,36.32487],[139.18585,36.32483],[139.18583,36.32464],[139.18577,36.32395],[139.18522,36.32403],[139.185,36.32348],[139.18497,36.32338],[139.18484,36.32287],[139.18482,36.32234],[139.18411,36.32214],[139.18384,36.32206]]]}},{"type":"Feature","properties":{"n":"第１種低層住居専用地域","c":1,"bcr":40,"far":80},"geometry":{"type":"Polygon","coordinates":[[[139.17732,36.32228],[139.17728,36.32221],[139.17682,36.32235],[139.17502,36.32297],[139.17493,36.323],[139.17514,36.32355],[139.17418,36.32393],[139.17416,36.3239],[139.17405,36.32374],[139.1737,36.32361],[139.17355,36.32355],[139.17348,36.32353],[139.17324,36.32341],[139.17306,36.32344],[139.17265,36.32352],[139.17248,36.32355],[139.17229,36.32359],[139.17216,36.32362],[139.17176,36.32372],[139.17171,36.32373],[139.17173,36.32378],[139.17175,36.32383],[139.17175,36.32385],[139.17176,36.32388],[139.17175,36.32409],[139.17175,36.32421],[139.17175,36.32426],[139.17177,36.32434],[139.17194,36.32482],[139.17048,36.32555],[139.17047,36.32583],[139.17047,36.32583],[139.17044,36.32655],[139.17078,36.32646],[139.17126,36.32632],[139.17132,36.3263],[139.17186,36.32602],[139.17226,36.32584],[139.17256,36.32569],[139.17264,36.32564],[139.1739,36.325],[139.17538,36.32439],[139.17549,36.32434],[139.17556,36.32432],[139.17678,36.32397],[139.17671,36.32339],[139.17701,36.32327],[139.17749,36.32322],[139.17743,36.32291],[139.17732,36.32229],[139.17732,36.32228]]]}},{"type":"Feature","properties":{"n":"第２種住居地域","c":6,"bcr":60,"far":200},"geometry":{"type":"Polygon","coordinates":[[[139.19134,36.32875],[139.19134,36.32881],[139.19134,36.32882],[139.19133,36.32896],[139.19132,36.32899],[139.19131,36.32906],[139.1913,36.32912],[139.19131,36.32941],[139.19132,36.32956],[139.19135,36.3298],[139.19137,36.32995],[139.19145,36.33044],[139.19155,36.33112],[139.19157,36.33128],[139.19163,36.33171],[139.19164,36.33181],[139.19165,36.33191],[139.19165,36.33199],[139.19165,36.33205],[139.19165,36.33226],[139.19164,36.33236],[139.19164,36.33237],[139.19163,36.33256],[139.19162,36.33267],[139.19434,36.33241],[139.19433,36.33233],[139.19421,36.33156],[139.19417,36.3312],[139.19406,36.33054],[139.19402,36.3302],[139.19392,36.32951],[139.19388,36.32924],[139.19388,36.32916],[139.19379,36.32858],[139.19379,36.32852],[139.19247,36.32865],[139.19134,36.32875]]]}},{"type":"Feature","properties":{"n":"第２種低層住居専用地域","c":2,"bcr":50,"far":100},"geometry":{"type":"Polygon","coordinates":[[[139.18282,36.29974],[139.18285,36.29992],[139.18291,36.30019],[139.18296,36.30041],[139.18302,36.30067],[139.18304,36.30082],[139.18321,36.30151],[139.18324,36.30163],[139.18326,36.3017],[139.18331,36.30185],[139.18338,36.3021],[139.18344,36.30234],[139.18415,36.30221],[139.18421,36.30219],[139.18428,36.30218],[139.18429,36.30218],[139.18446,36.30215],[139.18496,36.30206],[139.18536,36.30199],[139.1854,36.30198],[139.18552,36.30196],[139.18595,36.30188],[139.18616,36.30184],[139.18656,36.30177],[139.18662,36.30176],[139.18684,36.30172],[139.18713,36.30167],[139.1874,36.30162],[139.18752,36.3016],[139.18758,36.30159],[139.18804,36.30151],[139.18813,36.30149],[139.18727,36.29942],[139.18625,36.2997],[139.1843,36.29972],[139.18348,36.29972],[139.1829,36.29974],[139.18282,36.29974]]]}},{"type":"Feature","properties":{"n":"第１種住居地域","c":5,"bcr":60,"far":200},"geometry":{"type":"Polygon","coordinates":[[[139.1789,36.31708],[139.17945,36.3171],[139.18024,36.31711],[139.18024,36.31707],[139.18024,36.31649],[139.18022,36.31578],[139.18023,36.31548],[139.18024,36.31462],[139.18024,36.31452],[139.18024,36.31446],[139.18025,36.31442],[139.18026,36.31437],[139.18029,36.31431],[139.18032,36.31427],[139.18035,36.31422],[139.18041,36.31415],[139.18044,36.31412],[139.1805,36.31409],[139.18071,36.31398],[139.18071,36.31398],[139.18079,36.31394],[139.18082,36.31396],[139.18088,36.31402],[139.18093,36.31409],[139.18099,36.31419],[139.18102,36.31426],[139.18105,36.31434],[139.18107,36.31442],[139.18108,36.3145],[139.18108,36.31462],[139.18107,36.31472],[139.18116,36.31472],[139.18165,36.31473],[139.18198,36.31451],[139.18216,36.31478],[139.1822,36.31483],[139.18223,36.31486],[139.18226,36.31488],[139.18263,36.31514],[139.18272,36.3152],[139.18285,36.31529],[139.18288,36.31531],[139.18293,36.31535],[139.18299,36.31537],[139.18307,36.31539],[139.18319,36.31539],[139.18337,36.31539],[139.18338,36.31279],[139.18311,36.31283],[139.18303,36.31285],[139.18294,36.31287],[139.18288,36.31289],[139.18279,36.31293],[139.18269,36.31298],[139.18249,36.31309],[139.18218,36.31272],[139.18105,36.31337],[139.181,36.31332],[139.18081,36.31313],[139.18077,36.31309],[139.17995,36.31317],[139.1788,36.31328],[139.1787,36.31329],[139.17874,36.31418],[139.17881,36.31531],[139.17882,36.31562],[139.17886,36.31626],[139.17889,36.31689],[139.1789,36.31708]]]}},{"type":"Feature","properties":{"n":"第２種住居地域","c":6,"bcr":60,"far":200},"geometry":{"type":"Polygon","coordinates":[[[139.19848,36.30733],[139.19857,36.30836],[139.19861,36.30885],[139.19859,36.30889],[139.19874,36.31057],[139.19876,36.31046],[139.19878,36.31039],[139.1988,36.31033],[139.19885,36.31023],[139.19889,36.31012],[139.19897,36.30991],[139.19898,36.30986],[139.199,36.30983],[139.19902,36.30979],[139.19905,36.30976],[139.19908,36.30973],[139.19915,36.30968],[139.19939,36.30957],[139.19963,36.30945],[139.1998,36.30936],[139.19992,36.30929],[139.19999,36.30926],[139.20003,36.30925],[139.20007,36.30923],[139.2001,36.30922],[139.20015,36.30922],[139.20022,36.30921],[139.20035,36.3092],[139.20046,36.3092],[139.2006,36.30919],[139.20069,36.30919],[139.20073,36.30918],[139.20075,36.30916],[139.20078,36.30914],[139.20081,36.30909],[139.20086,36.30902],[139.20093,36.30895],[139.20101,36.30887],[139.20107,36.3088],[139.20111,36.30874],[139.20114,36.30869],[139.20115,36.30866],[139.20117,36.3086],[139.20118,36.30855],[139.20118,36.30851],[139.20119,36.30841],[139.2012,36.30833],[139.20122,36.30821],[139.20126,36.30805],[139.20128,36.30796],[139.20131,36.30786],[139.20135,36.30776],[139.20139,36.30767],[139.20141,36.30764],[139.20144,36.30758],[139.20146,36.30754],[139.20148,36.30752],[139.20149,36.30751],[139.20151,36.3075],[139.20154,36.30749],[139.20159,36.30748],[139.20162,36.30748],[139.20169,36.30747],[139.20172,36.30747],[139.20175,36.30746],[139.20177,36.30745],[139.2018,36.30744],[139.20183,36.30741],[139.20187,36.30737],[139.2021,36.30708],[139.20214,36.30701],[139.20215,36.30699],[139.20216,36.30694],[139.20217,36.3069],[139.20216,36.30686],[139.20215,36.30681],[139.20213,36.30672],[139.20213,36.30669],[139.20213,36.30668],[139.20214,36.30665],[139.20214,36.30662],[139.20218,36.30647],[139.2022,36.30644],[139.20223,36.3064],[139.20236,36.30628],[139.20241,36.30622],[139.20244,36.30616],[139.20252,36.30594],[139.20257,36.30588],[139.20286,36.30546],[139.20288,36.30538],[139.20288,36.30534],[139.20288,36.30531],[139.20287,36.30529],[139.20286,36.30528],[139.20285,36.30526],[139.20281,36.30522],[139.20266,36.30517],[139.20258,36.30512],[139.20251,36.30507],[139.20246,36.30505],[139.2024,36.30502],[139.20233,36.30499],[139.20214,36.30492],[139.20188,36.30482],[139.20185,36.30495],[139.20183,36.30495],[139.20176,36.30492],[139.20172,36.30491],[139.20169,36.30489],[139.20166,36.30488],[139.20165,36.30487],[139.20164,36.30486],[139.20162,36.30484],[139.20159,36.30482],[139.20153,36.30476],[139.20148,36.30481],[139.19987,36.3065],[139.19983,36.30662],[139.19958,36.30678],[139.19937,36.30691],[139.19914,36.30705],[139.19892,36.30718],[139.1987,36.30728],[139.19855,36.30731],[139.19848,36.30733]]]}},{"type":"Feature","properties":{"n":"第１種中高層住居専用地域","c":3,"bcr":60,"far":200},"geometry":{"type":"Polygon","coordinates":[[[139.21138,36.29397],[139.21123,36.2944],[139.21072,36.29596],[139.21069,36.29606],[139.21044,36.29678],[139.21056,36.29696],[139.21276,36.29591],[139.21288,36.29588],[139.21371,36.29549],[139.21447,36.29512],[139.2144,36.29479],[139.21434,36.29455],[139.21426,36.29419],[139.21414,36.29375],[139.21374,36.29295],[139.21328,36.29229],[139.21296,36.29195],[139.21263,36.29161],[139.21215,36.29166],[139.2119,36.29241],[139.21142,36.29389],[139.21138,36.29397]]]}},{"type":"Feature","properties":{"n":"第１種中高層住居専用地域","c":3,"bcr":60,"far":200},"geometry":{"type":"Polygon","coordinates":[[[139.19638,36.27696],[139.19645,36.27695],[139.19629,36.27491],[139.19622,36.27491],[139.19556,36.27496],[139.19502,36.27499],[139.19498,36.2745],[139.19271,36.27463],[139.19274,36.27511],[139.19269,36.27512],[139.19252,36.27513],[139.19246,36.27513],[139.19239,36.27514],[139.19235,36.27516],[139.19231,36.27518],[139.19227,36.27522],[139.19215,36.27533],[139.19208,36.2754],[139.19206,36.27543],[139.19204,36.27547],[139.19203,36.2755],[139.19202,36.27553],[139.19203,36.27557],[139.19203,36.27563],[139.1916,36.27565],[139.19167,36.27665],[139.19168,36.27678],[139.19174,36.27763],[139.19217,36.27761],[139.19215,36.27742],[139.19285,36.27739],[139.19283,36.27716],[139.19401,36.27709],[139.19403,36.27748],[139.19521,36.2774],[139.19518,36.27702],[139.19574,36.27699],[139.19589,36.27698],[139.19638,36.27696]]]}},{"type":"Feature","properties":{"n":"第１種住居地域","c":5,"bcr":60,"far":200},"geometry":{"type":"Polygon","coordinates":[[[139.21024,36.29372],[139.21086,36.29386],[139.21138,36.29397],[139.21142,36.29389],[139.2119,36.29241],[139.21215,36.29166],[139.21263,36.29161],[139.21296,36.29195],[139.21328,36.29229],[139.21374,36.29295],[139.21414,36.29375],[139.21426,36.29419],[139.21434,36.29455],[139.2144,36.29479],[139.21447,36.29512],[139.21453,36.29513],[139.21507,36.29487],[139.21525,36.29476],[139.21526,36.29475],[139.21583,36.29448],[139.21586,36.29447],[139.21563,36.2939],[139.21544,36.29345],[139.21537,36.29332],[139.21485,36.29235],[139.21481,36.29226],[139.21476,36.29219],[139.2145,36.29188],[139.21418,36.29153],[139.21409,36.29144],[139.21372,36.29106],[139.21265,36.29017],[139.21308,36.28992],[139.21285,36.28973],[139.21263,36.28955],[139.21262,36.28954],[139.21219,36.28918],[139.21165,36.28989],[139.21159,36.28996],[139.21174,36.29009],[139.21169,36.29016],[139.21158,36.29033],[139.21153,36.2904],[139.21149,36.29047],[139.21146,36.29054],[139.21138,36.29069],[139.21137,36.29073],[139.21135,36.29077],[139.21132,36.29086],[139.21129,36.29094],[139.21126,36.29102],[139.21124,36.2911],[139.21122,36.29118],[139.21119,36.29126],[139.21117,36.29133],[139.21114,36.29142],[139.21107,36.29165],[139.21106,36.2917],[139.21055,36.29189],[139.21045,36.2922],[139.21038,36.29242],[139.21065,36.29249],[139.21027,36.29365],[139.21024,36.29372]]]}},{"type":"Feature","properties":{"n":"近隣商業地域","c":9,"bcr":80,"far":200},"geometry":{"type":"Polygon","coordinates":[[[139.23198,36.33713],[139.23195,36.33717],[139.23199,36.3372],[139.2321,36.33726],[139.23214,36.33729],[139.23224,36.33736],[139.23249,36.33752],[139.23257,36.33757],[139.23266,36.33765],[139.23273,36.3377],[139.23289,36.33785],[139.23293,36.33788],[139.23297,36.33791],[139.23301,36.33794],[139.23309,36.33799],[139.23313,36.33802],[139.23336,36.33818],[139.2335,36.33827],[139.23354,36.33831],[139.23358,36.33834],[139.23362,36.33837],[139.23364,36.3384],[139.23368,36.33844],[139.2337,36.33846],[139.23371,36.33847],[139.23373,36.33848],[139.23375,36.33849],[139.23374,36.33855],[139.23374,36.33883],[139.23375,36.33933],[139.23376,36.33948],[139.23376,36.33954],[139.23376,36.33968],[139.23377,36.34013],[139.23378,36.34074],[139.23378,36.34077],[139.23382,36.34077],[139.23408,36.34077],[139.23415,36.34076],[139.23426,36.34076],[139.23489,36.34076],[139.2355,36.34077],[139.23558,36.34077],[139.23631,36.34077],[139.23653,36.34077],[139.23665,36.34077],[139.23679,36.34077],[139.23691,36.34077],[139.23758,36.34077],[139.23768,36.34076],[139.23805,36.34076],[139.23872,36.34076],[139.2397,36.34077],[139.23971,36.34076],[139.23976,36.34074],[139.23976,36.34059],[139.23903,36.3402],[139.23896,36.34017],[139.23855,36.33995],[139.23816,36.33974],[139.23792,36.33962],[139.23771,36.33951],[139.23762,36.33948],[139.23731,36.33932],[139.23727,36.33929],[139.23664,36.33896],[139.23659,36.33894],[139.2362,36.33873],[139.23604,36.33865],[139.23586,36.33855],[139.23577,36.33851],[139.23568,36.33846],[139.23554,36.33839],[139.23551,36.33837],[139.23543,36.33833],[139.23529,36.33826],[139.23516,36.33818],[139.23496,36.33808],[139.2346,36.33789],[139.234,36.33758],[139.23373,36.33744],[139.23349,36.33731],[139.2333,36.33722],[139.23327,36.3372],[139.2331,36.33712],[139.23276,36.33698],[139.23261,36.33691],[139.23256,36.33689],[139.23238,36.33679],[139.23224,36.33683],[139.23219,36.33692],[139.23218,36.33693],[139.23217,36.33693],[139.23213,36.33694],[139.232,36.3371],[139.23198,36.33713]]]}},{"type":"Feature","properties":{"n":"工業地域","c":12,"bcr":60,"far":200},"geometry":{"type":"Polygon","coordinates":[[[139.21444,36.2698],[139.21436,36.26972],[139.21434,36.26969],[139.21421,36.26953],[139.21412,36.26942],[139.21409,36.26937],[139.21406,36.26927],[139.21403,36.26922],[139.21402,36.2692],[139.214,36.26914],[139.21396,36.26906],[139.21389,36.26888],[139.21388,36.26886],[139.21383,36.26874],[139.21381,36.2687],[139.21377,36.26859],[139.21372,36.26848],[139.2137,36.26843],[139.21368,36.26838],[139.21366,36.26833],[139.21363,36.26825],[139.21352,36.26797],[139.21348,36.26787],[139.21338,36.2677],[139.21337,36.26768],[139.21335,36.26766],[139.21332,36.26764],[139.21288,36.26746],[139.21249,36.26729],[139.21239,36.26712],[139.21233,36.26702],[139.21223,36.26684],[139.21222,36.26684],[139.21262,36.26663],[139.21298,36.26644],[139.21329,36.26628],[139.21366,36.26609],[139.21388,36.26598],[139.21414,36.26584],[139.21438,36.26572],[139.21437,36.26571],[139.21426,36.26554],[139.2142,36.26545],[139.21401,36.26515],[139.21393,36.26504],[139.2139,36.26504],[139.2139,36.26503],[139.21387,36.26505],[139.21365,36.26517],[139.21307,36.26549],[139.21268,36.2657],[139.21252,36.2658],[139.21241,36.26585],[139.21219,36.26598],[139.21187,36.26615],[139.21144,36.26639],[139.21116,36.26654],[139.2111,36.26645],[139.21105,36.26743],[139.21099,36.26865],[139.21095,36.26959],[139.21091,36.27021],[139.21089,36.27063],[139.21147,36.2706],[139.21206,36.27057],[139.21248,36.27055],[139.21259,36.27054],[139.21275,36.27051],[139.21296,36.27046],[139.21313,36.27042],[139.21329,36.27038],[139.21351,36.2703],[139.21366,36.27024],[139.21375,36.2702],[139.21388,36.27012],[139.2142,36.26994],[139.21444,36.2698]]]}},{"type":"Feature","properties":{"n":"第２種低層住居専用地域","c":2,"bcr":50,"far":100},"geometry":{"type":"Polygon","coordinates":[[[139.19782,36.33843],[139.19777,36.33844],[139.1974,36.33848],[139.19725,36.33849],[139.19701,36.33851],[139.19671,36.33854],[139.19655,36.33855],[139.19646,36.33856],[139.19587,36.33861],[139.19572,36.33862],[139.19557,36.33864],[139.19551,36.33864],[139.19545,36.33865],[139.19526,36.33867],[139.19521,36.33867],[139.19508,36.33868],[139.19488,36.3387],[139.19471,36.33872],[139.19458,36.33873],[139.19398,36.33878],[139.19392,36.33879],[139.19355,36.33882],[139.19327,36.33885],[139.19321,36.3384],[139.19318,36.33824],[139.19248,36.33831],[139.19165,36.33838],[139.19163,36.33854],[139.19156,36.339],[139.19148,36.33947],[139.19132,36.34046],[139.19117,36.34143],[139.19117,36.34145],[139.19116,36.34149],[139.19152,36.34132],[139.1917,36.34124],[139.19173,36.34123],[139.19188,36.34115],[139.19218,36.34102],[139.19283,36.34073],[139.19309,36.34062],[139.19321,36.34059],[139.19327,36.34057],[139.19345,36.34054],[139.19378,36.34048],[139.19417,36.34041],[139.19446,36.34036],[139.19447,36.34036],[139.19488,36.34029],[139.19514,36.34025],[139.1954,36.34023],[139.19553,36.34021],[139.19625,36.34004],[139.19629,36.34004],[139.19668,36.34007],[139.19689,36.34008],[139.19713,36.34014],[139.1974,36.3402],[139.1975,36.34021],[139.19772,36.34022],[139.1978,36.34023],[139.19797,36.34001],[139.19798,36.34],[139.19799,36.33998],[139.198,36.33996],[139.19801,36.33994],[139.19802,36.33993],[139.19803,36.33991],[139.19803,36.3399],[139.19804,36.33988],[139.19804,36.33987],[139.19805,36.33986],[139.19805,36.33984],[139.19805,36.33982],[139.19806,36.33981],[139.19806,36.33979],[139.19806,36.33975],[139.19806,36.33974],[139.19805,36.33972],[139.19802,36.33949],[139.19796,36.33928],[139.19788,36.33886],[139.19782,36.33843]]]}},{"type":"Feature","properties":{"n":"第１種低層住居専用地域","c":1,"bcr":40,"far":80},"geometry":{"type":"Polygon","coordinates":[[[139.2178,36.32552],[139.21775,36.32552],[139.21771,36.32552],[139.21744,36.32553],[139.21736,36.32553],[139.21711,36.32554],[139.21709,36.32549],[139.21707,36.32546],[139.21706,36.32545],[139.21704,36.32542],[139.21702,36.3254],[139.217,36.32538],[139.21698,36.32536],[139.21696,36.32534],[139.21693,36.32532],[139.21691,36.3253],[139.2169,36.32528],[139.21688,36.32527],[139.21688,36.32525],[139.21684,36.32527],[139.21654,36.32537],[139.2165,36.32539],[139.21649,36.32539],[139.21648,36.32539],[139.21645,36.32541],[139.21628,36.32548],[139.21619,36.3255],[139.21593,36.3256],[139.21565,36.32563],[139.21556,36.32565],[139.21532,36.32567],[139.2153,36.32566],[139.21526,36.32563],[139.21523,36.3256],[139.2152,36.32557],[139.21519,36.32556],[139.21517,36.32552],[139.21514,36.32548],[139.21513,36.32544],[139.21512,36.32541],[139.21511,36.32537],[139.21507,36.32514],[139.21504,36.32497],[139.215,36.32475],[139.21496,36.32452],[139.21492,36.32429],[139.21488,36.32409],[139.21471,36.3241],[139.21412,36.32414],[139.21407,36.32385],[139.21395,36.32272],[139.21293,36.32279],[139.21273,36.32327],[139.21262,36.32352],[139.21261,36.32358],[139.21259,36.32366],[139.21258,36.32372],[139.21257,36.32377],[139.21258,36.32383],[139.21259,36.32395],[139.21262,36.32409],[139.21268,36.32446],[139.2128,36.32523],[139.21323,36.32536],[139.21321,36.32587],[139.21321,36.326],[139.21331,36.32606],[139.21397,36.32641],[139.21494,36.32691],[139.21572,36.32733],[139.2163,36.32763],[139.21713,36.32775],[139.21815,36.32738],[139.21808,36.32713],[139.21791,36.32649],[139.21789,36.32634],[139.21786,36.32608],[139.2178,36.32552]]]}},{"type":"Feature","properties":{"n":"第１種住居地域","c":5,"bcr":60,"far":200},"geometry":{"type":"Polygon","coordinates":[[[139.18726,36.27823],[139.18717,36.27833],[139.18719,36.27862],[139.1872,36.27875],[139.18863,36.27867],[139.18864,36.2788],[139.19062,36.27869],[139.19066,36.27907],[139.19124,36.27903],[139.19142,36.27902],[139.19183,36.279],[139.19178,36.27847],[139.19326,36.2784],[139.19331,36.27824],[139.19417,36.27818],[139.19528,36.27812],[139.19531,36.27812],[139.19551,36.27811],[139.19555,36.27811],[139.1962,36.27807],[139.19648,36.27805],[139.19648,36.27799],[139.19645,36.27778],[139.19644,36.27767],[139.19643,36.2776],[139.19638,36.27699],[139.19638,36.27696],[139.19589,36.27698],[139.19574,36.27699],[139.19518,36.27702],[139.19521,36.2774],[139.19403,36.27748],[139.19401,36.27709],[139.19283,36.27716],[139.19285,36.27739],[139.19215,36.27742],[139.19217,36.27761],[139.19174,36.27763],[139.19168,36.27678],[139.19167,36.27665],[139.1916,36.27565],[139.19203,36.27563],[139.19203,36.27557],[139.19202,36.27553],[139.19203,36.2755],[139.19204,36.27547],[139.19206,36.27543],[139.19208,36.2754],[139.19215,36.27533],[139.19227,36.27522],[139.19231,36.27518],[139.19235,36.27516],[139.19239,36.27514],[139.19246,36.27513],[139.19252,36.27513],[139.19269,36.27512],[139.19274,36.27511],[139.19271,36.27463],[139.19498,36.2745],[139.19502,36.27499],[139.19556,36.27496],[139.19622,36.27491],[139.19621,36.27489],[139.19621,36.27488],[139.19613,36.27401],[139.19612,36.27398],[139.19612,36.27394],[139.19612,36.27391],[139.19554,36.27393],[139.19483,36.27397],[139.19386,36.27402],[139.19346,36.27405],[139.19337,36.27406],[139.1932,36.27409],[139.19305,36.27413],[139.19285,36.27419],[139.19267,36.27425],[139.19254,36.27431],[139.19242,36.27436],[139.1923,36.27443],[139.19218,36.27451],[139.19209,36.27457],[139.19193,36.27468],[139.19185,36.27474],[139.19177,36.27481],[139.1917,36.27489],[139.19162,36.27498],[139.19155,36.27506],[139.19147,36.27517],[139.19141,36.27526],[139.19136,36.27534],[139.19133,36.27542],[139.19129,36.2755],[139.19124,36.27562],[139.1912,36.27571],[139.19117,36.27582],[139.19115,36.27594],[139.19113,36.27605],[139.19112,36.27613],[139.19112,36.27622],[139.19111,36.27631],[139.19112,36.2764],[139.19112,36.27649],[139.19117,36.27712],[139.19125,36.27801],[139.19023,36.27808],[139.18929,36.27813],[139.18836,36.27817],[139.18802,36.2782],[139.18726,36.27823]]]}},{"type":"Feature","properties":{"n":"第１種中高層住居専用地域","c":3,"bcr":60,"far":200},"geometry":{"type":"Polygon","coordinates":[[[139.17105,36.32352],[139.17107,36.32351],[139.17112,36.32351],[139.17113,36.3235],[139.17115,36.32343],[139.17134,36.32327],[139.17174,36.32293],[139.17176,36.32296],[139.17181,36.32291],[139.17195,36.32279],[139.17199,36.32277],[139.17211,36.32272],[139.17216,36.32269],[139.17225,36.32264],[139.17242,36.32247],[139.17246,36.32244],[139.17267,36.32237],[139.17276,36.3223],[139.17282,36.3223],[139.17296,36.32257],[139.17367,36.32217],[139.17437,36.32178],[139.17444,36.32173],[139.1744,36.32162],[139.17431,36.32127],[139.17428,36.32115],[139.17426,36.32101],[139.17424,36.32089],[139.17422,36.32074],[139.17422,36.32062],[139.17422,36.32046],[139.17422,36.32034],[139.1758,36.3203],[139.17588,36.3203],[139.17599,36.32028],[139.17719,36.32011],[139.17874,36.31991],[139.17877,36.31957],[139.1788,36.31936],[139.17881,36.3193],[139.17884,36.31905],[139.17875,36.31906],[139.17664,36.31935],[139.1744,36.31966],[139.17429,36.31967],[139.17421,36.31967],[139.17298,36.31958],[139.17203,36.31936],[139.17201,36.31941],[139.17167,36.32018],[139.17163,36.32026],[139.17163,36.32028],[139.17132,36.32084],[139.17131,36.32088],[139.17132,36.32091],[139.17148,36.32119],[139.17131,36.32133],[139.17121,36.3214],[139.17103,36.32148],[139.17078,36.32157],[139.17081,36.32161],[139.17084,36.32164],[139.17094,36.32184],[139.17097,36.32188],[139.171,36.32201],[139.17103,36.32221],[139.17105,36.32233],[139.17105,36.32246],[139.17105,36.32274],[139.17106,36.32289],[139.17105,36.32352]]]}},{"type":"Feature","properties":{"n":"準工業地域","c":11,"bcr":60,"far":200},"geometry":{"type":"Polygon","coordinates":[[[139.20944,36.28818],[139.20937,36.28824],[139.20936,36.28825],[139.20926,36.28835],[139.20918,36.28841],[139.20913,36.28845],[139.20911,36.28847],[139.20906,36.28851],[139.20891,36.28868],[139.2089,36.28866],[139.20864,36.28897],[139.20862,36.28899],[139.2085,36.28915],[139.20817,36.28959],[139.20785,36.29006],[139.20761,36.29047],[139.20748,36.29071],[139.20722,36.29134],[139.20724,36.29145],[139.20717,36.29157],[139.20717,36.2916],[139.20716,36.29166],[139.20715,36.29169],[139.20715,36.29175],[139.20714,36.2918],[139.20713,36.29185],[139.20712,36.2919],[139.20712,36.29195],[139.20711,36.29201],[139.20711,36.29206],[139.2071,36.29211],[139.20709,36.29216],[139.20709,36.29221],[139.20708,36.29226],[139.20708,36.29231],[139.20707,36.29235],[139.20707,36.2924],[139.20706,36.29245],[139.20706,36.2925],[139.20705,36.29253],[139.20705,36.29259],[139.20704,36.29269],[139.20703,36.29274],[139.20703,36.29279],[139.20703,36.29284],[139.20702,36.29289],[139.20702,36.29293],[139.20701,36.29298],[139.20701,36.29303],[139.20701,36.29303],[139.20701,36.29305],[139.20701,36.29307],[139.20697,36.29353],[139.20695,36.29367],[139.20692,36.29382],[139.20687,36.29425],[139.20705,36.29426],[139.2071,36.29427],[139.20715,36.29429],[139.20749,36.29443],[139.20757,36.29445],[139.20776,36.29448],[139.20787,36.29448],[139.20804,36.29449],[139.20873,36.29449],[139.20932,36.29448],[139.20943,36.29449],[139.20951,36.29449],[139.2096,36.29451],[139.20972,36.29453],[139.21,36.29368],[139.20922,36.29351],[139.20904,36.29348],[139.20838,36.29334],[139.20852,36.2926],[139.20872,36.29164],[139.20924,36.29123],[139.20947,36.29105],[139.21036,36.29034],[139.21115,36.28972],[139.21123,36.28966],[139.21115,36.2896],[139.21057,36.28912],[139.20944,36.28818]]]}},{"type":"Feature","properties":{"n":"第１種住居地域","c":5,"bcr":60,"far":200},"geometry":{"type":"Polygon","coordinates":[[[139.18398,36.31682],[139.18399,36.31689],[139.18405,36.3173],[139.1841,36.31751],[139.18415,36.31769],[139.18423,36.318],[139.18433,36.31798],[139.18479,36.31789],[139.18508,36.31877],[139.18531,36.3195],[139.18556,36.32024],[139.18569,36.32068],[139.18575,36.32083],[139.18647,36.32083],[139.18646,36.32087],[139.18667,36.32084],[139.18691,36.32081],[139.18694,36.3208],[139.18775,36.32066],[139.18815,36.32059],[139.18874,36.32047],[139.18875,36.32043],[139.18876,36.32038],[139.18876,36.32032],[139.18877,36.32026],[139.18877,36.3202],[139.18877,36.32018],[139.18875,36.3201],[139.18875,36.32005],[139.18874,36.32002],[139.18872,36.31972],[139.18872,36.31961],[139.1887,36.31902],[139.1887,36.31901],[139.18868,36.31831],[139.18868,36.3183],[139.18866,36.31788],[139.18866,36.31787],[139.18865,36.31759],[139.18865,36.31756],[139.18739,36.31765],[139.1874,36.31758],[139.18742,36.31744],[139.18687,36.31734],[139.18674,36.31732],[139.18556,36.31704],[139.18459,36.31677],[139.18455,36.31677],[139.18416,36.3168],[139.18409,36.31681],[139.18398,36.31682]]]}},{"type":"Feature","properties":{"n":"第１種低層住居専用地域","c":1,"bcr":40,"far":80},"geometry":{"type":"Polygon","coordinates":[[[139.19019,36.28234],[139.19015,36.28159],[139.19023,36.28159],[139.19033,36.28158],[139.19041,36.28156],[139.1905,36.28154],[139.19061,36.28152],[139.19068,36.2815],[139.19074,36.28148],[139.19084,36.28143],[139.19083,36.28119],[139.19076,36.28044],[139.19073,36.27996],[139.19066,36.27917],[139.19066,36.27907],[139.19062,36.27869],[139.18864,36.2788],[139.18863,36.27867],[139.1872,36.27875],[139.18721,36.2789],[139.18722,36.27912],[139.18724,36.27936],[139.18724,36.27938],[139.18723,36.27958],[139.18722,36.27978],[139.18722,36.2799],[139.1872,36.28021],[139.18719,36.28051],[139.18718,36.28064],[139.18717,36.28083],[139.18717,36.28095],[139.18716,36.28113],[139.18716,36.28133],[139.18715,36.28149],[139.18715,36.2816],[139.18715,36.28166],[139.18714,36.28189],[139.18713,36.28211],[139.18713,36.28223],[139.18712,36.28238],[139.18711,36.28246],[139.1871,36.28249],[139.18713,36.2826],[139.18717,36.2826],[139.18859,36.28255],[139.19022,36.28249],[139.19021,36.28239],[139.19019,36.28234]]]}},{"type":"Feature","properties":{"n":"準住居地域","c":7,"bcr":60,"far":200},"geometry":{"type":"Polygon","coordinates":[[[139.18376,36.30352],[139.18367,36.30316],[139.18365,36.30308],[139.18355,36.30278],[139.18353,36.30269],[139.18344,36.30234],[139.18338,36.3021],[139.18331,36.30185],[139.18326,36.3017],[139.18324,36.30163],[139.18321,36.30151],[139.18304,36.30082],[139.18302,36.30067],[139.18296,36.30041],[139.18291,36.30019],[139.18285,36.29992],[139.18282,36.29974],[139.18242,36.29974],[139.1824,36.29908],[139.18201,36.29938],[139.18202,36.29952],[139.18202,36.29965],[139.18203,36.29978],[139.18204,36.2999],[139.18206,36.30001],[139.18209,36.30015],[139.18212,36.30031],[139.18214,36.30037],[139.1823,36.30103],[139.18233,36.30117],[139.18236,36.30127],[139.18253,36.30202],[139.18256,36.30223],[139.18271,36.30283],[139.18274,36.30292],[139.1828,36.30322],[139.18282,36.3033],[139.18285,36.30343],[139.18288,36.30356],[139.18289,36.30359],[139.18291,36.30367],[139.18296,36.30386],[139.18309,36.30437],[139.18312,36.30449],[139.18331,36.30522],[139.18335,36.30537],[139.18342,36.30568],[139.18347,36.30585],[139.18348,36.3059],[139.18348,36.30593],[139.18349,36.30598],[139.18351,36.30603],[139.18352,36.30617],[139.18353,36.30619],[139.18353,36.30626],[139.18354,36.30628],[139.18354,36.3063],[139.18354,36.30631],[139.18354,36.30632],[139.18354,36.30669],[139.18321,36.30683],[139.18321,36.30751],[139.18321,36.30755],[139.18321,36.30759],[139.1832,36.30986],[139.1832,36.31108],[139.18387,36.31102],[139.18407,36.311],[139.1842,36.31099],[139.18441,36.31097],[139.18512,36.31061],[139.18469,36.30996],[139.18474,36.30762],[139.18479,36.3058],[139.18475,36.30582],[139.18463,36.30589],[139.18456,36.30594],[139.18439,36.30608],[139.18437,36.30593],[139.18436,36.30591],[139.18435,36.30586],[139.18434,36.30582],[139.18433,36.30578],[139.18432,36.30572],[139.18427,36.30554],[139.18425,36.30544],[139.1842,36.30525],[139.1842,36.30523],[139.18419,36.30522],[139.18419,36.30522],[139.18417,36.30514],[139.18414,36.30503],[139.18398,36.30436],[139.18395,36.30428],[139.18394,36.30421],[139.18389,36.30404],[139.18376,36.30352]]]}},{"type":"Feature","properties":{"n":"第１種中高層住居専用地域","c":3,"bcr":60,"far":200},"geometry":{"type":"Polygon","coordinates":[[[139.20954,36.29892],[139.20951,36.299],[139.20946,36.29916],[139.20945,36.29919],[139.20943,36.29925],[139.20931,36.29957],[139.20908,36.30023],[139.2089,36.30075],[139.20887,36.30083],[139.20883,36.30097],[139.20878,36.30111],[139.20856,36.30175],[139.2085,36.3019],[139.20846,36.30201],[139.2084,36.30214],[139.20834,36.30224],[139.20828,36.30232],[139.20822,36.30241],[139.2081,36.30256],[139.20767,36.30313],[139.20718,36.30375],[139.20713,36.30382],[139.20725,36.30384],[139.20738,36.30386],[139.20737,36.30394],[139.20734,36.30411],[139.20728,36.30438],[139.20772,36.30441],[139.20783,36.30443],[139.20834,36.30449],[139.20943,36.30464],[139.20974,36.30469],[139.21004,36.30473],[139.21048,36.3048],[139.21056,36.30481],[139.2106,36.30403],[139.21061,36.30387],[139.21061,36.30379],[139.21063,36.30345],[139.21065,36.3031],[139.21067,36.30272],[139.21072,36.30191],[139.21074,36.30149],[139.21077,36.3011],[139.21076,36.30099],[139.21077,36.30085],[139.21077,36.30074],[139.2108,36.30062],[139.21083,36.30051],[139.21086,36.30044],[139.21088,36.30037],[139.21095,36.3002],[139.21103,36.30002],[139.21109,36.2999],[139.21129,36.29944],[139.21124,36.29943],[139.21031,36.29915],[139.20954,36.29892]]]}},{"type":"Feature","properties":{"n":"近隣商業地域","c":9,"bcr":80,"far":200},"geometry":{"type":"Polygon","coordinates":[[[139.17105,36.32352],[139.17106,36.32368],[139.17101,36.32382],[139.17095,36.32397],[139.1709,36.32406],[139.17175,36.32385],[139.17175,36.32383],[139.17173,36.32378],[139.17171,36.32373],[139.17176,36.32372],[139.17216,36.32362],[139.17229,36.32359],[139.17248,36.32355],[139.17265,36.32352],[139.17306,36.32344],[139.17324,36.32341],[139.17348,36.32353],[139.17355,36.32355],[139.1737,36.32361],[139.17405,36.32374],[139.17416,36.3239],[139.17418,36.32393],[139.17514,36.32355],[139.17493,36.323],[139.17502,36.32297],[139.17682,36.32235],[139.17728,36.32221],[139.17732,36.32228],[139.17902,36.32208],[139.179,36.32202],[139.17894,36.32163],[139.18137,36.32154],[139.18142,36.32186],[139.18229,36.32188],[139.18251,36.32189],[139.18314,36.3219],[139.18315,36.3219],[139.18324,36.32189],[139.18327,36.32181],[139.18332,36.32164],[139.18334,36.32151],[139.18335,36.32138],[139.18335,36.32111],[139.18333,36.32095],[139.18329,36.32076],[139.18323,36.32046],[139.1832,36.32034],[139.18244,36.32042],[139.18256,36.32084],[139.18256,36.32088],[139.18253,36.32088],[139.1814,36.32087],[139.18131,36.32087],[139.18034,36.32087],[139.18029,36.32087],[139.17981,36.32086],[139.17971,36.32086],[139.1796,36.32086],[139.17952,36.32086],[139.17944,36.32087],[139.17938,36.32087],[139.17931,36.32087],[139.17919,36.32088],[139.17903,36.32088],[139.17896,36.32089],[139.17892,36.32089],[139.17874,36.32091],[139.17864,36.32092],[139.17839,36.32096],[139.1783,36.32097],[139.17819,36.32099],[139.17809,36.32101],[139.17793,36.32104],[139.17777,36.32108],[139.17755,36.32113],[139.17746,36.32116],[139.17736,36.32118],[139.17725,36.32121],[139.17718,36.32123],[139.17711,36.32126],[139.17703,36.32128],[139.17695,36.32131],[139.17689,36.32133],[139.17684,36.32135],[139.17659,36.32143],[139.17653,36.32145],[139.17639,36.3215],[139.1763,36.32153],[139.17516,36.32192],[139.1751,36.32194],[139.17468,36.32208],[139.1746,36.32211],[139.17444,36.32173],[139.17437,36.32178],[139.17367,36.32217],[139.17296,36.32257],[139.17282,36.3223],[139.17276,36.3223],[139.17267,36.32237],[139.17246,36.32244],[139.17242,36.32247],[139.17225,36.32264],[139.17216,36.32269],[139.17211,36.32272],[139.17199,36.32277],[139.17195,36.32279],[139.17181,36.32291],[139.17176,36.32296],[139.17174,36.32293],[139.17134,36.32327],[139.17115,36.32343],[139.17113,36.3235],[139.17112,36.32351],[139.17107,36.32351],[139.17105,36.32352]]]}},{"type":"Feature","properties":{"n":"準工業地域","c":11,"bcr":60,"far":200},"geometry":{"type":"Polygon","coordinates":[[[139.22864,36.33171],[139.22874,36.33174],[139.22892,36.33179],[139.22936,36.33192],[139.22948,36.33192],[139.22952,36.33186],[139.22957,36.33181],[139.22962,36.33175],[139.22965,36.33168],[139.22978,36.33138],[139.22993,36.33102],[139.23,36.33085],[139.23005,36.33074],[139.2302,36.33037],[139.23036,36.33],[139.2304,36.32991],[139.23046,36.32993],[139.23147,36.33021],[139.2317,36.33028],[139.23185,36.33033],[139.23235,36.33046],[139.2325,36.3305],[139.23262,36.33053],[139.23263,36.33051],[139.23307,36.3295],[139.23321,36.32918],[139.23367,36.32812],[139.23368,36.32809],[139.23359,36.32806],[139.23357,36.32805],[139.2335,36.32803],[139.23282,36.32784],[139.23287,36.3277],[139.23232,36.32755],[139.23188,36.32743],[139.23127,36.32727],[139.23051,36.32706],[139.23047,36.32716],[139.23048,36.32717],[139.23031,36.32756],[139.23013,36.32798],[139.22963,36.32784],[139.22942,36.32778],[139.2292,36.32772],[139.22896,36.32765],[139.22862,36.32847],[139.2286,36.32851],[139.2286,36.32859],[139.22831,36.32929],[139.22831,36.3293],[139.22831,36.32931],[139.22831,36.32931],[139.22832,36.32932],[139.22833,36.32933],[139.22854,36.32938],[139.2286,36.3294],[139.22872,36.32943],[139.22901,36.32952],[139.22937,36.32962],[139.2294,36.32963],[139.22949,36.32965],[139.22952,36.32965],[139.22884,36.33121],[139.22867,36.33165],[139.22864,36.33171]]]}},{"type":"Feature","properties":{"n":"近隣商業地域","c":9,"bcr":80,"far":200},"geometry":{"type":"Polygon","coordinates":[[[139.1995,36.32623],[139.19947,36.32598],[139.19937,36.32519],[139.19934,36.32492],[139.19931,36.32475],[139.19934,36.32474],[139.20002,36.32468],[139.20063,36.32477],[139.20065,36.32478],[139.20126,36.32487],[139.20142,36.32489],[139.20146,36.3249],[139.20253,36.32505],[139.20254,36.32501],[139.20254,36.32497],[139.20255,36.3249],[139.20255,36.32481],[139.20255,36.3248],[139.20254,36.32474],[139.2015,36.32458],[139.20147,36.32458],[139.20084,36.32448],[139.20083,36.32378],[139.19999,36.32376],[139.19992,36.32376],[139.19983,36.32375],[139.19985,36.32372],[139.1999,36.32364],[139.19994,36.32356],[139.19999,36.32347],[139.20007,36.32331],[139.20014,36.32314],[139.2002,36.32301],[139.20025,36.32288],[139.2003,36.32274],[139.20035,36.3226],[139.20039,36.32248],[139.20039,36.32247],[139.19795,36.32239],[139.19779,36.32238],[139.19779,36.32264],[139.1978,36.32297],[139.19783,36.32326],[139.19794,36.32404],[139.19776,36.32401],[139.1974,36.32396],[139.19712,36.32392],[139.19699,36.3239],[139.19687,36.32389],[139.19681,36.32389],[139.19663,36.32389],[139.19621,36.3239],[139.19589,36.32391],[139.19581,36.32391],[139.19576,36.32476],[139.19574,36.32519],[139.19573,36.32529],[139.19591,36.32526],[139.19593,36.32542],[139.196,36.32587],[139.19604,36.32614],[139.19607,36.32637],[139.19608,36.32644],[139.19695,36.3263],[139.19709,36.32628],[139.19723,36.32626],[139.19737,36.32624],[139.19752,36.32622],[139.19775,36.3262],[139.19793,36.32619],[139.19804,36.32618],[139.19813,36.32617],[139.19835,36.32616],[139.19838,36.32616],[139.19859,36.32616],[139.19877,36.32617],[139.19894,36.32617],[139.19913,36.32619],[139.1993,36.3262],[139.19945,36.32622],[139.1995,36.32623]]]}},{"type":"Feature","properties":{"n":"商業地域","c":10,"bcr":80,"far":400},"geometry":{"type":"Polygon","coordinates":[[[139.25347,36.27521],[139.25415,36.27482],[139.25441,36.27467],[139.25444,36.27474],[139.25457,36.275],[139.25457,36.27506],[139.25471,36.27532],[139.25471,36.27536],[139.25476,36.27549],[139.25499,36.27605],[139.25507,36.27623],[139.25517,36.27651],[139.25536,36.27654],[139.25547,36.27656],[139.25597,36.27658],[139.25628,36.27719],[139.25579,36.27727],[139.25597,36.27804],[139.25611,36.27857],[139.25621,36.27901],[139.25638,36.27972],[139.25722,36.27959],[139.25805,36.27946],[139.25804,36.27944],[139.25792,36.27894],[139.25779,36.27842],[139.25772,36.27817],[139.25762,36.27776],[139.25744,36.277],[139.25693,36.27709],[139.25668,36.27649],[139.25654,36.27621],[139.25647,36.27608],[139.25629,36.27573],[139.2561,36.27534],[139.25604,36.27519],[139.25601,36.2751],[139.25595,36.27494],[139.25583,36.27468],[139.25567,36.27438],[139.2556,36.27424],[139.25552,36.27408],[139.25562,36.27403],[139.25574,36.27397],[139.25591,36.2739],[139.25594,36.27389],[139.25602,36.27385],[139.25628,36.27374],[139.2566,36.27361],[139.25682,36.27353],[139.257,36.27347],[139.25719,36.27341],[139.2574,36.27335],[139.25806,36.27315],[139.25825,36.27308],[139.25838,36.27302],[139.25852,36.27296],[139.25864,36.27291],[139.25865,36.2729],[139.25876,36.27285],[139.25891,36.27278],[139.25902,36.27273],[139.25904,36.27272],[139.25912,36.27268],[139.25928,36.27261],[139.25947,36.27254],[139.25952,36.27252],[139.25958,36.2725],[139.25961,36.2725],[139.25965,36.2725],[139.25989,36.27241],[139.26045,36.27224],[139.26071,36.27216],[139.26078,36.27214],[139.26093,36.2721],[139.26118,36.27202],[139.26121,36.27201],[139.2611,36.27179],[139.26109,36.2717],[139.26102,36.27148],[139.26094,36.2715],[139.26075,36.27156],[139.26072,36.27157],[139.26059,36.27161],[139.26056,36.27162],[139.26045,36.27165],[139.25982,36.27185],[139.25974,36.27187],[139.25955,36.27193],[139.25951,36.27194],[139.2591,36.27209],[139.25893,36.27217],[139.25848,36.27238],[139.25793,36.27261],[139.25784,36.27265],[139.25773,36.27268],[139.25724,36.2728],[139.2572,36.27282],[139.25717,36.27283],[139.25712,36.27285],[139.25693,36.27291],[139.25657,36.27303],[139.25639,36.27309],[139.2563,36.27312],[139.25605,36.27323],[139.25598,36.27325],[139.25592,36.27328],[139.25582,36.27333],[139.25559,36.27343],[139.25533,36.27354],[139.25513,36.27363],[139.25492,36.27372],[139.25485,36.27378],[139.25482,36.2738],[139.25463,36.2739],[139.2546,36.27391],[139.2545,36.27397],[139.25428,36.27409],[139.25419,36.27414],[139.25415,36.27416],[139.25405,36.27421],[139.2535,36.27452],[139.25331,36.27463],[139.25313,36.27474],[139.25293,36.27484],[139.2525,36.27503],[139.25247,36.27504],[139.2523,36.27513],[139.25222,36.27518],[139.25212,36.27526],[139.25208,36.27529],[139.25205,36.27532],[139.25202,36.27534],[139.252,36.27536],[139.25197,36.2754],[139.25184,36.27554],[139.25174,36.27564],[139.25195,36.27586],[139.25216,36.27608],[139.25235,36.27589],[139.25255,36.27568],[139.25258,36.27565],[139.2526,36.27564],[139.25265,36.2756],[139.25266,36.27559],[139.25274,36.27555],[139.25285,36.27549],[139.25298,36.27544],[139.25315,36.27536],[139.25326,36.27531],[139.25347,36.27521]]]}},{"type":"Feature","properties":{"n":"第１種中高層住居専用地域","c":3,"bcr":60,"far":200},"geometry":{"type":"Polygon","coordinates":[[[139.26228,36.276],[139.26229,36.27603],[139.2624,36.276],[139.26252,36.27596],[139.26254,36.27595],[139.26281,36.27583],[139.26283,36.27582],[139.26288,36.2758],[139.26297,36.27577],[139.26309,36.27573],[139.26344,36.27566],[139.26352,36.27564],[139.26375,36.27561],[139.26396,36.27559],[139.2641,36.27557],[139.26418,36.27555],[139.26432,36.27551],[139.26454,36.27544],[139.26457,36.27543],[139.26473,36.27537],[139.2649,36.27532],[139.26513,36.27528],[139.26535,36.27524],[139.26586,36.27518],[139.26591,36.27517],[139.26579,36.27418],[139.26578,36.27411],[139.26569,36.27357],[139.26566,36.27348],[139.2656,36.27337],[139.26548,36.27319],[139.26543,36.2731],[139.26527,36.2729],[139.26514,36.27276],[139.26485,36.27248],[139.26478,36.2724],[139.26464,36.27221],[139.26452,36.27203],[139.26408,36.27138],[139.26356,36.2716],[139.26263,36.27202],[139.26137,36.27257],[139.26148,36.27299],[139.26161,36.27347],[139.26173,36.27393],[139.26185,36.27437],[139.26196,36.27481],[139.26228,36.276]]]}},{"type":"Feature","properties":{"n":"第１種中高層住居専用地域","c":3,"bcr":60,"far":200},"geometry":{"type":"Polygon","coordinates":[[[139.21701,36.30047],[139.21821,36.30046],[139.21817,36.29947],[139.2189,36.29944],[139.21886,36.29895],[139.21884,36.29885],[139.21871,36.29727],[139.21969,36.29721],[139.21974,36.29721],[139.21968,36.29717],[139.2196,36.29707],[139.21944,36.29688],[139.21911,36.29649],[139.219,36.29634],[139.21895,36.29627],[139.21894,36.29624],[139.21889,36.29603],[139.21887,36.29599],[139.21885,36.29593],[139.21864,36.29593],[139.21852,36.29584],[139.21849,36.29582],[139.21845,36.29581],[139.21839,36.29578],[139.21838,36.29577],[139.2183,36.29571],[139.2182,36.29559],[139.21804,36.29543],[139.21793,36.29531],[139.21792,36.29529],[139.2179,36.29527],[139.21788,36.29525],[139.21777,36.29513],[139.21758,36.29493],[139.21752,36.29495],[139.21751,36.29495],[139.21741,36.29479],[139.21736,36.29468],[139.21734,36.29466],[139.21733,36.29464],[139.2173,36.29458],[139.21727,36.29453],[139.21726,36.2945],[139.21528,36.29543],[139.21569,36.29741],[139.21637,36.29738],[139.21639,36.29744],[139.2166,36.29848],[139.2167,36.29897],[139.21672,36.29905],[139.2168,36.29948],[139.217,36.3004],[139.21701,36.30047]]]}},{"type":"Feature","properties":{"n":"第１種住居地域","c":5,"bcr":60,"far":200},"geometry":{"type":"Polygon","coordinates":[[[139.17044,36.32655],[139.17047,36.32583],[139.17047,36.32583],[139.17048,36.32555],[139.17194,36.32482],[139.17177,36.32434],[139.17175,36.32426],[139.17175,36.32421],[139.17175,36.32409],[139.17176,36.32388],[139.17175,36.32385],[139.1709,36.32406],[139.17055,36.32415],[139.16991,36.32582],[139.16981,36.32609],[139.16935,36.32685],[139.16925,36.32698],[139.16897,36.32741],[139.16861,36.32792],[139.16807,36.32868],[139.16799,36.3288],[139.16767,36.32925],[139.16759,36.32936],[139.16724,36.32968],[139.16673,36.33015],[139.16714,36.33056],[139.16741,36.33084],[139.16753,36.33096],[139.16855,36.33195],[139.16887,36.33148],[139.16904,36.33125],[139.16904,36.33124],[139.16906,36.33121],[139.16969,36.33047],[139.16978,36.33037],[139.16987,36.33026],[139.16999,36.33015],[139.17008,36.33006],[139.17029,36.32983],[139.17047,36.32965],[139.17048,36.32963],[139.17054,36.32958],[139.17073,36.3294],[139.1709,36.32923],[139.17091,36.32922],[139.17104,36.3291],[139.17117,36.329],[139.17067,36.32845],[139.17117,36.32804],[139.17041,36.32734],[139.1704,36.32729],[139.17041,36.32709],[139.17041,36.32702],[139.17042,36.32692],[139.17044,36.32655]]]}},{"type":"Feature","properties":{"n":"第１種中高層住居専用地域","c":3,"bcr":60,"far":200},"geometry":{"type":"Polygon","coordinates":[[[139.19983,36.29991],[139.19984,36.29995],[139.19986,36.29998],[139.1997,36.29998],[139.19947,36.3],[139.19934,36.30001],[139.1992,36.30003],[139.19907,36.30006],[139.19897,36.30008],[139.19882,36.30012],[139.19857,36.30019],[139.19758,36.30047],[139.19763,36.301],[139.19784,36.30141],[139.19781,36.30143],[139.19797,36.30174],[139.19811,36.30202],[139.19822,36.30226],[139.19835,36.30254],[139.19817,36.30262],[139.19805,36.30268],[139.19819,36.30414],[139.19823,36.30414],[139.19832,36.30414],[139.19841,36.30414],[139.19852,36.30413],[139.19862,36.30413],[139.19862,36.30413],[139.19894,36.30414],[139.19947,36.30407],[139.19959,36.30407],[139.19969,36.30406],[139.19979,36.30405],[139.19989,36.30403],[139.19999,36.30402],[139.2001,36.30399],[139.20019,36.30396],[139.20029,36.30392],[139.20039,36.30388],[139.20049,36.30383],[139.20057,36.30378],[139.20068,36.3037],[139.2008,36.3036],[139.20088,36.30351],[139.20094,36.30344],[139.20099,36.30335],[139.20104,36.30327],[139.20108,36.30318],[139.20108,36.30317],[139.20122,36.30276],[139.20125,36.3027],[139.20126,36.30268],[139.20129,36.30259],[139.20136,36.30236],[139.20143,36.30218],[139.20146,36.3021],[139.20147,36.30207],[139.2015,36.30203],[139.20152,36.302],[139.20155,36.30197],[139.20167,36.30185],[139.20175,36.30169],[139.20177,36.30165],[139.20177,36.30164],[139.20181,36.30155],[139.20184,36.30148],[139.20187,36.30141],[139.20196,36.30124],[139.20203,36.30105],[139.20208,36.30093],[139.20223,36.3006],[139.20225,36.30056],[139.20229,36.30046],[139.20232,36.30041],[139.20234,36.30035],[139.20235,36.30032],[139.20235,36.30032],[139.20235,36.30031],[139.20235,36.3003],[139.20234,36.30027],[139.20231,36.30024],[139.20231,36.30023],[139.20231,36.30022],[139.20221,36.30005],[139.20218,36.30006],[139.20205,36.30009],[139.20186,36.30008],[139.20111,36.30001],[139.20058,36.29997],[139.20029,36.29994],[139.2,36.29991],[139.19997,36.29991],[139.19983,36.29991]]]}},{"type":"Feature","properties":{"n":"第２種住居地域","c":6,"bcr":60,"far":200},"geometry":{"type":"Polygon","coordinates":[[[139.20887,36.32565],[139.20886,36.32572],[139.20886,36.32577],[139.20884,36.32599],[139.20884,36.32599],[139.20914,36.32603],[139.20921,36.32604],[139.20928,36.32606],[139.20951,36.32609],[139.20956,36.32616],[139.20961,36.32622],[139.20966,36.32629],[139.20975,36.32636],[139.20988,36.32645],[139.20989,36.32657],[139.20991,36.32665],[139.21004,36.32701],[139.20999,36.3277],[139.20998,36.32785],[139.21061,36.32785],[139.2106,36.32817],[139.21061,36.32828],[139.21062,36.32848],[139.21151,36.3285],[139.21175,36.32851],[139.21181,36.3285],[139.21209,36.32849],[139.2125,36.32847],[139.21289,36.32846],[139.21306,36.32846],[139.21368,36.32846],[139.21365,36.32819],[139.21361,36.32768],[139.2136,36.32752],[139.21372,36.32755],[139.21389,36.32758],[139.21412,36.32762],[139.2144,36.32766],[139.21474,36.32771],[139.21507,36.32787],[139.21507,36.32798],[139.21508,36.32805],[139.21518,36.3286],[139.21552,36.32859],[139.21557,36.32857],[139.21587,36.32857],[139.21585,36.32862],[139.21579,36.32874],[139.21568,36.32886],[139.21565,36.32891],[139.2156,36.32918],[139.21567,36.32928],[139.21562,36.32965],[139.21578,36.32964],[139.21602,36.32967],[139.21694,36.32977],[139.21701,36.32902],[139.21703,36.32871],[139.21703,36.32853],[139.21707,36.32823],[139.21713,36.32775],[139.2163,36.32763],[139.21572,36.32733],[139.21494,36.32691],[139.21397,36.32641],[139.21331,36.32606],[139.21321,36.326],[139.21321,36.32587],[139.21287,36.32587],[139.21225,36.32579],[139.21225,36.3258],[139.21225,36.32582],[139.21225,36.32586],[139.21228,36.32605],[139.2123,36.32616],[139.21231,36.32622],[139.21205,36.32617],[139.21186,36.32612],[139.21156,36.32607],[139.21143,36.32605],[139.21021,36.32586],[139.20887,36.32565]]]}},{"type":"Feature","properties":{"n":"第１種中高層住居専用地域","c":3,"bcr":60,"far":200},"geometry":{"type":"Polygon","coordinates":[[[139.16775,36.31886],[139.16731,36.31887],[139.16731,36.31892],[139.16731,36.31939],[139.16701,36.31945],[139.16645,36.31969],[139.16662,36.31997],[139.16665,36.32002],[139.16682,36.32035],[139.16649,36.32067],[139.16691,36.3211],[139.16687,36.32127],[139.1668,36.3214],[139.16677,36.32148],[139.16675,36.32157],[139.16668,36.32175],[139.16659,36.32184],[139.16654,36.3222],[139.16653,36.3223],[139.1662,36.32363],[139.16605,36.32357],[139.16577,36.32392],[139.16572,36.32398],[139.16572,36.32398],[139.16582,36.32402],[139.1659,36.32404],[139.16597,36.32406],[139.16604,36.32407],[139.16612,36.32407],[139.16623,36.32408],[139.16634,36.32407],[139.1664,36.32407],[139.16646,36.32406],[139.16653,36.32404],[139.16665,36.324],[139.16687,36.32391],[139.16769,36.32357],[139.169,36.32301],[139.16914,36.32294],[139.16924,36.32286],[139.16935,36.32275],[139.16942,36.32267],[139.16946,36.32259],[139.1695,36.3225],[139.16954,36.32241],[139.16956,36.32234],[139.16956,36.32226],[139.16957,36.3222],[139.16957,36.32216],[139.16956,36.32213],[139.16955,36.32209],[139.16951,36.32187],[139.16945,36.32155],[139.16926,36.32065],[139.16932,36.32063],[139.1704,36.32022],[139.17052,36.31976],[139.17071,36.31902],[139.16882,36.31872],[139.16882,36.31888],[139.16869,36.31901],[139.16864,36.31905],[139.16853,36.31898],[139.16842,36.31893],[139.16833,36.31891],[139.16826,36.31889],[139.16819,36.31887],[139.16812,36.31886],[139.16806,36.31886],[139.16796,36.31886],[139.16786,36.31886],[139.16775,36.31886]]]}},{"type":"Feature","properties":{"n":"準工業地域","c":11,"bcr":60,"far":200},"geometry":{"type":"Polygon","coordinates":[[[139.18791,36.31357],[139.18836,36.31349],[139.18935,36.31354],[139.18935,36.31284],[139.18935,36.31247],[139.18935,36.31241],[139.18935,36.31236],[139.18936,36.31225],[139.18936,36.31222],[139.18942,36.31221],[139.18955,36.31221],[139.18965,36.3122],[139.18994,36.31217],[139.19016,36.31215],[139.19023,36.31214],[139.19037,36.31213],[139.19055,36.31211],[139.19072,36.31209],[139.19075,36.31209],[139.1908,36.31209],[139.19084,36.31208],[139.19094,36.31207],[139.1911,36.31206],[139.19124,36.31204],[139.19127,36.31202],[139.19131,36.31198],[139.19143,36.31186],[139.1915,36.31179],[139.19151,36.31178],[139.19155,36.31174],[139.19163,36.31166],[139.19173,36.31155],[139.1918,36.31147],[139.19187,36.31147],[139.19207,36.31147],[139.19222,36.31148],[139.19239,36.3115],[139.19257,36.31152],[139.19284,36.31157],[139.19321,36.31163],[139.19318,36.3118],[139.19318,36.31185],[139.1932,36.3119],[139.19322,36.31203],[139.19324,36.31218],[139.19331,36.3122],[139.19346,36.31222],[139.19356,36.31224],[139.19358,36.31224],[139.1938,36.31228],[139.19383,36.31228],[139.19393,36.3123],[139.19403,36.31232],[139.19405,36.31232],[139.1942,36.31235],[139.1942,36.31235],[139.19429,36.31222],[139.19433,36.31224],[139.19437,36.31226],[139.19442,36.31228],[139.19459,36.31233],[139.19472,36.31238],[139.19477,36.3124],[139.19483,36.31244],[139.19493,36.31253],[139.19619,36.31275],[139.1963,36.31259],[139.19631,36.31256],[139.19632,36.31253],[139.19633,36.31241],[139.19634,36.31232],[139.19635,36.31229],[139.19637,36.31226],[139.1964,36.31223],[139.19642,36.31222],[139.19645,36.31221],[139.1965,36.3122],[139.19656,36.3122],[139.19676,36.31222],[139.19689,36.31225],[139.19693,36.31226],[139.19701,36.31228],[139.19716,36.31234],[139.19721,36.31236],[139.19727,36.31236],[139.1973,36.31236],[139.19733,36.31236],[139.19737,36.31234],[139.19743,36.31232],[139.19747,36.31229],[139.19749,36.31226],[139.19752,36.31224],[139.19776,36.31204],[139.19782,36.31202],[139.19792,36.31196],[139.1979,36.31144],[139.19789,36.31088],[139.1976,36.3109],[139.1969,36.31094],[139.19587,36.311],[139.19563,36.31139],[139.19544,36.3114],[139.19531,36.31139],[139.19521,36.31139],[139.19519,36.31139],[139.1951,36.31139],[139.19504,36.31138],[139.19499,36.31138],[139.19493,36.31137],[139.19493,36.31137],[139.19484,36.31137],[139.19474,36.31135],[139.19461,36.31133],[139.19447,36.31131],[139.19427,36.31127],[139.19406,36.31124],[139.19391,36.31121],[139.19385,36.3112],[139.19379,36.31119],[139.19369,36.31117],[139.19353,36.31115],[139.19339,36.31112],[139.19311,36.31107],[139.19302,36.31097],[139.19288,36.31083],[139.19279,36.31075],[139.19266,36.31062],[139.19254,36.31049],[139.19213,36.30998],[139.19199,36.30982],[139.19197,36.3098],[139.19177,36.30988],[139.19155,36.30997],[139.19141,36.31001],[139.19116,36.3101],[139.191,36.31017],[139.19079,36.31027],[139.19074,36.31029],[139.19066,36.31032],[139.19061,36.31034],[139.19053,36.31038],[139.19034,36.31046],[139.19025,36.3105],[139.19007,36.31058],[139.18986,36.31068],[139.18984,36.31068],[139.18946,36.31088],[139.18904,36.31109],[139.18898,36.31113],[139.18891,36.31117],[139.18886,36.31121],[139.18879,36.31125],[139.18878,36.31127],[139.18875,36.31128],[139.18868,36.31133],[139.18842,36.31149],[139.18832,36.31158],[139.18821,36.31173],[139.1881,36.31189],[139.18797,36.31211],[139.18792,36.31226],[139.18792,36.31229],[139.1879,36.3124],[139.18788,36.31249],[139.18786,36.31257],[139.18783,36.31277],[139.18781,36.31292],[139.18781,36.31298],[139.18782,36.31307],[139.18782,36.31317],[139.18783,36.31324],[139.1879,36.31352],[139.18791,36.31357]]]}},{"type":"Feature","properties":{"n":"第２種住居地域","c":6,"bcr":60,"far":200},"geometry":{"type":"Polygon","coordinates":[[[139.19134,36.32875],[139.19134,36.32867],[139.19139,36.32813],[139.1914,36.32802],[139.19139,36.32776],[139.19139,36.32745],[139.19139,36.32743],[139.19136,36.32743],[139.19093,36.32748],[139.19082,36.3275],[139.19059,36.32666],[139.19088,36.32663],[139.19094,36.32662],[139.19099,36.3266],[139.19104,36.32659],[139.1911,36.32658],[139.19115,36.32656],[139.1912,36.32655],[139.19125,36.32653],[139.1913,36.32652],[139.19136,36.3265],[139.19141,36.32648],[139.19146,36.32646],[139.19151,36.32644],[139.19156,36.32642],[139.19161,36.3264],[139.19166,36.32638],[139.1917,36.32635],[139.19175,36.32633],[139.19179,36.3263],[139.19184,36.32628],[139.19188,36.32625],[139.19194,36.32621],[139.19202,36.32616],[139.19207,36.32613],[139.19211,36.3261],[139.19216,36.32607],[139.1922,36.32604],[139.19224,36.32602],[139.19229,36.32599],[139.19234,36.32597],[139.19237,36.32595],[139.19239,36.32595],[139.1924,36.32594],[139.19244,36.32592],[139.19248,36.3259],[139.19254,36.32588],[139.19258,36.32586],[139.19263,36.32584],[139.19273,36.32582],[139.1927,36.32567],[139.19269,36.32564],[139.19265,36.32531],[139.19263,36.32509],[139.19258,36.32482],[139.19256,36.32472],[139.19251,36.32422],[139.19246,36.32389],[139.19246,36.32386],[139.19244,36.32372],[139.19244,36.32369],[139.19243,36.32339],[139.19244,36.3233],[139.19244,36.32253],[139.19244,36.32209],[139.19162,36.32207],[139.18999,36.32219],[139.18998,36.32365],[139.19009,36.32364],[139.19032,36.3236],[139.19037,36.3236],[139.19035,36.32375],[139.19033,36.32389],[139.19023,36.32449],[139.19018,36.32472],[139.19018,36.32475],[139.19012,36.325],[139.1901,36.3251],[139.19008,36.32517],[139.19004,36.32531],[139.18997,36.32551],[139.18991,36.32569],[139.18989,36.32571],[139.18986,36.32578],[139.18985,36.32583],[139.18984,36.32593],[139.18983,36.32594],[139.18982,36.32607],[139.1898,36.32631],[139.18979,36.32655],[139.18979,36.32658],[139.18979,36.32667],[139.18938,36.32673],[139.18937,36.32679],[139.18936,36.32689],[139.18936,36.32702],[139.18935,36.32715],[139.18935,36.32727],[139.18933,36.32735],[139.18931,36.32746],[139.18929,36.32759],[139.18928,36.32767],[139.18928,36.32771],[139.18928,36.32775],[139.18928,36.32777],[139.18927,36.32782],[139.18927,36.32784],[139.18926,36.32788],[139.18924,36.328],[139.18923,36.32802],[139.18922,36.32805],[139.1892,36.32808],[139.18918,36.32814],[139.18916,36.32822],[139.18915,36.32827],[139.18915,36.32827],[139.18914,36.32832],[139.18912,36.32852],[139.18911,36.32857],[139.1891,36.32863],[139.18906,36.3288],[139.18948,36.32882],[139.18956,36.32883],[139.19007,36.32886],[139.19046,36.32888],[139.19047,36.32884],[139.19107,36.32879],[139.1913,36.32877],[139.19134,36.32875]]]}},{"type":"Feature","properties":{"n":"第１種中高層住居専用地域","c":3,"bcr":60,"far":200},"geometry":{"type":"Polygon","coordinates":[[[139.2204,36.30779],[139.22113,36.30771],[139.22228,36.30758],[139.22288,36.30752],[139.22375,36.30743],[139.22374,36.3074],[139.22372,36.30736],[139.22359,36.30712],[139.22348,36.30691],[139.22339,36.30671],[139.22329,36.30647],[139.22323,36.30624],[139.22322,36.30617],[139.22317,36.30604],[139.22313,36.30586],[139.2231,36.30573],[139.22308,36.30562],[139.22307,36.30552],[139.22306,36.30547],[139.22306,36.30537],[139.22306,36.30532],[139.22306,36.30522],[139.22306,36.30512],[139.22307,36.305],[139.22308,36.30489],[139.22309,36.3048],[139.2231,36.30471],[139.22312,36.3046],[139.22315,36.30447],[139.22318,36.30432],[139.22321,36.30417],[139.22323,36.30406],[139.22324,36.30397],[139.22325,36.30392],[139.22326,36.30387],[139.22327,36.30378],[139.22327,36.3037],[139.22326,36.30366],[139.22326,36.30362],[139.2232,36.30349],[139.22315,36.30335],[139.22311,36.30324],[139.22305,36.30312],[139.223,36.303],[139.22291,36.30283],[139.22287,36.30275],[139.22282,36.30263],[139.22278,36.30256],[139.22276,36.30252],[139.22272,36.30253],[139.22218,36.3027],[139.22183,36.30281],[139.22152,36.30291],[139.22043,36.30324],[139.2199,36.30342],[139.2197,36.30348],[139.21974,36.30373],[139.22,36.30537],[139.22028,36.30708],[139.2204,36.30779]]]}},{"type":"Feature","properties":{"n":"準住居地域","c":7,"bcr":60,"far":200},"geometry":{"type":"Polygon","coordinates":[[[139.19597,36.29736],[139.19601,36.29776],[139.19602,36.29784],[139.19602,36.29793],[139.19601,36.29829],[139.19601,36.29845],[139.196,36.29871],[139.196,36.29893],[139.19614,36.29884],[139.19618,36.29893],[139.1964,36.29944],[139.19546,36.2997],[139.19563,36.30011],[139.19569,36.30027],[139.19538,36.30036],[139.19544,36.3005],[139.19565,36.30101],[139.19568,36.3011],[139.19653,36.30086],[139.19668,36.30121],[139.19645,36.30128],[139.19674,36.30165],[139.19668,36.30168],[139.19694,36.302],[139.19657,36.30219],[139.19669,36.30334],[139.19663,36.30337],[139.19674,36.30442],[139.19683,36.30439],[139.197,36.30434],[139.19718,36.30429],[139.19722,36.30428],[139.19724,36.30428],[139.19736,36.30425],[139.19736,36.30425],[139.19752,36.30422],[139.19759,36.30421],[139.19762,36.3042],[139.1977,36.30419],[139.19778,36.30418],[139.19788,36.30417],[139.19801,36.30415],[139.19814,36.30414],[139.19819,36.30414],[139.19805,36.30268],[139.19817,36.30262],[139.19835,36.30254],[139.19822,36.30226],[139.19811,36.30202],[139.19797,36.30174],[139.19781,36.30143],[139.19784,36.30141],[139.19763,36.301],[139.19758,36.30047],[139.19857,36.30019],[139.19882,36.30012],[139.19897,36.30008],[139.19907,36.30006],[139.1992,36.30003],[139.19934,36.30001],[139.19947,36.3],[139.1997,36.29998],[139.19986,36.29998],[139.19984,36.29995],[139.19983,36.29991],[139.19979,36.29983],[139.19977,36.29971],[139.19976,36.29963],[139.19976,36.29957],[139.19976,36.2995],[139.19977,36.29946],[139.19978,36.29937],[139.19965,36.29899],[139.19947,36.29881],[139.19929,36.29865],[139.19924,36.2986],[139.19918,36.29855],[139.19904,36.29841],[139.19896,36.29833],[139.19887,36.29825],[139.19879,36.29818],[139.19866,36.29806],[139.19853,36.29794],[139.19837,36.29779],[139.19826,36.2977],[139.19814,36.29762],[139.19808,36.29754],[139.19762,36.29728],[139.19688,36.29731],[139.19665,36.29732],[139.19663,36.29732],[139.19597,36.29736]]]}},{"type":"Feature","properties":{"n":"第１種中高層住居専用地域","c":3,"bcr":60,"far":200},"geometry":{"type":"Polygon","coordinates":[[[139.16841,36.31403],[139.16839,36.31412],[139.16837,36.3142],[139.16835,36.31428],[139.16832,36.31434],[139.1683,36.3144],[139.16829,36.3144],[139.16827,36.31446],[139.16824,36.31451],[139.16819,36.31459],[139.16815,36.31465],[139.16811,36.3147],[139.16805,36.31477],[139.168,36.31483],[139.16797,36.31486],[139.16795,36.31488],[139.16786,36.31496],[139.16777,36.31504],[139.16773,36.31507],[139.16755,36.31521],[139.16747,36.31528],[139.16743,36.3153],[139.1675,36.31535],[139.16758,36.31539],[139.16769,36.31544],[139.16776,36.31547],[139.16787,36.31551],[139.16798,36.31554],[139.16783,36.31623],[139.16778,36.31768],[139.16783,36.31768],[139.16885,36.3177],[139.16885,36.31787],[139.16901,36.31789],[139.16908,36.3179],[139.16909,36.3179],[139.16915,36.31791],[139.16923,36.31792],[139.16929,36.31793],[139.16936,36.31794],[139.16944,36.31796],[139.16952,36.31797],[139.1697,36.318],[139.16977,36.31801],[139.17083,36.31821],[139.17102,36.31805],[139.17116,36.31814],[139.17122,36.31821],[139.17131,36.31815],[139.17133,36.31812],[139.17133,36.3181],[139.17133,36.31807],[139.17134,36.31803],[139.17135,36.31793],[139.17137,36.31788],[139.17137,36.31785],[139.17137,36.31783],[139.17137,36.31778],[139.17136,36.31774],[139.17136,36.31768],[139.17136,36.31761],[139.17135,36.31759],[139.1713,36.31739],[139.1713,36.31738],[139.17148,36.31729],[139.17159,36.31703],[139.17165,36.31676],[139.17166,36.31665],[139.1717,36.31639],[139.1717,36.31634],[139.17162,36.31633],[139.17152,36.31631],[139.1722,36.31452],[139.17225,36.31438],[139.1724,36.31398],[139.17143,36.31376],[139.17127,36.31421],[139.17098,36.31414],[139.16991,36.31389],[139.16977,36.3139],[139.16959,36.31392],[139.16941,36.31394],[139.16923,36.31396],[139.16887,36.31399],[139.16876,36.314],[139.16866,36.31401],[139.16845,36.31402],[139.16841,36.31403]]]}},{"type":"Feature","properties":{"n":"準工業地域","c":11,"bcr":60,"far":200},"geometry":{"type":"Polygon","coordinates":[[[139.20328,36.32449],[139.20482,36.32471],[139.20488,36.32472],[139.2049,36.32473],[139.20653,36.32496],[139.20712,36.32505],[139.2073,36.32507],[139.20757,36.32511],[139.20763,36.32512],[139.20781,36.32515],[139.20838,36.32523],[139.20846,36.32524],[139.20847,36.3252],[139.20847,36.32513],[139.20847,36.32509],[139.20848,36.32505],[139.20848,36.32501],[139.20848,36.32495],[139.20849,36.32489],[139.20849,36.32484],[139.20849,36.32479],[139.2085,36.32474],[139.2085,36.32469],[139.2085,36.32464],[139.2085,36.3246],[139.20851,36.32451],[139.20851,36.32444],[139.20852,36.32438],[139.20852,36.32431],[139.20852,36.32427],[139.20853,36.32423],[139.20853,36.32419],[139.20853,36.32414],[139.20853,36.3241],[139.20854,36.32407],[139.20854,36.32403],[139.20854,36.324],[139.20854,36.32398],[139.20854,36.32396],[139.20854,36.32393],[139.20854,36.32391],[139.20854,36.32386],[139.20854,36.32379],[139.20854,36.32372],[139.20854,36.32367],[139.20854,36.32362],[139.20853,36.32359],[139.20853,36.32354],[139.20853,36.32347],[139.20852,36.32344],[139.20852,36.32339],[139.20851,36.32335],[139.2085,36.32329],[139.2085,36.32324],[139.20848,36.32316],[139.20848,36.32311],[139.20846,36.32303],[139.20845,36.32295],[139.20844,36.32287],[139.20843,36.3228],[139.20842,36.32275],[139.2084,36.32266],[139.20839,36.32258],[139.20837,36.32248],[139.20836,36.32239],[139.20834,36.32231],[139.20833,36.32222],[139.20831,36.32214],[139.2083,36.32204],[139.20828,36.32196],[139.20828,36.32192],[139.20827,36.32185],[139.20825,36.32177],[139.20822,36.32159],[139.20821,36.32149],[139.2082,36.32145],[139.20819,36.32138],[139.20818,36.32131],[139.20817,36.32126],[139.20816,36.32119],[139.20815,36.32114],[139.20814,36.3211],[139.20813,36.32105],[139.20804,36.32108],[139.20801,36.32109],[139.20772,36.32114],[139.20766,36.32116],[139.20738,36.32123],[139.20677,36.32133],[139.20663,36.32137],[139.2065,36.32141],[139.20639,36.32143],[139.20617,36.32149],[139.20617,36.32148],[139.20606,36.32151],[139.20585,36.32157],[139.20571,36.3216],[139.20563,36.32162],[139.20535,36.3217],[139.20534,36.3217],[139.20533,36.32171],[139.20522,36.32174],[139.20517,36.32176],[139.20512,36.32177],[139.20507,36.32179],[139.20502,36.32181],[139.205,36.32182],[139.20495,36.32184],[139.20491,36.32186],[139.20486,36.32189],[139.20483,36.3219],[139.2048,36.32192],[139.20476,36.32194],[139.2047,36.32198],[139.20469,36.32199],[139.20466,36.32201],[139.20461,36.32205],[139.20456,36.3221],[139.2045,36.32215],[139.20447,36.32217],[139.20443,36.32221],[139.20441,36.32224],[139.20437,36.32228],[139.20434,36.32231],[139.20432,36.32234],[139.20429,36.32238],[139.20427,36.3224],[139.20425,36.32243],[139.20422,36.32247],[139.20421,36.32249],[139.20418,36.32254],[139.20416,36.32257],[139.20413,36.32264],[139.20412,36.32266],[139.20411,36.32269],[139.2041,36.3227],[139.20403,36.32283],[139.20399,36.32288],[139.20395,36.32294],[139.20392,36.32299],[139.20386,36.32308],[139.2038,36.32318],[139.20374,36.32327],[139.20368,36.32337],[139.20362,36.32346],[139.20358,36.32354],[139.20354,36.32361],[139.20351,36.32367],[139.20347,36.32373],[139.20344,36.32379],[139.20344,36.32381],[139.20342,36.32385],[139.20341,36.32388],[139.2034,36.32393],[139.20338,36.32399],[139.20337,36.32406],[139.20334,36.32416],[139.20332,36.32428],[139.20328,36.32442],[139.20328,36.32447],[139.20328,36.32449]]]}},{"type":"Feature","properties":{"n":"第１種住居地域","c":5,"bcr":60,"far":200},"geometry":{"type":"Polygon","coordinates":[[[139.18385,36.31862],[139.18249,36.31876],[139.18239,36.31877],[139.18231,36.31881],[139.18177,36.31904],[139.18122,36.31915],[139.1811,36.31904],[139.18108,36.319],[139.18103,36.31893],[139.18101,36.31888],[139.18084,36.31851],[139.1805,36.31859],[139.18034,36.31864],[139.17999,36.31876],[139.1798,36.31882],[139.17961,36.31887],[139.17947,36.31899],[139.17905,36.31933],[139.1789,36.31932],[139.17881,36.3193],[139.1788,36.31936],[139.17877,36.31957],[139.17874,36.31991],[139.17719,36.32011],[139.17599,36.32028],[139.17588,36.3203],[139.1758,36.3203],[139.17422,36.32034],[139.17422,36.32046],[139.17422,36.32062],[139.17422,36.32074],[139.17424,36.32089],[139.17426,36.32101],[139.17428,36.32115],[139.17431,36.32127],[139.1744,36.32162],[139.17444,36.32173],[139.1746,36.32211],[139.17468,36.32208],[139.1751,36.32194],[139.17516,36.32192],[139.1763,36.32153],[139.17639,36.3215],[139.17653,36.32145],[139.17659,36.32143],[139.17684,36.32135],[139.17689,36.32133],[139.17695,36.32131],[139.17703,36.32128],[139.17711,36.32126],[139.17718,36.32123],[139.17725,36.32121],[139.17736,36.32118],[139.17746,36.32116],[139.17755,36.32113],[139.17777,36.32108],[139.17793,36.32104],[139.17809,36.32101],[139.17819,36.32099],[139.1783,36.32097],[139.17839,36.32096],[139.17864,36.32092],[139.17874,36.32091],[139.17892,36.32089],[139.17896,36.32089],[139.17903,36.32088],[139.17919,36.32088],[139.17931,36.32087],[139.17938,36.32087],[139.17944,36.32087],[139.17952,36.32086],[139.1796,36.32086],[139.17971,36.32086],[139.17981,36.32086],[139.18029,36.32087],[139.18034,36.32087],[139.18131,36.32087],[139.1814,36.32087],[139.18253,36.32088],[139.18256,36.32088],[139.18256,36.32084],[139.18244,36.32042],[139.1832,36.32034],[139.1833,36.32034],[139.18413,36.32035],[139.18442,36.32035],[139.18425,36.31986],[139.18416,36.31985],[139.18413,36.31985],[139.18409,36.31985],[139.18413,36.31968],[139.18416,36.31956],[139.18413,36.31948],[139.18385,36.31862]]]}},{"type":"Feature","properties":{"n":"第１種住居地域","c":5,"bcr":60,"far":200},"geometry":{"type":"Polygon","coordinates":[[[139.18376,36.30352],[139.18427,36.30343],[139.18438,36.30341],[139.18439,36.30341],[139.18447,36.30339],[139.18474,36.30335],[139.1849,36.30332],[139.18507,36.30329],[139.18545,36.30322],[139.18552,36.30321],[139.18556,36.3032],[139.18572,36.30317],[139.18587,36.30314],[139.18594,36.30313],[139.18598,36.30312],[139.18657,36.30302],[139.18692,36.30295],[139.18753,36.30284],[139.18766,36.30282],[139.18795,36.30277],[139.18798,36.30276],[139.18815,36.30273],[139.1882,36.30272],[139.18833,36.3027],[139.18842,36.30268],[139.18861,36.30265],[139.18872,36.30291],[139.18918,36.30284],[139.18932,36.30281],[139.1901,36.3026],[139.18999,36.30234],[139.19066,36.30216],[139.1908,36.30255],[139.19101,36.30241],[139.19115,36.30233],[139.19124,36.30228],[139.19139,36.30222],[139.1915,36.30217],[139.1918,36.30208],[139.19276,36.30181],[139.19412,36.30143],[139.19565,36.30101],[139.19544,36.3005],[139.19538,36.30036],[139.19569,36.30027],[139.19563,36.30011],[139.19546,36.2997],[139.19299,36.3004],[139.19291,36.30042],[139.19291,36.3004],[139.19228,36.30057],[139.1921,36.30062],[139.19171,36.30071],[139.19125,36.30083],[139.19094,36.3009],[139.19056,36.30098],[139.19036,36.30103],[139.19034,36.30103],[139.19019,36.30107],[139.19,36.30111],[139.18991,36.30113],[139.18988,36.30113],[139.18957,36.3012],[139.18954,36.30121],[139.1891,36.3013],[139.18869,36.30138],[139.18864,36.30139],[139.18832,36.30146],[139.18813,36.30149],[139.18804,36.30151],[139.18758,36.30159],[139.18752,36.3016],[139.1874,36.30162],[139.18713,36.30167],[139.18684,36.30172],[139.18662,36.30176],[139.18656,36.30177],[139.18616,36.30184],[139.18595,36.30188],[139.18552,36.30196],[139.1854,36.30198],[139.18536,36.30199],[139.18496,36.30206],[139.18446,36.30215],[139.18429,36.30218],[139.18428,36.30218],[139.18421,36.30219],[139.18415,36.30221],[139.18344,36.30234],[139.18353,36.30269],[139.18355,36.30278],[139.18365,36.30308],[139.18367,36.30316],[139.18376,36.30352]]]}},{"type":"Feature","properties":{"n":"準工業地域","c":11,"bcr":60,"far":200},"geometry":{"type":"Polygon","coordinates":[[[139.23459,36.33227],[139.2345,36.33259],[139.23438,36.33287],[139.23434,36.33298],[139.23431,36.33306],[139.23419,36.33326],[139.23398,36.33372],[139.23387,36.33398],[139.23378,36.33419],[139.23367,36.33443],[139.23357,36.33465],[139.23347,36.33486],[139.23345,36.33496],[139.2334,36.33506],[139.2333,36.33524],[139.23316,36.3355],[139.23314,36.3355],[139.23307,36.33562],[139.2329,36.3359],[139.2328,36.33606],[139.23276,36.33612],[139.23266,36.33628],[139.23261,36.33634],[139.23259,36.33638],[139.2325,36.33648],[139.23248,36.3365],[139.23247,36.33651],[139.23247,36.33658],[139.23248,36.33663],[139.23248,36.33666],[139.23287,36.33685],[139.23315,36.337],[139.23337,36.33712],[139.2335,36.33718],[139.23353,36.3372],[139.23355,36.33721],[139.23377,36.33732],[139.23392,36.3374],[139.23445,36.33768],[139.23449,36.3377],[139.2345,36.33771],[139.23471,36.33782],[139.23472,36.33782],[139.23483,36.33788],[139.23501,36.33797],[139.2352,36.33807],[139.23521,36.33806],[139.23534,36.3376],[139.23541,36.33734],[139.23542,36.33732],[139.23543,36.3373],[139.23545,36.33726],[139.23561,36.33703],[139.23584,36.33672],[139.23596,36.33654],[139.23599,36.33649],[139.23611,36.33631],[139.23617,36.33621],[139.23622,36.33611],[139.23627,36.33601],[139.23634,36.33585],[139.23634,36.33582],[139.23635,36.33578],[139.23637,36.33554],[139.23641,36.33525],[139.23642,36.33512],[139.23643,36.33501],[139.23643,36.33497],[139.23644,36.33481],[139.23644,36.33478],[139.23645,36.33472],[139.23645,36.33458],[139.23646,36.33452],[139.23646,36.3343],[139.23646,36.3343],[139.23648,36.33422],[139.23649,36.33406],[139.2365,36.33383],[139.23651,36.33369],[139.23652,36.33361],[139.23653,36.33354],[139.23655,36.33346],[139.23658,36.33335],[139.23661,36.33322],[139.23689,36.33213],[139.23693,36.33194],[139.23694,36.33189],[139.23699,36.33151],[139.237,36.33141],[139.23701,36.33136],[139.23702,36.33129],[139.23705,36.33119],[139.23707,36.33114],[139.23707,36.33113],[139.23702,36.33111],[139.23652,36.33134],[139.23591,36.33162],[139.23578,36.33168],[139.23555,36.33179],[139.23529,36.33192],[139.23518,36.33197],[139.23481,36.33214],[139.23471,36.33219],[139.23464,36.33223],[139.23459,36.33227]]]}},{"type":"Feature","properties":{"n":"第１種住居地域","c":5,"bcr":60,"far":200},"geometry":{"type":"Polygon","coordinates":[[[139.16542,36.32427],[139.16558,36.32446],[139.1657,36.32466],[139.16572,36.32474],[139.16573,36.32485],[139.16574,36.32492],[139.16576,36.32503],[139.16582,36.32528],[139.16585,36.32536],[139.1659,36.32547],[139.16595,36.32562],[139.16596,36.32564],[139.16596,36.32566],[139.16595,36.32569],[139.16594,36.32571],[139.16589,36.32575],[139.16584,36.3258],[139.16571,36.32591],[139.16546,36.32612],[139.16536,36.3262],[139.16505,36.32641],[139.16501,36.32643],[139.16537,36.32671],[139.1655,36.32682],[139.166,36.32719],[139.16609,36.32726],[139.16616,36.3273],[139.16654,36.32759],[139.16658,36.32757],[139.16703,36.32727],[139.16741,36.32703],[139.16734,36.32666],[139.16732,36.32659],[139.16737,36.32658],[139.16744,36.32657],[139.16752,36.32657],[139.16761,36.32656],[139.16769,36.32657],[139.16774,36.32657],[139.16779,36.32657],[139.16791,36.32658],[139.16813,36.32622],[139.1684,36.32581],[139.16865,36.32543],[139.16818,36.32524],[139.16793,36.32486],[139.16787,36.32472],[139.16778,36.32448],[139.16806,36.3243],[139.16828,36.32417],[139.16847,36.32405],[139.16878,36.32387],[139.16919,36.32364],[139.16917,36.32329],[139.16916,36.32326],[139.169,36.32301],[139.16769,36.32357],[139.16687,36.32391],[139.16665,36.324],[139.16653,36.32404],[139.16646,36.32406],[139.1664,36.32407],[139.16634,36.32407],[139.16623,36.32408],[139.16612,36.32407],[139.16604,36.32407],[139.16597,36.32406],[139.1659,36.32404],[139.16582,36.32402],[139.16572,36.32398],[139.16572,36.32398],[139.16577,36.32392],[139.16605,36.32357],[139.1662,36.32363],[139.16653,36.3223],[139.16654,36.3222],[139.16659,36.32184],[139.16668,36.32175],[139.16675,36.32157],[139.16677,36.32148],[139.1668,36.3214],[139.16687,36.32127],[139.16691,36.3211],[139.16649,36.32067],[139.16682,36.32035],[139.16665,36.32002],[139.16662,36.31997],[139.16645,36.31969],[139.16701,36.31945],[139.16731,36.31939],[139.16731,36.31892],[139.16731,36.31887],[139.16712,36.31887],[139.16637,36.31888],[139.16517,36.3189],[139.16516,36.31896],[139.16506,36.32033],[139.16549,36.32032],[139.16549,36.321],[139.16549,36.32157],[139.16549,36.32179],[139.1654,36.32227],[139.16499,36.32316],[139.16445,36.32295],[139.16413,36.3233],[139.16409,36.32334],[139.16524,36.3238],[139.16569,36.32397],[139.16564,36.32403],[139.16542,36.32427]]]}},{"type":"Feature","properties":{"n":"第１種低層住居専用地域","c":1,"bcr":40,"far":80},"geometry":{"type":"Polygon","coordinates":[[[139.2195,36.33151],[139.21943,36.33157],[139.21898,36.33195],[139.21829,36.33254],[139.21825,36.33309],[139.21822,36.3335],[139.21821,36.33358],[139.21818,36.33393],[139.21758,36.3339],[139.21752,36.33406],[139.21736,36.33452],[139.21719,36.33501],[139.217,36.33549],[139.21743,36.3356],[139.2182,36.3358],[139.21796,36.3364],[139.21857,36.33657],[139.21915,36.33673],[139.21925,36.33642],[139.21925,36.33638],[139.21931,36.33623],[139.21931,36.33621],[139.21936,36.33584],[139.2195,36.33585],[139.21961,36.33585],[139.22001,36.33585],[139.22012,36.33585],[139.22023,36.33585],[139.22067,36.33584],[139.22147,36.3358],[139.22152,36.3358],[139.22152,36.33567],[139.22146,36.3353],[139.2214,36.3349],[139.22138,36.33456],[139.22136,36.33433],[139.22134,36.33418],[139.22135,36.33406],[139.22131,36.33364],[139.22173,36.33355],[139.22178,36.33353],[139.22182,36.3335],[139.22211,36.3333],[139.22232,36.33298],[139.22238,36.33289],[139.22251,36.33271],[139.22259,36.33257],[139.22277,36.33231],[139.22281,36.33225],[139.22283,36.33221],[139.22286,36.33214],[139.22176,36.33156],[139.22173,36.33167],[139.22162,36.33203],[139.22157,36.33203],[139.22131,36.33207],[139.22126,36.33208],[139.22117,36.3321],[139.22111,36.33211],[139.22106,36.33211],[139.22101,36.33211],[139.22097,36.33211],[139.2209,36.3321],[139.22078,36.33209],[139.22073,36.33209],[139.22063,36.33208],[139.22056,36.33207],[139.22051,36.33206],[139.22043,36.33204],[139.22036,36.33203],[139.22019,36.332],[139.22015,36.332],[139.21977,36.33193],[139.21976,36.33196],[139.21951,36.33193],[139.21951,36.33193],[139.2195,36.33151]]]}},{"type":"Feature","properties":{"n":"第１種住居地域","c":5,"bcr":60,"far":200},"geometry":{"type":"Polygon","coordinates":[[[139.17449,36.30651],[139.17448,36.30653],[139.17386,36.30761],[139.17388,36.30765],[139.17389,36.3077],[139.17333,36.30852],[139.17273,36.30939],[139.17214,36.31024],[139.17147,36.31091],[139.17127,36.3109],[139.17076,36.311],[139.17048,36.31105],[139.17024,36.31108],[139.17016,36.31109],[139.16992,36.31113],[139.16918,36.31126],[139.16914,36.31128],[139.16898,36.3114],[139.16878,36.31153],[139.16886,36.31172],[139.16867,36.31181],[139.16838,36.312],[139.16835,36.31202],[139.16827,36.31208],[139.16805,36.31222],[139.16795,36.31229],[139.1678,36.31239],[139.1678,36.31239],[139.1676,36.31253],[139.16747,36.31263],[139.16744,36.31264],[139.16741,36.31267],[139.16738,36.31268],[139.16733,36.31272],[139.16721,36.3128],[139.1672,36.31283],[139.16714,36.31292],[139.1671,36.31297],[139.1671,36.31301],[139.16709,36.31305],[139.16707,36.31317],[139.16711,36.31336],[139.16711,36.31337],[139.1676,36.31334],[139.16772,36.31332],[139.16804,36.31329],[139.16818,36.31328],[139.16821,36.31328],[139.16946,36.31318],[139.17053,36.31309],[139.17152,36.31281],[139.17161,36.31279],[139.172,36.31268],[139.1721,36.31289],[139.17336,36.31278],[139.17357,36.31232],[139.17363,36.31218],[139.17382,36.31176],[139.17381,36.31154],[139.17381,36.31141],[139.17376,36.31052],[139.17319,36.31044],[139.17373,36.30958],[139.17448,36.30969],[139.17466,36.30897],[139.17474,36.30865],[139.17479,36.30847],[139.17482,36.30836],[139.17485,36.30827],[139.17491,36.30758],[139.17491,36.30746],[139.175,36.30646],[139.17458,36.30652],[139.17449,36.30651]]]}},{"type":"Feature","properties":{"n":"工業地域","c":12,"bcr":60,"far":200},"geometry":{"type":"Polygon","coordinates":[[[139.20887,36.32565],[139.21021,36.32586],[139.21143,36.32605],[139.21156,36.32607],[139.21186,36.32612],[139.21205,36.32617],[139.21231,36.32622],[139.2123,36.32616],[139.21228,36.32605],[139.21225,36.32586],[139.21225,36.32582],[139.21225,36.3258],[139.21225,36.32579],[139.21224,36.3257],[139.21222,36.32547],[139.21213,36.32488],[139.21208,36.32449],[139.21203,36.32414],[139.212,36.32399],[139.21166,36.32313],[139.21144,36.32256],[139.21137,36.32237],[139.21123,36.32196],[139.21107,36.32159],[139.21087,36.32118],[139.2106,36.32066],[139.21057,36.32058],[139.2105,36.32028],[139.2105,36.32027],[139.21049,36.32024],[139.21049,36.32024],[139.21043,36.32024],[139.21041,36.32024],[139.21035,36.32023],[139.2103,36.32023],[139.21025,36.32024],[139.21021,36.32024],[139.21016,36.32025],[139.21009,36.32027],[139.20999,36.3203],[139.20992,36.32033],[139.20982,36.32038],[139.20958,36.32048],[139.20938,36.32056],[139.20918,36.32065],[139.209,36.32072],[139.20877,36.3208],[139.20857,36.32086],[139.20842,36.32094],[139.2083,36.32099],[139.20822,36.32102],[139.20813,36.32105],[139.20814,36.3211],[139.20815,36.32114],[139.20816,36.32119],[139.20817,36.32126],[139.20818,36.32131],[139.20819,36.32138],[139.2082,36.32145],[139.20821,36.32149],[139.20822,36.32159],[139.20825,36.32177],[139.20827,36.32185],[139.20828,36.32192],[139.20828,36.32196],[139.2083,36.32204],[139.20831,36.32214],[139.20833,36.32222],[139.20834,36.32231],[139.20836,36.32239],[139.20837,36.32248],[139.20839,36.32258],[139.2084,36.32266],[139.20842,36.32275],[139.20843,36.3228],[139.20844,36.32287],[139.20845,36.32295],[139.20846,36.32303],[139.20848,36.32311],[139.20848,36.32316],[139.2085,36.32324],[139.2085,36.32329],[139.20851,36.32335],[139.20852,36.32339],[139.20852,36.32344],[139.20853,36.32347],[139.20853,36.32354],[139.20853,36.32359],[139.20854,36.32362],[139.20854,36.32367],[139.20854,36.32372],[139.20854,36.32379],[139.20854,36.32386],[139.20854,36.32391],[139.20854,36.32393],[139.20854,36.32396],[139.20854,36.32398],[139.20854,36.324],[139.20854,36.32403],[139.20854,36.32407],[139.20853,36.3241],[139.20853,36.32414],[139.20853,36.32419],[139.20853,36.32423],[139.20852,36.32427],[139.20852,36.32431],[139.20852,36.32438],[139.20851,36.32444],[139.20851,36.32451],[139.2085,36.3246],[139.2085,36.32464],[139.2085,36.32469],[139.2085,36.32474],[139.20849,36.32479],[139.20849,36.32484],[139.20849,36.32489],[139.20848,36.32495],[139.20848,36.32501],[139.20848,36.32505],[139.20847,36.32509],[139.20847,36.32513],[139.20847,36.3252],[139.20846,36.32524],[139.20855,36.32526],[139.20889,36.3253],[139.20887,36.32558],[139.20887,36.32565]]]}},{"type":"Feature","properties":{"n":"第１種住居地域","c":5,"bcr":60,"far":200},"geometry":{"type":"Polygon","coordinates":[[[139.16838,36.312],[139.16826,36.31187],[139.16819,36.31183],[139.16815,36.31187],[139.16806,36.31183],[139.16805,36.31185],[139.16801,36.31183],[139.16793,36.31177],[139.16778,36.31169],[139.16776,36.31168],[139.16757,36.31156],[139.16748,36.3115],[139.16733,36.3114],[139.16732,36.31139],[139.1673,36.31138],[139.1673,36.31137],[139.16729,36.31136],[139.16727,36.31133],[139.16727,36.31133],[139.16721,36.31127],[139.16712,36.31118],[139.16708,36.31114],[139.16708,36.31114],[139.16704,36.3111],[139.16703,36.31108],[139.16701,36.31106],[139.16701,36.31106],[139.16701,36.31106],[139.167,36.31104],[139.16697,36.31097],[139.16696,36.31096],[139.16696,36.31095],[139.16696,36.31095],[139.16694,36.31093],[139.16691,36.31088],[139.16691,36.31087],[139.16689,36.31085],[139.16686,36.31081],[139.16684,36.31078],[139.16684,36.31078],[139.16682,36.31074],[139.1668,36.3107],[139.16676,36.31061],[139.16675,36.31059],[139.16674,36.31057],[139.16673,36.31054],[139.1667,36.31044],[139.1667,36.31043],[139.16667,36.31033],[139.16667,36.31033],[139.16667,36.31031],[139.16668,36.3103],[139.16668,36.31027],[139.16627,36.31019],[139.16599,36.31018],[139.16543,36.31008],[139.16429,36.30988],[139.16425,36.30987],[139.16363,36.30963],[139.16279,36.31106],[139.16253,36.31111],[139.16266,36.31166],[139.16259,36.31167],[139.16263,36.31199],[139.16234,36.31207],[139.16219,36.31207],[139.16215,36.31208],[139.16193,36.31209],[139.16194,36.3121],[139.16172,36.3121],[139.161,36.3133],[139.16225,36.31324],[139.16227,36.31328],[139.16228,36.31331],[139.16229,36.31332],[139.16231,36.3134],[139.16235,36.31342],[139.16251,36.3134],[139.16255,36.3134],[139.16259,36.31339],[139.16262,36.31339],[139.1628,36.3134],[139.16279,36.31349],[139.16517,36.31356],[139.16521,36.31373],[139.16534,36.31369],[139.1655,36.31364],[139.16563,36.31359],[139.16582,36.31349],[139.16578,36.31346],[139.16638,36.3131],[139.16647,36.31306],[139.16674,36.3129],[139.16686,36.31283],[139.16709,36.31305],[139.1671,36.31301],[139.1671,36.31297],[139.16714,36.31292],[139.1672,36.31283],[139.16721,36.3128],[139.16733,36.31272],[139.16738,36.31268],[139.16741,36.31267],[139.16744,36.31264],[139.16747,36.31263],[139.1676,36.31253],[139.1678,36.31239],[139.1678,36.31239],[139.16795,36.31229],[139.16805,36.31222],[139.16827,36.31208],[139.16835,36.31202],[139.16838,36.312]]]}},{"type":"Feature","properties":{"n":"第２種住居地域","c":6,"bcr":60,"far":200},"geometry":{"type":"Polygon","coordinates":[[[139.25036,36.35196],[139.25036,36.35185],[139.25037,36.35181],[139.25038,36.35178],[139.25038,36.35176],[139.25039,36.35175],[139.25042,36.35172],[139.25043,36.35171],[139.25046,36.35169],[139.25051,36.35166],[139.25061,36.3516],[139.25065,36.35157],[139.25071,36.35154],[139.25076,36.3515],[139.25078,36.35149],[139.2508,36.35147],[139.25081,36.35145],[139.25082,36.35142],[139.25087,36.35131],[139.25091,36.35118],[139.25093,36.35116],[139.25095,36.35113],[139.25098,36.3511],[139.25111,36.35099],[139.25113,36.35097],[139.25114,36.35095],[139.25115,36.35091],[139.25118,36.35079],[139.2512,36.35074],[139.25123,36.3507],[139.25132,36.35052],[139.25132,36.35051],[139.25132,36.35051],[139.25132,36.3505],[139.25108,36.3504],[139.25106,36.35023],[139.25105,36.35018],[139.25099,36.34986],[139.25098,36.34978],[139.25097,36.34964],[139.25096,36.34958],[139.25103,36.34952],[139.25142,36.3495],[139.25157,36.34949],[139.25163,36.34948],[139.25194,36.34947],[139.25201,36.34947],[139.25227,36.34946],[139.25239,36.34945],[139.25262,36.34944],[139.25273,36.34943],[139.25274,36.34942],[139.25276,36.34942],[139.25278,36.34941],[139.2528,36.3494],[139.2528,36.3494],[139.25281,36.34939],[139.25284,36.34932],[139.25286,36.34925],[139.25287,36.34918],[139.25289,36.34907],[139.2529,36.34903],[139.25291,36.34898],[139.25098,36.34777],[139.2485,36.34614],[139.2473,36.34668],[139.24668,36.34695],[139.24679,36.34711],[139.24679,36.34712],[139.24687,36.34721],[139.24696,36.34733],[139.24704,36.34744],[139.24709,36.34751],[139.24716,36.34761],[139.2473,36.34779],[139.24763,36.34822],[139.24781,36.34846],[139.24796,36.34865],[139.248,36.3487],[139.2481,36.34882],[139.24817,36.34892],[139.24826,36.34903],[139.24828,36.34911],[139.24829,36.34915],[139.24841,36.34955],[139.24849,36.34984],[139.24851,36.34991],[139.24854,36.35008],[139.24854,36.35011],[139.24857,36.35025],[139.24858,36.35027],[139.24856,36.35032],[139.24855,36.35035],[139.24855,36.35038],[139.24856,36.35046],[139.24858,36.3506],[139.24859,36.35068],[139.2486,36.35074],[139.24861,36.3508],[139.24864,36.35093],[139.24867,36.351],[139.24868,36.35104],[139.24875,36.35132],[139.24878,36.35142],[139.24878,36.35146],[139.24883,36.35164],[139.24885,36.35169],[139.24887,36.3518],[139.24891,36.35193],[139.24892,36.35193],[139.24894,36.35194],[139.24896,36.35194],[139.2491,36.35194],[139.24941,36.35195],[139.24955,36.35195],[139.24998,36.35196],[139.25003,36.35196],[139.25019,36.35197],[139.25036,36.35196]]]}},{"type":"Feature","properties":{"n":"第１種中高層住居専用地域","c":3,"bcr":60,"far":200},"geometry":{"type":"Polygon","coordinates":[[[139.26809,36.26534],[139.26761,36.26582],[139.26687,36.26591],[139.26625,36.26598],[139.26571,36.26602],[139.26542,36.26604],[139.26504,36.26612],[139.26476,36.26617],[139.26449,36.2662],[139.2643,36.26623],[139.26408,36.26624],[139.2638,36.26625],[139.26391,36.26681],[139.26407,36.2674],[139.26441,36.26861],[139.26474,36.26979],[139.26531,36.26954],[139.26583,36.26933],[139.26581,36.26923],[139.26673,36.26886],[139.26727,36.26863],[139.26774,36.26843],[139.26796,36.26835],[139.26857,36.26809],[139.26973,36.2676],[139.2698,36.26772],[139.27077,36.2674],[139.27094,36.26733],[139.27131,36.26716],[139.27127,36.26712],[139.271,36.26692],[139.27097,36.26693],[139.2709,36.26696],[139.27067,36.26705],[139.27062,36.26707],[139.27038,36.26708],[139.27016,36.26709],[139.27011,36.26708],[139.27009,36.26708],[139.27007,36.26706],[139.26993,36.26692],[139.2699,36.26689],[139.26988,36.26686],[139.26987,36.26681],[139.26987,36.26679],[139.26987,36.26676],[139.2699,36.26668],[139.26996,36.26655],[139.26998,36.26647],[139.27004,36.26635],[139.27007,36.2663],[139.27003,36.26628],[139.26998,36.26624],[139.26972,36.26605],[139.26939,36.26577],[139.26931,36.2657],[139.26927,36.26566],[139.26921,36.26559],[139.26911,36.2654],[139.26905,36.2653],[139.26902,36.26522],[139.269,36.26511],[139.26899,36.26506],[139.26883,36.26508],[139.26883,36.26506],[139.26881,36.26506],[139.26874,36.26508],[139.26863,36.26511],[139.26856,36.26514],[139.2685,36.26516],[139.26844,36.26519],[139.26827,36.26528],[139.26809,36.26534]]]}},{"type":"Feature","properties":{"n":"第１種住居地域","c":5,"bcr":60,"far":200},"geometry":{"type":"Polygon","coordinates":[[[139.18935,36.31354],[139.18979,36.31355],[139.18992,36.31368],[139.18978,36.31407],[139.1906,36.31427],[139.19108,36.31438],[139.19194,36.31453],[139.19263,36.31465],[139.19302,36.3146],[139.19325,36.31457],[139.19448,36.31442],[139.19567,36.31427],[139.19753,36.31403],[139.19752,36.31388],[139.19752,36.31356],[139.19751,36.31324],[139.19751,36.31298],[139.19751,36.31273],[139.1975,36.31259],[139.1975,36.31246],[139.1975,36.31245],[139.19749,36.31226],[139.19747,36.31229],[139.19743,36.31232],[139.19737,36.31234],[139.19733,36.31236],[139.1973,36.31236],[139.19727,36.31236],[139.19721,36.31236],[139.19716,36.31234],[139.19701,36.31228],[139.19693,36.31226],[139.19689,36.31225],[139.19676,36.31222],[139.19656,36.3122],[139.1965,36.3122],[139.19645,36.31221],[139.19642,36.31222],[139.1964,36.31223],[139.19637,36.31226],[139.19635,36.31229],[139.19634,36.31232],[139.19633,36.31241],[139.19632,36.31253],[139.19631,36.31256],[139.1963,36.31259],[139.19619,36.31275],[139.19493,36.31253],[139.19483,36.31244],[139.19477,36.3124],[139.19472,36.31238],[139.19459,36.31233],[139.19442,36.31228],[139.19437,36.31226],[139.19433,36.31224],[139.19429,36.31222],[139.1942,36.31235],[139.1942,36.31235],[139.19405,36.31232],[139.19403,36.31232],[139.19393,36.3123],[139.19383,36.31228],[139.1938,36.31228],[139.19358,36.31224],[139.19356,36.31224],[139.19346,36.31222],[139.19331,36.3122],[139.19324,36.31218],[139.19322,36.31203],[139.1932,36.3119],[139.19318,36.31185],[139.19318,36.3118],[139.19321,36.31163],[139.19284,36.31157],[139.19257,36.31152],[139.19239,36.3115],[139.19222,36.31148],[139.19207,36.31147],[139.19187,36.31147],[139.1918,36.31147],[139.19173,36.31155],[139.19163,36.31166],[139.19155,36.31174],[139.19151,36.31178],[139.1915,36.31179],[139.19143,36.31186],[139.19131,36.31198],[139.19127,36.31202],[139.19124,36.31204],[139.1911,36.31206],[139.19094,36.31207],[139.19084,36.31208],[139.1908,36.31209],[139.19075,36.31209],[139.19072,36.31209],[139.19055,36.31211],[139.19037,36.31213],[139.19023,36.31214],[139.19016,36.31215],[139.18994,36.31217],[139.18965,36.3122],[139.18955,36.31221],[139.18942,36.31221],[139.18936,36.31222],[139.18936,36.31225],[139.18935,36.31236],[139.18935,36.31241],[139.18935,36.31247],[139.18935,36.31284],[139.18935,36.31354]]]}},{"type":"Feature","properties":{"n":"準工業地域","c":11,"bcr":60,"far":200},"geometry":{"type":"Polygon","coordinates":[[[139.16711,36.31337],[139.16711,36.31336],[139.16707,36.31317],[139.16709,36.31305],[139.16686,36.31283],[139.16674,36.3129],[139.16647,36.31306],[139.16638,36.3131],[139.16578,36.31346],[139.16582,36.31349],[139.16563,36.31359],[139.1655,36.31364],[139.16534,36.31369],[139.16521,36.31373],[139.16517,36.31356],[139.16279,36.31349],[139.1628,36.3134],[139.16262,36.31339],[139.16259,36.31339],[139.16255,36.3134],[139.16251,36.3134],[139.16235,36.31342],[139.16231,36.3134],[139.16229,36.31332],[139.16228,36.31331],[139.16227,36.31328],[139.16225,36.31324],[139.161,36.3133],[139.16172,36.3121],[139.16194,36.3121],[139.16193,36.31209],[139.16215,36.31208],[139.16219,36.31207],[139.16234,36.31207],[139.16263,36.31199],[139.16259,36.31167],[139.16266,36.31166],[139.16253,36.31111],[139.16279,36.31106],[139.16363,36.30963],[139.16263,36.30924],[139.1626,36.30929],[139.16251,36.30931],[139.16235,36.30925],[139.16191,36.31002],[139.16155,36.31063],[139.16117,36.31129],[139.16092,36.3117],[139.16062,36.31222],[139.16024,36.31282],[139.16016,36.31295],[139.16036,36.31303],[139.16002,36.31361],[139.15993,36.31381],[139.15987,36.31386],[139.15914,36.3151],[139.15912,36.31509],[139.15905,36.3152],[139.16034,36.31514],[139.16045,36.31514],[139.16104,36.31512],[139.16116,36.31512],[139.16167,36.3151],[139.16206,36.31508],[139.16313,36.31504],[139.16367,36.31502],[139.16394,36.31505],[139.16397,36.31505],[139.164,36.31506],[139.16401,36.31507],[139.16403,36.31509],[139.16404,36.3151],[139.16404,36.31512],[139.16405,36.31513],[139.16404,36.31515],[139.16385,36.31545],[139.16395,36.31543],[139.164,36.31543],[139.16409,36.31541],[139.16416,36.31539],[139.1642,36.31539],[139.16424,36.31538],[139.16429,36.31538],[139.16439,36.31537],[139.16453,36.31535],[139.16468,36.31533],[139.16479,36.31532],[139.1648,36.31532],[139.16493,36.31529],[139.16504,36.31526],[139.16506,36.31525],[139.16523,36.3152],[139.16535,36.31517],[139.16552,36.31511],[139.16559,36.31508],[139.16575,36.31502],[139.16581,36.31499],[139.16588,36.31494],[139.16591,36.31493],[139.16603,36.31486],[139.16611,36.31482],[139.16616,36.31479],[139.16617,36.31478],[139.1663,36.3147],[139.16632,36.31469],[139.16636,36.31466],[139.1664,36.31463],[139.16644,36.3146],[139.16656,36.31451],[139.16657,36.3145],[139.16664,36.31444],[139.16671,36.31438],[139.16676,36.31432],[139.16682,36.31425],[139.16685,36.31421],[139.16687,36.31418],[139.16689,36.31416],[139.167,36.314],[139.167,36.31399],[139.16707,36.31387],[139.16708,36.31384],[139.16713,36.3137],[139.16713,36.31367],[139.16713,36.31363],[139.16711,36.31339],[139.16711,36.31337]]]}},{"type":"Feature","properties":{"n":"第１種住居地域","c":5,"bcr":60,"far":200},"geometry":{"type":"Polygon","coordinates":[[[139.18201,36.29938],[139.18178,36.29956],[139.18167,36.29966],[139.18161,36.29972],[139.18156,36.29977],[139.18153,36.29981],[139.18151,36.29986],[139.18147,36.29993],[139.18143,36.29997],[139.18142,36.29999],[139.18138,36.30007],[139.18134,36.30012],[139.18133,36.30015],[139.18131,36.30017],[139.18128,36.3002],[139.18126,36.30023],[139.18123,36.30026],[139.1812,36.30028],[139.18118,36.3003],[139.18116,36.30032],[139.18113,36.30034],[139.18111,36.30035],[139.18108,36.30037],[139.18105,36.30039],[139.18097,36.30043],[139.18088,36.30048],[139.18081,36.30052],[139.17983,36.301],[139.1798,36.30102],[139.17974,36.30105],[139.17946,36.30119],[139.17918,36.30133],[139.17898,36.30143],[139.17872,36.30156],[139.17865,36.30159],[139.17839,36.30172],[139.17833,36.30175],[139.17821,36.30181],[139.17785,36.30199],[139.17762,36.3021],[139.17738,36.30222],[139.17671,36.30255],[139.17671,36.30259],[139.17661,36.30371],[139.1766,36.30388],[139.17675,36.30387],[139.17674,36.30402],[139.1767,36.30452],[139.17834,36.30434],[139.17969,36.3042],[139.17966,36.30417],[139.17983,36.30415],[139.17994,36.30414],[139.18014,36.30411],[139.18037,36.30408],[139.1806,36.30405],[139.18083,36.30402],[139.18123,36.30395],[139.18163,36.30388],[139.18174,36.30387],[139.18185,36.30385],[139.18211,36.3038],[139.18238,36.30376],[139.18291,36.30367],[139.18289,36.30359],[139.18288,36.30356],[139.18285,36.30343],[139.18282,36.3033],[139.1828,36.30322],[139.18274,36.30292],[139.18271,36.30283],[139.18256,36.30223],[139.18253,36.30202],[139.18236,36.30127],[139.18233,36.30117],[139.1823,36.30103],[139.18214,36.30037],[139.18212,36.30031],[139.18209,36.30015],[139.18206,36.30001],[139.18204,36.2999],[139.18203,36.29978],[139.18202,36.29965],[139.18202,36.29952],[139.18201,36.29938]]]}},{"type":"Feature","properties":{"n":"準工業地域","c":11,"bcr":60,"far":200},"geometry":{"type":"Polygon","coordinates":[[[139.23564,36.32864],[139.2357,36.32849],[139.23573,36.32843],[139.23597,36.32781],[139.23632,36.32695],[139.23662,36.32622],[139.23672,36.32593],[139.23694,36.32538],[139.23735,36.32438],[139.23744,36.32416],[139.23734,36.32405],[139.23728,36.32402],[139.23713,36.32396],[139.23687,36.32385],[139.23672,36.32378],[139.2364,36.32362],[139.23621,36.32349],[139.23623,36.32354],[139.23591,36.32396],[139.23584,36.32404],[139.23578,36.32414],[139.23573,36.32423],[139.23565,36.32438],[139.2356,36.32449],[139.23555,36.32464],[139.2355,36.32479],[139.23544,36.32501],[139.23541,36.32512],[139.2354,36.32518],[139.23535,36.32537],[139.2353,36.32553],[139.23517,36.32587],[139.2351,36.32589],[139.23495,36.32586],[139.23432,36.32569],[139.23395,36.32558],[139.23381,36.32555],[139.23382,36.32551],[139.23394,36.32518],[139.23408,36.32481],[139.2341,36.32473],[139.23412,36.32459],[139.23415,36.32445],[139.2342,36.32426],[139.23422,36.32418],[139.23427,36.32405],[139.23433,36.32388],[139.23436,36.32376],[139.2344,36.32366],[139.23444,36.32357],[139.23447,36.32351],[139.23458,36.32333],[139.23462,36.32327],[139.23469,36.32318],[139.23487,36.32297],[139.23498,36.32286],[139.23497,36.3228],[139.23457,36.32257],[139.23449,36.32254],[139.23422,36.32238],[139.23374,36.32211],[139.23345,36.32195],[139.23297,36.32168],[139.23264,36.3215],[139.23231,36.32134],[139.23224,36.32135],[139.23191,36.32214],[139.23158,36.32294],[139.23151,36.32308],[139.23157,36.32306],[139.23191,36.32315],[139.23262,36.32334],[139.23279,36.3234],[139.23289,36.32344],[139.2331,36.32356],[139.23239,36.3253],[139.23244,36.32529],[139.23373,36.32563],[139.23332,36.32661],[139.23318,36.32694],[139.23287,36.3277],[139.23282,36.32784],[139.2335,36.32803],[139.23357,36.32805],[139.23359,36.32806],[139.23368,36.32809],[139.23371,36.3281],[139.23421,36.32823],[139.23477,36.32839],[139.23564,36.32864]]]}},{"type":"Feature","properties":{"n":"第１種中高層住居専用地域","c":3,"bcr":60,"far":200},"geometry":{"type":"Polygon","coordinates":[[[139.16147,36.32028],[139.16155,36.3206],[139.16159,36.32079],[139.16164,36.32103],[139.16166,36.32109],[139.16169,36.32121],[139.1617,36.32126],[139.1617,36.32129],[139.1617,36.32132],[139.1617,36.32137],[139.16165,36.32177],[139.16164,36.32182],[139.16163,36.32195],[139.16162,36.32199],[139.16162,36.32201],[139.16162,36.32203],[139.16162,36.32206],[139.16163,36.32209],[139.16166,36.32217],[139.16167,36.32219],[139.16168,36.32223],[139.16173,36.32237],[139.16176,36.32246],[139.1618,36.32259],[139.1618,36.32262],[139.16181,36.32265],[139.16182,36.32271],[139.16183,36.32277],[139.1619,36.3231],[139.1619,36.32314],[139.16191,36.32318],[139.16192,36.32321],[139.16192,36.32323],[139.16192,36.32327],[139.16192,36.32344],[139.16192,36.32351],[139.16192,36.32357],[139.16192,36.32414],[139.16192,36.32422],[139.16192,36.32445],[139.16189,36.32451],[139.16256,36.3251],[139.16296,36.32482],[139.16337,36.32518],[139.16343,36.32523],[139.1637,36.32504],[139.16454,36.32445],[139.16473,36.3243],[139.16483,36.32423],[139.165,36.32405],[139.16524,36.3238],[139.16409,36.32334],[139.16413,36.3233],[139.16445,36.32295],[139.16499,36.32316],[139.1654,36.32227],[139.16549,36.32179],[139.16549,36.32157],[139.16549,36.321],[139.16549,36.32032],[139.16506,36.32033],[139.16516,36.31896],[139.16517,36.3189],[139.16363,36.31892],[139.16254,36.31894],[139.16254,36.32033],[139.16248,36.32033],[139.16217,36.3203],[139.16202,36.32028],[139.16197,36.32028],[139.16185,36.32028],[139.16147,36.32028]]]}},{"type":"Feature","properties":{"n":"第１種中高層住居専用地域","c":3,"bcr":60,"far":200},"geometry":{"type":"Polygon","coordinates":[[[139.19019,36.28234],[139.19088,36.28232],[139.19151,36.28229],[139.1916,36.28229],[139.19169,36.28228],[139.19172,36.28227],[139.19223,36.28226],[139.1927,36.28224],[139.19285,36.28224],[139.19299,36.28222],[139.19327,36.28217],[139.19354,36.28212],[139.19407,36.28202],[139.1942,36.28199],[139.19455,36.28188],[139.19465,36.28186],[139.19494,36.28176],[139.19548,36.28158],[139.19631,36.28131],[139.19639,36.28129],[139.19639,36.28127],[139.1964,36.28099],[139.19641,36.28077],[139.19601,36.28076],[139.19594,36.28075],[139.19569,36.28074],[139.19562,36.28074],[139.19531,36.28073],[139.19525,36.28073],[139.19481,36.28072],[139.19475,36.28071],[139.19476,36.28067],[139.19477,36.28062],[139.19481,36.28035],[139.19482,36.28028],[139.19486,36.28007],[139.19487,36.28001],[139.19493,36.27972],[139.19493,36.27968],[139.19502,36.27962],[139.19513,36.27955],[139.19524,36.27949],[139.1953,36.27947],[139.19539,36.27944],[139.19546,36.27941],[139.19581,36.27928],[139.19588,36.27926],[139.19592,36.27925],[139.19598,36.27924],[139.19616,36.27924],[139.1965,36.27923],[139.1965,36.27918],[139.19651,36.27887],[139.19651,36.27873],[139.19651,36.27859],[139.19651,36.27845],[139.1965,36.27831],[139.19649,36.27816],[139.19648,36.27805],[139.1962,36.27807],[139.19555,36.27811],[139.19551,36.27811],[139.19531,36.27812],[139.19528,36.27812],[139.19417,36.27818],[139.19331,36.27824],[139.19326,36.2784],[139.19178,36.27847],[139.19183,36.279],[139.19142,36.27902],[139.19124,36.27903],[139.19066,36.27907],[139.19066,36.27917],[139.19073,36.27996],[139.19076,36.28044],[139.19083,36.28119],[139.19084,36.28143],[139.19074,36.28148],[139.19068,36.2815],[139.19061,36.28152],[139.1905,36.28154],[139.19041,36.28156],[139.19033,36.28158],[139.19023,36.28159],[139.19015,36.28159],[139.19019,36.28234]]]}},{"type":"Feature","properties":{"n":"第１種中高層住居専用地域","c":3,"bcr":60,"far":200},"geometry":{"type":"Polygon","coordinates":[[[139.19057,36.28529],[139.1906,36.28538],[139.19062,36.28542],[139.19065,36.2855],[139.19067,36.28556],[139.19071,36.28569],[139.19074,36.2858],[139.19077,36.28589],[139.19079,36.28595],[139.19082,36.28606],[139.19082,36.28606],[139.19084,36.28605],[139.19105,36.28599],[139.19107,36.28598],[139.19127,36.28591],[139.19153,36.28582],[139.19172,36.28576],[139.19209,36.28566],[139.19221,36.28562],[139.19225,36.28561],[139.19229,36.28569],[139.19263,36.28602],[139.19269,36.28607],[139.19274,36.28612],[139.19284,36.28621],[139.19298,36.28635],[139.19311,36.28648],[139.19318,36.28654],[139.19324,36.2866],[139.19341,36.28676],[139.19346,36.28681],[139.19355,36.28689],[139.19365,36.28695],[139.1937,36.287],[139.19382,36.28711],[139.19394,36.28723],[139.19411,36.28739],[139.19423,36.2875],[139.19437,36.28763],[139.19446,36.28772],[139.19466,36.28758],[139.19474,36.28752],[139.19476,36.28751],[139.19486,36.28744],[139.19499,36.28735],[139.19518,36.28722],[139.19524,36.28718],[139.19546,36.28703],[139.19558,36.28695],[139.1957,36.28687],[139.1958,36.2868],[139.19602,36.28665],[139.19623,36.28651],[139.19644,36.28636],[139.19657,36.28627],[139.19662,36.28624],[139.19576,36.28542],[139.19577,36.28541],[139.19629,36.28505],[139.19631,36.28424],[139.19644,36.28419],[139.19618,36.28367],[139.19682,36.28346],[139.19658,36.28296],[139.19652,36.28288],[139.1963,36.28243],[139.19548,36.2827],[139.19466,36.28295],[139.19447,36.283],[139.19424,36.28305],[139.1939,36.28312],[139.19372,36.28315],[139.19349,36.28318],[139.19328,36.2832],[139.19307,36.28322],[139.19292,36.28323],[139.19222,36.28326],[139.19221,36.28317],[139.19176,36.28318],[139.19158,36.28319],[139.19121,36.2832],[139.19128,36.2841],[139.1913,36.28424],[139.19136,36.28502],[139.1906,36.28528],[139.19057,36.28529]]]}},{"type":"Feature","properties":{"n":"第２種中高層住居専用地域","c":4,"bcr":60,"far":200},"geometry":{"type":"Polygon","coordinates":[[[139.19929,36.33111],[139.19935,36.33184],[139.19937,36.332],[139.19968,36.33547],[139.19977,36.33644],[139.19986,36.33747],[139.19989,36.33779],[139.19993,36.33824],[139.1996,36.33827],[139.19942,36.33829],[139.19877,36.33835],[139.19862,36.33836],[139.19794,36.33842],[139.19782,36.33843],[139.19788,36.33886],[139.19796,36.33928],[139.19802,36.33949],[139.19805,36.33972],[139.19806,36.33974],[139.19806,36.33975],[139.19806,36.33979],[139.19806,36.33981],[139.19805,36.33982],[139.19805,36.33984],[139.19805,36.33986],[139.19804,36.33987],[139.19804,36.33988],[139.19803,36.3399],[139.19803,36.33991],[139.19802,36.33993],[139.19801,36.33994],[139.198,36.33996],[139.19799,36.33998],[139.19798,36.34],[139.19797,36.34001],[139.1978,36.34023],[139.19788,36.34024],[139.198,36.3402],[139.19823,36.34011],[139.19952,36.3396],[139.19963,36.33955],[139.20035,36.34125],[139.20038,36.34132],[139.20042,36.34146],[139.20043,36.3415],[139.20045,36.34162],[139.20047,36.34177],[139.20047,36.3419],[139.20047,36.34196],[139.20046,36.34204],[139.2004,36.34257],[139.2003,36.3434],[139.2003,36.34343],[139.20036,36.34343],[139.20057,36.34343],[139.20054,36.34337],[139.20053,36.34331],[139.2005,36.34318],[139.20049,36.34308],[139.20049,36.3429],[139.20049,36.34286],[139.2005,36.34281],[139.2005,36.34275],[139.2005,36.34274],[139.20051,36.34273],[139.20051,36.34271],[139.20051,36.34269],[139.20052,36.34268],[139.20052,36.34267],[139.20054,36.34261],[139.20069,36.3422],[139.2008,36.34196],[139.20082,36.34192],[139.20092,36.34171],[139.20094,36.34167],[139.20099,36.34155],[139.20101,36.34148],[139.20103,36.34138],[139.20104,36.34136],[139.20104,36.34133],[139.20105,36.3413],[139.20105,36.34128],[139.20105,36.34125],[139.20106,36.34123],[139.20106,36.3412],[139.20106,36.34115],[139.20107,36.34104],[139.20107,36.341],[139.20107,36.34083],[139.20104,36.34083],[139.20086,36.34082],[139.20081,36.34082],[139.20088,36.34069],[139.2009,36.34063],[139.20091,36.34056],[139.20092,36.34054],[139.20093,36.34049],[139.20094,36.34045],[139.20095,36.34042],[139.20098,36.34013],[139.201,36.33989],[139.201,36.33983],[139.20102,36.33963],[139.20102,36.33962],[139.20102,36.3396],[139.20102,36.33959],[139.20102,36.33955],[139.20102,36.33954],[139.20102,36.33951],[139.201,36.33943],[139.20098,36.33929],[139.20096,36.33918],[139.20094,36.33905],[139.20092,36.3389],[139.20091,36.33883],[139.20091,36.33877],[139.2009,36.33868],[139.2009,36.33862],[139.20089,36.33857],[139.20089,36.33846],[139.2009,36.33834],[139.20091,36.33824],[139.20093,36.33819],[139.20095,36.33804],[139.20101,36.33764],[139.20104,36.33742],[139.20107,36.33727],[139.20108,36.33713],[139.20109,36.33706],[139.20109,36.33703],[139.20108,36.33699],[139.20108,36.33693],[139.20108,36.33691],[139.20107,36.33687],[139.20106,36.3368],[139.20105,36.33674],[139.20103,36.33665],[139.20101,36.33654],[139.20099,36.33645],[139.20099,36.33643],[139.20098,36.33641],[139.20098,36.33638],[139.20096,36.33629],[139.20095,36.3362],[139.20093,36.33601],[139.20092,36.33593],[139.2009,36.3358],[139.2009,36.33576],[139.2009,36.33574],[139.20089,36.33569],[139.20089,36.33557],[139.20089,36.33546],[139.2009,36.33534],[139.2009,36.33529],[139.2009,36.33527],[139.2009,36.33518],[139.20091,36.33505],[139.20093,36.33496],[139.20094,36.33489],[139.20097,36.33473],[139.20099,36.3346],[139.20101,36.33448],[139.20102,36.33436],[139.20104,36.33423],[139.20106,36.33412],[139.20109,36.33402],[139.20111,36.33391],[139.20114,36.33378],[139.20118,36.33367],[139.20121,36.33359],[139.20124,36.33351],[139.20128,36.33342],[139.20133,36.33332],[139.20136,36.33326],[139.20141,36.33317],[139.20146,36.3331],[139.2015,36.33301],[139.20155,36.33292],[139.20158,36.33288],[139.20164,36.3328],[139.20165,36.33278],[139.20174,36.33268],[139.20186,36.33254],[139.20194,36.33245],[139.20216,36.33223],[139.20233,36.33205],[139.2024,36.33197],[139.20245,36.3319],[139.20252,36.33179],[139.20255,36.33174],[139.20264,36.33158],[139.20266,36.33156],[139.2027,36.33148],[139.20273,36.33138],[139.20277,36.33125],[139.20279,36.33119],[139.2028,36.33113],[139.2028,36.3311],[139.20163,36.33108],[139.20164,36.33094],[139.20014,36.33106],[139.2001,36.33105],[139.19929,36.33111]]]}},{"type":"Feature","properties":{"n":"第１種中高層住居専用地域","c":3,"bcr":60,"far":200},"geometry":{"type":"Polygon","coordinates":[[[139.18252,36.33232],[139.18252,36.33233],[139.18252,36.33239],[139.18252,36.33256],[139.18255,36.33436],[139.18256,36.33445],[139.18257,36.33527],[139.18257,36.33527],[139.18257,36.33528],[139.18256,36.33535],[139.18255,36.3354],[139.18256,36.33558],[139.18256,36.33569],[139.18256,36.3359],[139.18256,36.33612],[139.18257,36.33665],[139.18256,36.33685],[139.18257,36.33724],[139.18279,36.33723],[139.18317,36.33723],[139.18335,36.33722],[139.1843,36.33721],[139.1853,36.3372],[139.18571,36.3372],[139.18599,36.33719],[139.18626,36.33719],[139.18619,36.33649],[139.18615,36.33601],[139.1861,36.33554],[139.18608,36.33529],[139.18603,36.33486],[139.18596,36.33432],[139.18592,36.33391],[139.18589,36.3337],[139.18583,36.33331],[139.18582,36.33329],[139.18582,36.33328],[139.18581,36.33314],[139.18578,36.33294],[139.18575,36.33271],[139.18571,36.33248],[139.18571,36.33239],[139.1857,36.33194],[139.1857,36.33192],[139.1857,36.33184],[139.18569,36.33182],[139.18565,36.33147],[139.18563,36.33136],[139.18556,36.33116],[139.18548,36.33092],[139.18427,36.331],[139.18404,36.33101],[139.18401,36.33101],[139.18403,36.33127],[139.1841,36.33195],[139.1841,36.33198],[139.18403,36.33199],[139.18256,36.33208],[139.18257,36.33232],[139.18252,36.33232]]]}},{"type":"Feature","properties":{"n":"第１種住居地域","c":5,"bcr":60,"far":200},"geometry":{"type":"Polygon","coordinates":[[[139.15074,36.32738],[139.15072,36.32739],[139.15069,36.32741],[139.15059,36.32746],[139.15056,36.32748],[139.15044,36.32756],[139.15036,36.32761],[139.15023,36.32768],[139.15006,36.32777],[139.14996,36.32783],[139.14988,36.32786],[139.14979,36.32792],[139.14982,36.32794],[139.14997,36.32803],[139.15009,36.32809],[139.15019,36.32814],[139.15021,36.32815],[139.15029,36.32819],[139.15025,36.32825],[139.14992,36.32873],[139.14986,36.32881],[139.14985,36.32883],[139.14984,36.32885],[139.14982,36.32887],[139.14981,36.32889],[139.14979,36.3289],[139.14978,36.32892],[139.14977,36.32893],[139.14976,36.32893],[139.14972,36.32897],[139.14967,36.32901],[139.1496,36.32906],[139.14957,36.32909],[139.14948,36.32916],[139.14942,36.32922],[139.14936,36.32931],[139.14931,36.32937],[139.14918,36.32955],[139.14918,36.32957],[139.14912,36.32969],[139.14912,36.3297],[139.14911,36.32971],[139.14911,36.32973],[139.14911,36.32975],[139.1491,36.32976],[139.1491,36.32978],[139.14903,36.32978],[139.14903,36.32983],[139.14904,36.32986],[139.14901,36.32986],[139.14897,36.32991],[139.1489,36.33002],[139.14876,36.33019],[139.14869,36.33027],[139.14859,36.33029],[139.14834,36.33042],[139.14826,36.33047],[139.14824,36.33046],[139.14816,36.33052],[139.14812,36.33054],[139.14803,36.33063],[139.14814,36.33079],[139.14803,36.33085],[139.14801,36.33084],[139.14797,36.33085],[139.14783,36.33095],[139.1476,36.33117],[139.14757,36.33123],[139.14763,36.33127],[139.14759,36.33136],[139.14756,36.33143],[139.14749,36.33156],[139.14746,36.33159],[139.14745,36.3316],[139.14742,36.33165],[139.14739,36.33168],[139.14736,36.33173],[139.14735,36.33177],[139.14734,36.33181],[139.14733,36.33184],[139.14733,36.33187],[139.14733,36.33192],[139.14733,36.33199],[139.14733,36.33202],[139.14733,36.33204],[139.14732,36.3321],[139.14732,36.33214],[139.14733,36.33217],[139.14734,36.33219],[139.14734,36.3322],[139.14734,36.33222],[139.14729,36.33262],[139.14727,36.33263],[139.14722,36.33264],[139.14721,36.33265],[139.1472,36.33265],[139.14715,36.33266],[139.14714,36.33266],[139.14711,36.33266],[139.14712,36.33271],[139.14712,36.33273],[139.14713,36.33275],[139.14713,36.33276],[139.14714,36.33277],[139.14714,36.33278],[139.14715,36.33279],[139.14716,36.3328],[139.14717,36.33281],[139.14719,36.33282],[139.14722,36.33284],[139.14736,36.3329],[139.14742,36.33293],[139.14748,36.33296],[139.1475,36.33297],[139.14752,36.33297],[139.14754,36.33298],[139.14757,36.33299],[139.14762,36.333],[139.1476,36.33303],[139.14762,36.33305],[139.14779,36.3332],[139.14793,36.33326],[139.14801,36.33333],[139.14793,36.33342],[139.14793,36.33344],[139.14795,36.33347],[139.14795,36.33349],[139.14797,36.33356],[139.14796,36.33356],[139.14795,36.3336],[139.14793,36.33367],[139.14792,36.33371],[139.14791,36.33374],[139.14792,36.33376],[139.14792,36.33379],[139.14792,36.33382],[139.1479,36.33388],[139.14789,36.33395],[139.14789,36.33397],[139.14788,36.33398],[139.14788,36.33399],[139.14788,36.33401],[139.14788,36.33402],[139.14788,36.33407],[139.14789,36.33412],[139.1479,36.33415],[139.14791,36.33418],[139.14791,36.3342],[139.14791,36.33422],[139.1479,36.33426],[139.14789,36.33432],[139.14787,36.33435],[139.14784,36.33439],[139.14781,36.33442],[139.14773,36.3345],[139.1477,36.33453],[139.14766,36.33455],[139.14764,36.33456],[139.14762,36.33457],[139.14758,36.33464],[139.14754,36.33472],[139.14749,36.33486],[139.14748,36.33487],[139.14742,36.33491],[139.1474,36.33492],[139.14738,36.33495],[139.1473,36.33503],[139.14721,36.33514],[139.1471,36.3353],[139.147,36.33551],[139.14699,36.33554],[139.14696,36.33558],[139.14683,36.33575],[139.14678,36.33575],[139.14677,36.33578],[139.14674,36.33586],[139.14666,36.33597],[139.14665,36.33598],[139.14663,36.33601],[139.14653,36.33617],[139.14652,36.33623],[139.14653,36.33626],[139.14656,36.33633],[139.14664,36.33641],[139.14666,36.33644],[139.14679,36.33634],[139.14695,36.3362],[139.14709,36.33609],[139.1476,36.33568],[139.14791,36.33543],[139.14796,36.33538],[139.14829,36.3351],[139.1484,36.33502],[139.14848,36.33495],[139.14858,36.33487],[139.14864,36.33482],[139.1487,36.33478],[139.14904,36.33449],[139.14912,36.33443],[139.14918,36.33438],[139.14925,36.33432],[139.14938,36.33421],[139.14961,36.33402],[139.14988,36.33379],[139.1501,36.33361],[139.15022,36.33352],[139.15029,36.33346],[139.15035,36.33342],[139.15042,36.33337],[139.15048,36.33333],[139.15056,36.33328],[139.15062,36.33323],[139.1507,36.33319],[139.15079,36.33313],[139.15087,36.33309],[139.15095,36.33305],[139.15101,36.33302],[139.15106,36.33299],[139.15113,36.33296],[139.15122,36.33292],[139.15131,36.33289],[139.15142,36.33285],[139.15151,36.33281],[139.15158,36.33279],[139.15182,36.33272],[139.15212,36.33265],[139.15217,36.33264],[139.15218,36.33264],[139.15201,36.33146],[139.15201,36.33145],[139.15196,36.33105],[139.15195,36.33105],[139.15195,36.33102],[139.15174,36.33102],[139.15175,36.3306],[139.15178,36.33009],[139.15131,36.33007],[139.15125,36.33007],[139.15122,36.33007],[139.15121,36.33007],[139.15117,36.33006],[139.15116,36.33006],[139.15112,36.33006],[139.15109,36.33006],[139.15108,36.33006],[139.15101,36.33006],[139.15101,36.33006],[139.15098,36.33006],[139.15096,36.33006],[139.15095,36.33006],[139.15091,36.33006],[139.15088,36.33007],[139.15084,36.33007],[139.15079,36.33007],[139.15075,36.33008],[139.1507,36.33009],[139.15065,36.3301],[139.15053,36.33012],[139.15052,36.33012],[139.15066,36.32845],[139.15071,36.32785],[139.15072,36.32776],[139.15072,36.32776],[139.15074,36.32738]]]}},{"type":"Feature","properties":{"n":"第１種中高層住居専用地域","c":3,"bcr":60,"far":200},"geometry":{"type":"Polygon","coordinates":[[[139.18727,36.29942],[139.18813,36.30149],[139.18832,36.30146],[139.18864,36.30139],[139.18869,36.30138],[139.1891,36.3013],[139.18954,36.30121],[139.18957,36.3012],[139.18988,36.30113],[139.18991,36.30113],[139.19,36.30111],[139.19019,36.30107],[139.19034,36.30103],[139.19036,36.30103],[139.19056,36.30098],[139.19094,36.3009],[139.19125,36.30083],[139.19171,36.30071],[139.1921,36.30062],[139.19228,36.30057],[139.19291,36.3004],[139.19291,36.30042],[139.19299,36.3004],[139.19546,36.2997],[139.1964,36.29944],[139.19618,36.29893],[139.19614,36.29884],[139.196,36.29893],[139.196,36.29871],[139.19601,36.29845],[139.19601,36.29829],[139.19602,36.29793],[139.19602,36.29784],[139.19601,36.29776],[139.19597,36.29736],[139.1957,36.29742],[139.19458,36.29766],[139.1937,36.29784],[139.19332,36.29793],[139.19277,36.29804],[139.19207,36.29819],[139.19087,36.29846],[139.1903,36.29862],[139.18982,36.29874],[139.18934,36.29886],[139.18924,36.29889],[139.18727,36.29942]]]}},{"type":"Feature","properties":{"n":"近隣商業地域","c":9,"bcr":80,"far":200},"geometry":{"type":"Polygon","coordinates":[[[139.15915,36.33342],[139.1602,36.33278],[139.16021,36.33277],[139.16026,36.33275],[139.16043,36.33295],[139.16069,36.33321],[139.16312,36.33174],[139.16399,36.33121],[139.16504,36.33057],[139.16533,36.33034],[139.16591,36.32991],[139.1662,36.32967],[139.1664,36.32949],[139.16667,36.32924],[139.16688,36.32902],[139.16717,36.32869],[139.16749,36.32831],[139.16694,36.3279],[139.16654,36.32759],[139.16616,36.3273],[139.16609,36.32726],[139.16574,36.32756],[139.16523,36.32802],[139.165,36.3282],[139.16486,36.32829],[139.16464,36.32844],[139.1644,36.32857],[139.16411,36.32872],[139.16383,36.32885],[139.16335,36.32906],[139.16283,36.32931],[139.16178,36.3298],[139.16127,36.33004],[139.15973,36.33073],[139.15958,36.3308],[139.15959,36.33081],[139.1596,36.33093],[139.1596,36.33095],[139.1596,36.33107],[139.1596,36.3311],[139.15961,36.33119],[139.15962,36.33132],[139.15963,36.33139],[139.15941,36.33153],[139.15906,36.33176],[139.1584,36.33259],[139.15872,36.33292],[139.15876,36.333],[139.15915,36.33342]]]}},{"type":"Feature","properties":{"n":"第２種住居地域","c":6,"bcr":60,"far":200},"geometry":{"type":"Polygon","coordinates":[[[139.18791,36.31357],[139.18794,36.31374],[139.18801,36.31387],[139.18807,36.31398],[139.18811,36.31405],[139.18813,36.31409],[139.18816,36.31413],[139.18818,36.31416],[139.18821,36.31421],[139.18829,36.31431],[139.18834,36.31438],[139.18839,36.31444],[139.1885,36.31456],[139.18859,36.31467],[139.18869,36.3148],[139.18877,36.31492],[139.18885,36.31502],[139.18891,36.31511],[139.18897,36.31519],[139.18906,36.31532],[139.18914,36.31543],[139.18921,36.31554],[139.18923,36.31556],[139.18922,36.31562],[139.18926,36.31568],[139.18929,36.31572],[139.18933,36.31578],[139.1894,36.31588],[139.18947,36.31598],[139.18951,36.31604],[139.18955,36.31609],[139.18959,36.31615],[139.18964,36.31622],[139.1897,36.31633],[139.18975,36.31641],[139.18977,36.31645],[139.18979,36.31647],[139.18991,36.31654],[139.18991,36.31654],[139.18991,36.31655],[139.18995,36.31662],[139.18995,36.31663],[139.18996,36.31664],[139.18996,36.31665],[139.18997,36.31666],[139.19048,36.31673],[139.191,36.31679],[139.19128,36.31683],[139.19134,36.31655],[139.19198,36.31666],[139.19297,36.31669],[139.19309,36.31669],[139.1932,36.3167],[139.19413,36.31673],[139.1957,36.31672],[139.19624,36.31672],[139.19712,36.31568],[139.19713,36.31565],[139.19714,36.31562],[139.19714,36.31559],[139.19716,36.31495],[139.19716,36.31487],[139.19717,36.31481],[139.19717,36.31478],[139.19719,36.31475],[139.19721,36.31472],[139.19725,36.31468],[139.19731,36.3146],[139.19741,36.31449],[139.19752,36.31436],[139.19762,36.31423],[139.19777,36.314],[139.19759,36.31403],[139.19753,36.31403],[139.19567,36.31427],[139.19448,36.31442],[139.19325,36.31457],[139.19302,36.3146],[139.19263,36.31465],[139.19194,36.31453],[139.19108,36.31438],[139.1906,36.31427],[139.18978,36.31407],[139.18992,36.31368],[139.18979,36.31355],[139.18935,36.31354],[139.18836,36.31349],[139.18791,36.31357]]]}},{"type":"Feature","properties":{"n":"第２種中高層住居専用地域","c":4,"bcr":60,"far":200},"geometry":{"type":"Polygon","coordinates":[[[139.23981,36.341],[139.2398,36.34176],[139.23981,36.34177],[139.2398,36.34188],[139.2398,36.34196],[139.2398,36.34219],[139.2398,36.34249],[139.2398,36.34298],[139.23979,36.34304],[139.23979,36.34387],[139.23978,36.34417],[139.2398,36.34419],[139.23981,36.3442],[139.23999,36.3442],[139.24012,36.3442],[139.24035,36.3442],[139.24035,36.34424],[139.24035,36.34425],[139.24039,36.34428],[139.24042,36.34429],[139.24047,36.34431],[139.2405,36.34434],[139.24053,36.34436],[139.24055,36.34437],[139.2406,36.34441],[139.24064,36.34445],[139.24066,36.34449],[139.24065,36.34498],[139.24065,36.34563],[139.241,36.34563],[139.24144,36.34563],[139.24151,36.34563],[139.24152,36.34563],[139.24152,36.34574],[139.24152,36.34628],[139.24151,36.34643],[139.24151,36.34657],[139.24151,36.3466],[139.24151,36.34672],[139.24151,36.34685],[139.24151,36.3469],[139.24151,36.34702],[139.24151,36.34711],[139.24241,36.34711],[139.24245,36.34711],[139.24247,36.34714],[139.24249,36.34718],[139.24257,36.34733],[139.24259,36.34736],[139.24262,36.34741],[139.24266,36.34753],[139.24266,36.34754],[139.24266,36.34757],[139.24266,36.3476],[139.24265,36.34763],[139.24264,36.34766],[139.2426,36.34777],[139.24259,36.34779],[139.24259,36.3478],[139.2426,36.3478],[139.24261,36.3478],[139.24277,36.34779],[139.24282,36.34778],[139.24297,36.34777],[139.24304,36.34776],[139.24319,36.34775],[139.2432,36.34785],[139.24321,36.34794],[139.24324,36.3481],[139.24325,36.34815],[139.24409,36.34782],[139.24427,36.34774],[139.24428,36.34774],[139.2443,36.34707],[139.2443,36.34674],[139.2443,36.34655],[139.2443,36.34652],[139.24432,36.34586],[139.24433,36.34578],[139.24433,36.34563],[139.24434,36.34559],[139.24434,36.34555],[139.24435,36.34508],[139.24435,36.34496],[139.24435,36.34493],[139.24436,36.34471],[139.24436,36.34469],[139.24436,36.34455],[139.24435,36.34443],[139.24435,36.34419],[139.24434,36.34409],[139.24432,36.344],[139.24431,36.34372],[139.2443,36.34368],[139.24425,36.34353],[139.24424,36.34349],[139.24424,36.34348],[139.24423,36.34345],[139.24416,36.34331],[139.24413,36.34325],[139.24411,36.34321],[139.24405,36.3431],[139.244,36.34305],[139.24397,36.34301],[139.24389,36.34294],[139.24378,36.34284],[139.24372,36.34278],[139.24363,36.34281],[139.24336,36.34289],[139.24005,36.34106],[139.23981,36.34093],[139.23981,36.341]]]}},{"type":"Feature","properties":{"n":"第１種中高層住居専用地域","c":3,"bcr":60,"far":200},"geometry":{"type":"Polygon","coordinates":[[[139.20944,36.28818],[139.21057,36.28912],[139.21115,36.2896],[139.21123,36.28966],[139.21115,36.28972],[139.21036,36.29034],[139.20947,36.29105],[139.20924,36.29123],[139.20872,36.29164],[139.20852,36.2926],[139.20838,36.29334],[139.20904,36.29348],[139.20922,36.29351],[139.21,36.29368],[139.21024,36.29372],[139.21027,36.29365],[139.21065,36.29249],[139.21038,36.29242],[139.21045,36.2922],[139.21055,36.29189],[139.21106,36.2917],[139.21107,36.29165],[139.21114,36.29142],[139.21117,36.29133],[139.21119,36.29126],[139.21122,36.29118],[139.21124,36.2911],[139.21126,36.29102],[139.21129,36.29094],[139.21132,36.29086],[139.21135,36.29077],[139.21137,36.29073],[139.21138,36.29069],[139.21146,36.29054],[139.21149,36.29047],[139.21153,36.2904],[139.21158,36.29033],[139.21169,36.29016],[139.21174,36.29009],[139.21159,36.28996],[139.21165,36.28989],[139.21219,36.28918],[139.21262,36.28954],[139.21276,36.28935],[139.21278,36.28932],[139.21282,36.28928],[139.21285,36.28923],[139.21286,36.28922],[139.21291,36.28916],[139.21298,36.28906],[139.21303,36.28899],[139.21311,36.28888],[139.21315,36.28883],[139.21321,36.28876],[139.21325,36.28869],[139.2133,36.28864],[139.21334,36.28858],[139.21339,36.28852],[139.21343,36.28846],[139.21348,36.28839],[139.21352,36.28833],[139.21356,36.28826],[139.21358,36.28822],[139.21362,36.28815],[139.21365,36.28809],[139.21365,36.28809],[139.21366,36.28807],[139.21368,36.28803],[139.21379,36.28777],[139.21381,36.28771],[139.21395,36.28737],[139.21398,36.28729],[139.21408,36.28705],[139.21411,36.28696],[139.21419,36.28677],[139.21423,36.28667],[139.21431,36.28649],[139.21434,36.2864],[139.21439,36.28627],[139.21442,36.28621],[139.21446,36.28612],[139.21453,36.28593],[139.21457,36.28584],[139.21459,36.2858],[139.21462,36.28575],[139.21466,36.28568],[139.2147,36.28561],[139.21473,36.28557],[139.21474,36.28555],[139.21475,36.28554],[139.21476,36.28553],[139.21478,36.28551],[139.21478,36.28551],[139.21478,36.28551],[139.21479,36.2855],[139.21482,36.28547],[139.21485,36.28544],[139.21488,36.28541],[139.21491,36.28538],[139.21494,36.28535],[139.21497,36.28533],[139.21501,36.2853],[139.21504,36.28527],[139.21507,36.28525],[139.21519,36.28515],[139.21548,36.28494],[139.21553,36.28491],[139.21557,36.28487],[139.21561,36.28482],[139.21565,36.28477],[139.21567,36.28473],[139.21569,36.28468],[139.21571,36.28463],[139.21573,36.28457],[139.21574,36.2845],[139.21573,36.28446],[139.21573,36.28443],[139.21572,36.28439],[139.2157,36.28435],[139.21569,36.28432],[139.21566,36.28428],[139.21556,36.28416],[139.21541,36.284],[139.21539,36.28398],[139.21524,36.28406],[139.2149,36.28431],[139.2148,36.28437],[139.21466,36.28446],[139.21453,36.28457],[139.21357,36.28525],[139.21348,36.28531],[139.21321,36.2855],[139.21318,36.28552],[139.21316,36.28553],[139.21311,36.28557],[139.21309,36.28559],[139.21307,36.2856],[139.21302,36.28563],[139.21298,36.28565],[139.21297,36.28566],[139.21293,36.28569],[139.21288,36.28573],[139.21283,36.28576],[139.21279,36.28579],[139.21274,36.28582],[139.2127,36.28585],[139.21265,36.28588],[139.21263,36.2859],[139.21261,36.28591],[139.21257,36.28594],[139.21254,36.28595],[139.21252,36.28597],[139.2125,36.28598],[139.21249,36.28599],[139.21243,36.28603],[139.21238,36.28606],[139.21236,36.28608],[139.21232,36.2861],[139.21229,36.28612],[139.21224,36.28615],[139.2122,36.28618],[139.21216,36.28621],[139.21212,36.28623],[139.21208,36.28626],[139.21205,36.28628],[139.212,36.28632],[139.21195,36.28635],[139.21189,36.28638],[139.21185,36.28642],[139.2118,36.28645],[139.21175,36.28648],[139.21171,36.28651],[139.2117,36.28651],[139.21165,36.28655],[139.2116,36.28658],[139.21159,36.28658],[139.21155,36.2866],[139.21151,36.28663],[139.21147,36.28666],[139.21142,36.28669],[139.21138,36.28672],[139.21135,36.28675],[139.21134,36.28675],[139.21131,36.28677],[139.21129,36.28678],[139.21126,36.2868],[139.21124,36.28682],[139.21122,36.28683],[139.21121,36.28684],[139.21119,36.28685],[139.21118,36.28686],[139.21109,36.28691],[139.21106,36.28693],[139.21094,36.28701],[139.21092,36.28703],[139.21088,36.28705],[139.21086,36.28707],[139.21083,36.28708],[139.2108,36.28711],[139.21077,36.28713],[139.21073,36.28715],[139.2107,36.28717],[139.21068,36.28719],[139.21063,36.28723],[139.21045,36.28734],[139.21041,36.28737],[139.21036,36.28741],[139.21032,36.28744],[139.21027,36.28748],[139.21023,36.28751],[139.21019,36.28754],[139.21013,36.28758],[139.20999,36.28769],[139.20991,36.28775],[139.20985,36.2878],[139.20969,36.28796],[139.20952,36.28811],[139.20944,36.28818]]]}},{"type":"Feature","properties":{"n":"第２種住居地域","c":6,"bcr":60,"far":200},"geometry":{"type":"Polygon","coordinates":[[[139.18385,36.31862],[139.18371,36.31819],[139.18368,36.3181],[139.18304,36.3182],[139.18303,36.3181],[139.18299,36.3177],[139.18352,36.31766],[139.18346,36.31693],[139.18345,36.31685],[139.18337,36.31602],[139.18337,36.31545],[139.18337,36.31539],[139.18319,36.31539],[139.18307,36.31539],[139.18299,36.31537],[139.18293,36.31535],[139.18288,36.31531],[139.18285,36.31529],[139.18272,36.3152],[139.18263,36.31514],[139.18226,36.31488],[139.18223,36.31486],[139.1822,36.31483],[139.18216,36.31478],[139.18198,36.31451],[139.18165,36.31473],[139.18116,36.31472],[139.18107,36.31472],[139.18108,36.31462],[139.18108,36.3145],[139.18107,36.31442],[139.18105,36.31434],[139.18102,36.31426],[139.18099,36.31419],[139.18093,36.31409],[139.18088,36.31402],[139.18082,36.31396],[139.18079,36.31394],[139.18071,36.31398],[139.18071,36.31398],[139.1805,36.31409],[139.18044,36.31412],[139.18041,36.31415],[139.18035,36.31422],[139.18032,36.31427],[139.18029,36.31431],[139.18026,36.31437],[139.18025,36.31442],[139.18024,36.31446],[139.18024,36.31452],[139.18024,36.31462],[139.18023,36.31548],[139.18022,36.31578],[139.18024,36.31649],[139.18024,36.31707],[139.18024,36.31711],[139.17945,36.3171],[139.1789,36.31708],[139.17891,36.31733],[139.17893,36.31777],[139.17893,36.31789],[139.17893,36.31807],[139.17891,36.3185],[139.1787,36.31854],[139.17643,36.31884],[139.17641,36.31875],[139.17631,36.31833],[139.17501,36.31845],[139.1747,36.31839],[139.17461,36.31837],[139.17455,36.31863],[139.17445,36.31862],[139.17348,36.31846],[139.17345,36.31861],[139.17265,36.31849],[139.17251,36.31879],[139.17247,36.31888],[139.17232,36.31885],[139.17216,36.31883],[139.17214,36.31891],[139.17203,36.31936],[139.17298,36.31958],[139.17421,36.31967],[139.17429,36.31967],[139.1744,36.31966],[139.17664,36.31935],[139.17875,36.31906],[139.17884,36.31905],[139.17881,36.3193],[139.1789,36.31932],[139.17905,36.31933],[139.17947,36.31899],[139.17961,36.31887],[139.1798,36.31882],[139.17999,36.31876],[139.18034,36.31864],[139.1805,36.31859],[139.18084,36.31851],[139.18101,36.31888],[139.18103,36.31893],[139.18108,36.319],[139.1811,36.31904],[139.18122,36.31915],[139.18177,36.31904],[139.18231,36.31881],[139.18239,36.31877],[139.18249,36.31876],[139.18385,36.31862]]]}},{"type":"Feature","properties":{"n":"工業専用地域","c":13,"bcr":50,"far":200},"geometry":{"type":"Polygon","coordinates":[[[139.17248,36.28528],[139.17248,36.28531],[139.1726,36.28609],[139.17109,36.28627],[139.17044,36.28635],[139.16979,36.28643],[139.16957,36.28646],[139.16926,36.28649],[139.16915,36.28651],[139.16915,36.28727],[139.16917,36.28739],[139.16953,36.28745],[139.16972,36.28749],[139.16988,36.28751],[139.17001,36.28751],[139.17006,36.28751],[139.17039,36.28756],[139.17046,36.28758],[139.17071,36.28761],[139.17094,36.28763],[139.17126,36.28765],[139.17143,36.28766],[139.17149,36.28766],[139.17173,36.28763],[139.17184,36.28763],[139.17195,36.28762],[139.17203,36.28762],[139.17215,36.2876],[139.17224,36.28759],[139.17241,36.28756],[139.17262,36.28752],[139.17284,36.28748],[139.17303,36.28746],[139.17314,36.28744],[139.17326,36.28742],[139.17336,36.2874],[139.17345,36.28738],[139.1735,36.28737],[139.17354,36.28736],[139.17359,36.28735],[139.17363,36.28733],[139.17365,36.28733],[139.17367,36.28732],[139.1737,36.28731],[139.17373,36.2873],[139.17381,36.28728],[139.17388,36.28725],[139.17393,36.28723],[139.17398,36.28721],[139.17403,36.28719],[139.17408,36.28717],[139.17421,36.28711],[139.17434,36.28705],[139.17441,36.28704],[139.1744,36.28698],[139.17487,36.28679],[139.17491,36.28678],[139.17494,36.28677],[139.17506,36.28672],[139.17507,36.28668],[139.17507,36.28667],[139.17508,36.28666],[139.17509,36.28665],[139.1751,36.28664],[139.17524,36.28661],[139.17522,36.28653],[139.1748,36.28659],[139.17472,36.28621],[139.17464,36.28589],[139.17505,36.28583],[139.17588,36.28571],[139.17626,36.28566],[139.17647,36.28563],[139.17702,36.28555],[139.1772,36.28554],[139.17738,36.28554],[139.17738,36.28548],[139.17735,36.28531],[139.17731,36.28502],[139.17729,36.28486],[139.1772,36.28426],[139.17604,36.28437],[139.17608,36.28374],[139.17618,36.28227],[139.17481,36.2822],[139.17279,36.28239],[139.17279,36.2824],[139.17279,36.28241],[139.17285,36.28285],[139.1721,36.28292],[139.17215,36.28312],[139.17219,36.28334],[139.17222,36.28358],[139.17227,36.28387],[139.17233,36.28428],[139.17241,36.28483],[139.17248,36.28528]]]}},{"type":"Feature","properties":{"n":"第２種低層住居専用地域","c":2,"bcr":50,"far":100},"geometry":{"type":"Polygon","coordinates":[[[139.1832,36.31108],[139.1832,36.30986],[139.18321,36.30759],[139.18321,36.30755],[139.18321,36.30751],[139.18321,36.30683],[139.18228,36.30725],[139.18163,36.30754],[139.18134,36.30766],[139.17968,36.30745],[139.17957,36.3069],[139.17779,36.30713],[139.17795,36.30749],[139.17766,36.30754],[139.17745,36.30763],[139.17727,36.30771],[139.17719,36.30774],[139.17701,36.30782],[139.1769,36.30798],[139.17663,36.30838],[139.17677,36.30851],[139.17735,36.30905],[139.177,36.30928],[139.17776,36.30998],[139.17779,36.31],[139.1776,36.31014],[139.17763,36.31017],[139.17875,36.31119],[139.1789,36.31151],[139.17892,36.31154],[139.17989,36.31102],[139.1804,36.31095],[139.1804,36.31099],[139.18046,36.3113],[139.18106,36.31126],[139.18146,36.31123],[139.18159,36.31122],[139.18183,36.3112],[139.18229,36.31116],[139.1832,36.31108]]]}},{"type":"Feature","properties":{"n":"第１種中高層住居専用地域","c":3,"bcr":60,"far":200},"geometry":{"type":"Polygon","coordinates":[[[139.24181,36.27345],[139.24217,36.27348],[139.24678,36.27389],[139.24739,36.27395],[139.24927,36.27411],[139.24939,36.27393],[139.24939,36.27391],[139.2495,36.27376],[139.24953,36.27373],[139.24957,36.27369],[139.24962,36.27366],[139.24969,36.27363],[139.24973,36.27363],[139.2498,36.27358],[139.24983,36.27354],[139.24986,36.2735],[139.24989,36.27346],[139.2499,36.27345],[139.24991,36.27344],[139.24993,36.27341],[139.25008,36.27323],[139.25017,36.2731],[139.25022,36.27304],[139.2503,36.27294],[139.25039,36.27281],[139.25065,36.27249],[139.25068,36.27246],[139.25073,36.27239],[139.25075,36.27236],[139.25081,36.27229],[139.25076,36.27225],[139.25061,36.27217],[139.25056,36.27213],[139.25042,36.27203],[139.25037,36.272],[139.25018,36.27187],[139.24996,36.27172],[139.24968,36.27154],[139.24942,36.27136],[139.24937,36.27133],[139.24919,36.27122],[139.2491,36.27116],[139.24907,36.27114],[139.24906,36.27113],[139.24899,36.27108],[139.24881,36.27096],[139.24878,36.27094],[139.24816,36.27052],[139.24811,36.27049],[139.24778,36.27024],[139.24766,36.27014],[139.24762,36.27009],[139.24757,36.27003],[139.24754,36.26998],[139.24757,36.26997],[139.24754,36.26992],[139.24744,36.26973],[139.24733,36.26958],[139.24728,36.26951],[139.24725,36.26949],[139.2472,36.26946],[139.24712,36.26945],[139.24706,36.26952],[139.24685,36.26979],[139.2468,36.26986],[139.24667,36.27002],[139.24661,36.27009],[139.24654,36.27016],[139.24633,36.27038],[139.246,36.2707],[139.24601,36.27071],[139.24561,36.27108],[139.24552,36.27116],[139.2452,36.27144],[139.24501,36.2716],[139.24499,36.27162],[139.24495,36.27165],[139.24481,36.27176],[139.24472,36.27183],[139.24455,36.27194],[139.24442,36.27201],[139.24437,36.27205],[139.24436,36.27205],[139.24417,36.27209],[139.24413,36.27209],[139.24387,36.27213],[139.24368,36.27214],[139.24364,36.27214],[139.24362,36.27214],[139.24356,36.27214],[139.24348,36.27213],[139.2434,36.27211],[139.2433,36.2721],[139.24322,36.27209],[139.24319,36.27208],[139.24291,36.27202],[139.24273,36.27199],[139.2424,36.27192],[139.24224,36.27188],[139.24205,36.27184],[139.24184,36.2718],[139.24167,36.27178],[139.24164,36.27178],[139.24106,36.27176],[139.24072,36.27214],[139.24097,36.27225],[139.24111,36.27243],[139.24117,36.27252],[139.24119,36.2725],[139.24139,36.27278],[139.24137,36.2728],[139.24149,36.27294],[139.24147,36.27295],[139.24154,36.27306],[139.24144,36.27311],[139.24145,36.27313],[139.2415,36.27315],[139.24157,36.27316],[139.24161,36.27315],[139.24181,36.27345]]]}},{"type":"Feature","properties":{"n":"第２種低層住居専用地域","c":2,"bcr":50,"far":100},"geometry":{"type":"Polygon","coordinates":[[[139.2178,36.32552],[139.21786,36.32608],[139.21789,36.32634],[139.21791,36.32649],[139.21808,36.32713],[139.21815,36.32738],[139.21713,36.32775],[139.21707,36.32823],[139.21722,36.32831],[139.21855,36.32901],[139.2186,36.32902],[139.21935,36.32942],[139.21988,36.32963],[139.22313,36.33134],[139.22313,36.33132],[139.22314,36.33129],[139.22323,36.33111],[139.22325,36.33105],[139.22327,36.331],[139.22331,36.33083],[139.22338,36.33051],[139.22351,36.32991],[139.22322,36.32986],[139.22322,36.32973],[139.22322,36.32968],[139.2232,36.32955],[139.22318,36.32945],[139.22316,36.32936],[139.22315,36.32932],[139.22314,36.32927],[139.22312,36.32913],[139.22311,36.32898],[139.22311,36.32891],[139.22309,36.32861],[139.22306,36.32816],[139.22303,36.32768],[139.22302,36.32754],[139.22301,36.3275],[139.22296,36.32726],[139.22296,36.32717],[139.22295,36.32689],[139.22294,36.32661],[139.22292,36.32654],[139.2229,36.32646],[139.2229,36.32639],[139.2229,36.32636],[139.22293,36.32624],[139.22293,36.3262],[139.22293,36.32614],[139.22289,36.32608],[139.22278,36.32592],[139.22277,36.32592],[139.22273,36.32585],[139.22269,36.3258],[139.22264,36.32568],[139.22259,36.32556],[139.22253,36.32542],[139.22251,36.32538],[139.2225,36.32536],[139.22249,36.32535],[139.22248,36.32534],[139.22247,36.32533],[139.22245,36.32532],[139.22243,36.32531],[139.2224,36.32531],[139.22237,36.32531],[139.22234,36.32531],[139.22231,36.32532],[139.22209,36.32536],[139.22197,36.32538],[139.22162,36.32543],[139.22147,36.32545],[139.22125,36.32548],[139.22124,36.32549],[139.22112,36.32542],[139.22087,36.32538],[139.2208,36.32542],[139.22079,36.32543],[139.22077,36.32544],[139.22076,36.32544],[139.22074,36.32545],[139.22048,36.32544],[139.22048,36.32544],[139.22036,36.32544],[139.2203,36.32544],[139.22026,36.32543],[139.22022,36.32543],[139.22018,36.32542],[139.22015,36.32542],[139.2201,36.32541],[139.22004,36.32538],[139.21999,36.32537],[139.21996,36.32535],[139.21988,36.32529],[139.21979,36.32536],[139.21977,36.32538],[139.21969,36.32553],[139.21969,36.32554],[139.21969,36.32554],[139.21965,36.32558],[139.21935,36.32558],[139.21931,36.32558],[139.21908,36.32557],[139.21906,36.32557],[139.21898,36.32557],[139.21886,36.32557],[139.21864,36.32556],[139.21842,36.32555],[139.21839,36.32555],[139.21812,36.32554],[139.21804,36.32554],[139.21785,36.32553],[139.2178,36.32552]]]}},{"type":"Feature","properties":{"n":"第２種中高層住居専用地域","c":4,"bcr":60,"far":200},"geometry":{"type":"Polygon","coordinates":[[[139.21523,36.29857],[139.21337,36.29865],[139.21262,36.29873],[139.21173,36.29846],[139.21152,36.29894],[139.21149,36.29901],[139.21129,36.29944],[139.21109,36.2999],[139.21103,36.30002],[139.21095,36.3002],[139.21088,36.30037],[139.21086,36.30044],[139.21083,36.30051],[139.2108,36.30062],[139.21077,36.30074],[139.21077,36.30085],[139.21076,36.30099],[139.21077,36.3011],[139.21074,36.30149],[139.21072,36.30191],[139.21067,36.30272],[139.21065,36.3031],[139.21063,36.30345],[139.21061,36.30379],[139.21142,36.30376],[139.2119,36.30374],[139.21218,36.30373],[139.21242,36.30375],[139.21268,36.30378],[139.21294,36.30382],[139.21405,36.30406],[139.21408,36.30398],[139.2141,36.30394],[139.21417,36.30378],[139.21418,36.30368],[139.21509,36.30376],[139.21513,36.30326],[139.21547,36.30327],[139.21551,36.30279],[139.21603,36.30284],[139.2161,36.30194],[139.21558,36.30192],[139.21579,36.30117],[139.21563,36.30054],[139.21562,36.3005],[139.2156,36.3004],[139.21533,36.29906],[139.21523,36.29857]]]}},{"type":"Feature","properties":{"n":"第１種中高層住居専用地域","c":3,"bcr":60,"far":200},"geometry":{"type":"Polygon","coordinates":[[[139.2036,36.30042],[139.20401,36.30055],[139.20408,36.30058],[139.20411,36.30059],[139.20421,36.30063],[139.20436,36.30071],[139.20446,36.30076],[139.2045,36.30079],[139.20456,36.30081],[139.20453,36.30088],[139.2044,36.30105],[139.20458,36.30122],[139.20463,36.30125],[139.20465,36.30167],[139.20467,36.30176],[139.20473,36.30237],[139.20475,36.30254],[139.20478,36.30288],[139.20481,36.3031],[139.20498,36.30308],[139.20507,36.30307],[139.20514,36.30307],[139.2052,36.30307],[139.20527,36.30308],[139.20535,36.3031],[139.20543,36.30312],[139.2055,36.30314],[139.20555,36.30315],[139.20561,36.30315],[139.2057,36.30315],[139.20583,36.30315],[139.20589,36.30315],[139.20595,36.30314],[139.20601,36.30312],[139.20612,36.30309],[139.20629,36.30303],[139.2065,36.30296],[139.20654,36.30295],[139.20657,36.30294],[139.20673,36.30291],[139.20685,36.30289],[139.20695,36.30276],[139.20739,36.30219],[139.20749,36.30206],[139.20754,36.30199],[139.20758,36.30193],[139.20762,36.30187],[139.20766,36.30178],[139.20769,36.3017],[139.20774,36.30156],[139.20791,36.30106],[139.20792,36.30104],[139.20796,36.30092],[139.20807,36.3006],[139.20823,36.30014],[139.20831,36.2999],[139.20834,36.29989],[139.20835,36.29983],[139.20838,36.29969],[139.20841,36.29953],[139.20846,36.29932],[139.20802,36.29936],[139.20695,36.29949],[139.20659,36.2995],[139.20605,36.29951],[139.20611,36.29936],[139.20626,36.29898],[139.20652,36.29831],[139.2066,36.29833],[139.20686,36.29839],[139.20708,36.29837],[139.20757,36.2983],[139.20785,36.29824],[139.20824,36.29812],[139.20853,36.298],[139.20884,36.29788],[139.20955,36.29574],[139.20934,36.29569],[139.20953,36.2951],[139.20972,36.29453],[139.2096,36.29451],[139.20951,36.29449],[139.20943,36.29449],[139.20932,36.29448],[139.20873,36.29449],[139.20804,36.29449],[139.20787,36.29448],[139.20776,36.29448],[139.20757,36.29445],[139.20749,36.29443],[139.20715,36.29429],[139.2071,36.29427],[139.20705,36.29426],[139.20687,36.29425],[139.20684,36.29442],[139.20683,36.29453],[139.20681,36.29469],[139.20681,36.29476],[139.20681,36.29485],[139.20679,36.29497],[139.20678,36.29502],[139.20673,36.29519],[139.20673,36.2952],[139.20671,36.29523],[139.2067,36.29524],[139.2067,36.29525],[139.20669,36.29525],[139.20669,36.29526],[139.20669,36.29528],[139.20668,36.29532],[139.20666,36.29538],[139.20664,36.29543],[139.20663,36.29547],[139.20659,36.29558],[139.20656,36.29565],[139.20652,36.29577],[139.20649,36.29585],[139.20646,36.29592],[139.20643,36.296],[139.2064,36.29606],[139.20634,36.29616],[139.20632,36.2962],[139.20624,36.29634],[139.20618,36.29643],[139.20611,36.29652],[139.20604,36.2966],[139.206,36.29666],[139.20597,36.29672],[139.20593,36.29679],[139.20592,36.29681],[139.20592,36.29685],[139.20592,36.29692],[139.20593,36.29702],[139.20593,36.29712],[139.20593,36.29723],[139.20593,36.29739],[139.20592,36.29751],[139.20592,36.29756],[139.20591,36.29761],[139.20591,36.29763],[139.20591,36.29769],[139.2059,36.2978],[139.20588,36.29794],[139.20588,36.29797],[139.20587,36.29801],[139.20586,36.29803],[139.20584,36.29807],[139.20582,36.29812],[139.20581,36.29813],[139.20577,36.29823],[139.20573,36.29833],[139.20569,36.29841],[139.20565,36.29849],[139.20563,36.29851],[139.20559,36.29855],[139.20554,36.2986],[139.20547,36.29866],[139.20542,36.29871],[139.20538,36.29875],[139.20533,36.29879],[139.20529,36.29883],[139.20519,36.29892],[139.20516,36.29894],[139.20512,36.29897],[139.20498,36.29908],[139.20472,36.29929],[139.20453,36.29942],[139.20408,36.29982],[139.20392,36.29997],[139.20377,36.30014],[139.20366,36.3003],[139.20361,36.30039],[139.2036,36.30042]]]}},{"type":"Feature","properties":{"n":"第１種中高層住居専用地域","c":3,"bcr":60,"far":200},"geometry":{"type":"Polygon","coordinates":[[[139.1789,36.31708],[139.17889,36.31689],[139.17886,36.31626],[139.17882,36.31562],[139.17881,36.31531],[139.17874,36.31418],[139.1787,36.31329],[139.17868,36.31329],[139.1786,36.3133],[139.17858,36.3133],[139.1761,36.31355],[139.17583,36.31374],[139.17502,36.3135],[139.17447,36.31355],[139.17394,36.31474],[139.17409,36.31476],[139.17346,36.31622],[139.17335,36.31661],[139.1732,36.3171],[139.173,36.31707],[139.17287,36.31742],[139.17311,36.31749],[139.17265,36.31849],[139.17345,36.31861],[139.17348,36.31846],[139.17445,36.31862],[139.17455,36.31863],[139.17461,36.31837],[139.1747,36.31839],[139.17501,36.31845],[139.17631,36.31833],[139.17697,36.31828],[139.17776,36.31821],[139.1777,36.31792],[139.17884,36.31789],[139.17893,36.31789],[139.17893,36.31777],[139.17891,36.31733],[139.1789,36.31708]]]}},{"type":"Feature","properties":{"n":"第２種低層住居専用地域","c":2,"bcr":50,"far":100},"geometry":{"type":"Polygon","coordinates":[[[139.21638,36.28339],[139.21635,36.28341],[139.21616,36.28352],[139.21604,36.28359],[139.21598,36.28363],[139.21572,36.28377],[139.21548,36.28392],[139.21539,36.28398],[139.21541,36.284],[139.21556,36.28416],[139.21566,36.28428],[139.21569,36.28432],[139.2157,36.28435],[139.21572,36.28439],[139.21573,36.28443],[139.21573,36.28446],[139.21574,36.2845],[139.21573,36.28457],[139.21571,36.28463],[139.21569,36.28468],[139.21567,36.28473],[139.21565,36.28477],[139.21561,36.28482],[139.21557,36.28487],[139.21553,36.28491],[139.21548,36.28494],[139.21519,36.28515],[139.21507,36.28525],[139.21504,36.28527],[139.21501,36.2853],[139.21497,36.28533],[139.21494,36.28535],[139.21491,36.28538],[139.21488,36.28541],[139.21485,36.28544],[139.21482,36.28547],[139.21479,36.2855],[139.21478,36.28551],[139.21478,36.28551],[139.21478,36.28551],[139.21476,36.28553],[139.21475,36.28554],[139.21474,36.28555],[139.21473,36.28557],[139.2147,36.28561],[139.21466,36.28568],[139.21462,36.28575],[139.21459,36.2858],[139.21457,36.28584],[139.21453,36.28593],[139.21446,36.28612],[139.21442,36.28621],[139.21439,36.28627],[139.21434,36.2864],[139.21431,36.28649],[139.21423,36.28667],[139.21419,36.28677],[139.21411,36.28696],[139.21408,36.28705],[139.21398,36.28729],[139.21395,36.28737],[139.21381,36.28771],[139.21379,36.28777],[139.21368,36.28803],[139.21366,36.28807],[139.21365,36.28809],[139.21365,36.28809],[139.21412,36.28822],[139.21431,36.28826],[139.21444,36.28829],[139.2146,36.2883],[139.21457,36.28907],[139.21407,36.28935],[139.2136,36.28912],[139.21311,36.28888],[139.21303,36.28899],[139.21298,36.28906],[139.21291,36.28916],[139.21286,36.28922],[139.21285,36.28923],[139.21282,36.28928],[139.21278,36.28932],[139.21276,36.28935],[139.21262,36.28954],[139.21263,36.28955],[139.21285,36.28973],[139.21308,36.28992],[139.21265,36.29017],[139.21372,36.29106],[139.21409,36.29144],[139.21418,36.29153],[139.2145,36.29188],[139.21476,36.29219],[139.21481,36.29226],[139.21485,36.29235],[139.21537,36.29332],[139.21544,36.29345],[139.21563,36.2939],[139.21586,36.29447],[139.21594,36.29441],[139.21668,36.29408],[139.21727,36.29382],[139.21726,36.29361],[139.21726,36.29337],[139.21733,36.29316],[139.21733,36.2931],[139.21734,36.29303],[139.21731,36.29298],[139.21725,36.29284],[139.21712,36.29257],[139.21706,36.2924],[139.21702,36.29224],[139.21698,36.29215],[139.21686,36.29193],[139.21673,36.2917],[139.21655,36.29142],[139.21676,36.29128],[139.21689,36.2912],[139.21643,36.29069],[139.21622,36.29045],[139.21607,36.29027],[139.21589,36.29034],[139.21568,36.28994],[139.21563,36.28982],[139.21559,36.2897],[139.21556,36.28961],[139.21545,36.28935],[139.21527,36.28938],[139.21523,36.28941],[139.21519,36.28932],[139.21499,36.28887],[139.21595,36.2885],[139.21606,36.28845],[139.21655,36.28816],[139.2166,36.2881],[139.21692,36.28756],[139.2171,36.28713],[139.2173,36.28661],[139.21732,36.2866],[139.21778,36.28629],[139.21781,36.28626],[139.21719,36.28569],[139.21761,36.28558],[139.21788,36.28551],[139.21793,36.28549],[139.21814,36.28541],[139.21817,36.2854],[139.21839,36.28531],[139.21842,36.28532],[139.21822,36.28512],[139.21748,36.28441],[139.21732,36.28427],[139.21697,36.28394],[139.21682,36.28381],[139.21638,36.28339]]]}},{"type":"Feature","properties":{"n":"第２種住居地域","c":6,"bcr":60,"far":200},"geometry":{"type":"Polygon","coordinates":[[[139.22864,36.33171],[139.22859,36.3317],[139.22854,36.33167],[139.22845,36.33164],[139.22832,36.3316],[139.22828,36.33159],[139.22822,36.33157],[139.22803,36.33154],[139.22795,36.33152],[139.22784,36.3315],[139.22777,36.33147],[139.22751,36.33139],[139.22724,36.33129],[139.22719,36.33127],[139.22711,36.33125],[139.22698,36.33121],[139.22662,36.33111],[139.22662,36.33111],[139.22661,36.33111],[139.2266,36.33111],[139.2266,36.33112],[139.22659,36.33113],[139.22658,36.33116],[139.22614,36.33219],[139.22612,36.33222],[139.2261,36.33229],[139.22607,36.33236],[139.22606,36.33241],[139.22605,36.33247],[139.22604,36.3325],[139.22604,36.33252],[139.22602,36.33293],[139.22602,36.33295],[139.23057,36.33533],[139.23137,36.33574],[139.2315,36.3358],[139.23245,36.33443],[139.23297,36.33347],[139.2333,36.33276],[139.23345,36.33246],[139.23368,36.33194],[139.23409,36.33095],[139.23405,36.33094],[139.23384,36.33088],[139.23367,36.33083],[139.23364,36.33082],[139.23276,36.33058],[139.23265,36.33054],[139.23262,36.33053],[139.2325,36.3305],[139.23235,36.33046],[139.23185,36.33033],[139.2317,36.33028],[139.23147,36.33021],[139.23046,36.32993],[139.2304,36.32991],[139.23036,36.33],[139.2302,36.33037],[139.23005,36.33074],[139.23,36.33085],[139.22993,36.33102],[139.22978,36.33138],[139.22965,36.33168],[139.22962,36.33175],[139.22957,36.33181],[139.22952,36.33186],[139.22948,36.33192],[139.22936,36.33192],[139.22892,36.33179],[139.22874,36.33174],[139.22864,36.33171]]]}},{"type":"Feature","properties":{"n":"近隣商業地域","c":9,"bcr":80,"far":200},"geometry":{"type":"Polygon","coordinates":[[[139.20097,36.32076],[139.20105,36.32077],[139.20112,36.32077],[139.2014,36.32077],[139.20146,36.32077],[139.20168,36.32077],[139.20182,36.32077],[139.20202,36.32078],[139.2023,36.3208],[139.20235,36.32082],[139.20245,36.32085],[139.20251,36.32085],[139.20255,36.32085],[139.20311,36.32079],[139.20368,36.32073],[139.20383,36.32071],[139.20388,36.32071],[139.20469,36.32062],[139.20508,36.32058],[139.20543,36.32054],[139.20545,36.32048],[139.20547,36.32045],[139.20549,36.32041],[139.2055,36.32039],[139.20553,36.32023],[139.20553,36.32018],[139.20555,36.32001],[139.20555,36.31999],[139.20556,36.31997],[139.20557,36.31994],[139.2064,36.31985],[139.20659,36.31983],[139.20723,36.31976],[139.20773,36.31971],[139.20781,36.3197],[139.208,36.31968],[139.20808,36.31967],[139.20834,36.31964],[139.20829,36.31937],[139.20828,36.3193],[139.20948,36.31917],[139.21122,36.31899],[139.21214,36.3189],[139.21243,36.31886],[139.2126,36.31884],[139.2126,36.31876],[139.21257,36.31834],[139.21167,36.31847],[139.21161,36.31848],[139.21155,36.31849],[139.2115,36.31849],[139.21147,36.31848],[139.21143,36.31848],[139.21139,36.31848],[139.21134,36.31847],[139.2113,36.31846],[139.2113,36.31863],[139.21008,36.31875],[139.21007,36.31869],[139.20881,36.31873],[139.20873,36.31874],[139.20844,36.31878],[139.20837,36.31839],[139.20824,36.31761],[139.20823,36.3175],[139.20804,36.31638],[139.2079,36.31557],[139.20785,36.31556],[139.20733,36.31555],[139.20723,36.31555],[139.20711,36.31555],[139.2068,36.31554],[139.20681,36.31564],[139.20682,36.31566],[139.20689,36.31609],[139.20699,36.31669],[139.207,36.31674],[139.20715,36.31764],[139.20716,36.31769],[139.20721,36.31804],[139.20722,36.31808],[139.20722,36.31812],[139.2073,36.31856],[139.20731,36.31864],[139.20738,36.31904],[139.20641,36.31907],[139.20493,36.31909],[139.20489,36.31862],[139.20342,36.31865],[139.20337,36.31773],[139.20334,36.31718],[139.20325,36.31538],[139.20324,36.31529],[139.20324,36.31517],[139.20319,36.31522],[139.20313,36.31528],[139.20306,36.31535],[139.203,36.31542],[139.20295,36.31547],[139.20291,36.31552],[139.20285,36.31559],[139.20279,36.31567],[139.20276,36.3157],[139.20274,36.31574],[139.20228,36.31573],[139.2015,36.31572],[139.20144,36.31668],[139.19891,36.31669],[139.19798,36.3167],[139.19791,36.3167],[139.19788,36.31764],[139.20136,36.31762],[139.20103,36.31863],[139.20125,36.31878],[139.20133,36.3188],[139.20158,36.31885],[139.20131,36.31977],[139.20122,36.32002],[139.20118,36.32014],[139.20111,36.32035],[139.20109,36.32043],[139.20106,36.3205],[139.20103,36.32059],[139.201,36.32068],[139.20097,36.32076]]]}},{"type":"Feature","properties":{"n":"準工業地域","c":11,"bcr":60,"far":200},"geometry":{"type":"Polygon","coordinates":[[[139.23279,36.31997],[139.23419,36.32006],[139.23421,36.32003],[139.2342,36.31984],[139.23418,36.31966],[139.23418,36.31943],[139.23425,36.31944],[139.23427,36.31932],[139.23426,36.31928],[139.23423,36.31923],[139.2342,36.31919],[139.23418,36.31915],[139.23417,36.31912],[139.23417,36.31906],[139.23417,36.31901],[139.23418,36.31897],[139.23418,36.31894],[139.23418,36.31892],[139.2342,36.31889],[139.23428,36.31879],[139.23433,36.31872],[139.23435,36.31869],[139.23434,36.31866],[139.23434,36.31862],[139.23432,36.3186],[139.23429,36.31855],[139.23436,36.31847],[139.23439,36.31843],[139.23442,36.31835],[139.23446,36.31828],[139.23447,36.31824],[139.2345,36.31815],[139.23453,36.31809],[139.2346,36.318],[139.23463,36.318],[139.23477,36.31798],[139.23489,36.31793],[139.23492,36.31792],[139.23496,36.31791],[139.23499,36.3179],[139.23504,36.31787],[139.23506,36.31784],[139.23511,36.31784],[139.23518,36.31782],[139.23523,36.31779],[139.23526,36.31775],[139.2353,36.3177],[139.23533,36.31768],[139.23537,36.31767],[139.23542,36.31766],[139.23547,36.31763],[139.23551,36.31757],[139.23564,36.31747],[139.23597,36.3172],[139.23607,36.31715],[139.2359,36.31697],[139.23576,36.31682],[139.23574,36.3168],[139.23561,36.31686],[139.23548,36.31691],[139.23539,36.31692],[139.23533,36.31682],[139.23521,36.31685],[139.23513,36.31688],[139.23489,36.31709],[139.23446,36.31726],[139.23425,36.31758],[139.23393,36.31801],[139.23386,36.31811],[139.23385,36.31811],[139.23361,36.31844],[139.23358,36.31846],[139.23326,36.3185],[139.23308,36.31852],[139.23286,36.31855],[139.23276,36.31857],[139.23193,36.31868],[139.23182,36.31869],[139.23184,36.31878],[139.23193,36.31926],[139.23202,36.31974],[139.23192,36.31989],[139.23189,36.31996],[139.23185,36.31995],[139.23178,36.31995],[139.23165,36.31994],[139.23154,36.32031],[139.23156,36.32032],[139.23148,36.32062],[139.2314,36.32089],[139.23139,36.32092],[139.23137,36.32092],[139.23128,36.32092],[139.23114,36.32094],[139.23095,36.32095],[139.23066,36.32096],[139.23064,36.32096],[139.23039,36.32098],[139.23032,36.32098],[139.2303,36.32099],[139.23021,36.32099],[139.23019,36.321],[139.23017,36.32112],[139.23016,36.32114],[139.23008,36.32159],[139.23008,36.32162],[139.22997,36.32222],[139.22997,36.32225],[139.22997,36.32229],[139.22996,36.32233],[139.22996,36.32242],[139.22995,36.32251],[139.22994,36.32266],[139.22993,36.32272],[139.22991,36.32294],[139.2299,36.32309],[139.2299,36.32312],[139.22987,36.32345],[139.22984,36.32378],[139.22978,36.32392],[139.22967,36.32414],[139.22964,36.32426],[139.22963,36.32431],[139.22964,36.32434],[139.22964,36.32438],[139.22963,36.3244],[139.22961,36.32449],[139.22961,36.32452],[139.2296,36.32455],[139.22959,36.32457],[139.22955,36.32471],[139.22948,36.32494],[139.22946,36.32501],[139.22945,36.32504],[139.22945,36.32507],[139.22944,36.32526],[139.22942,36.32545],[139.22941,36.32557],[139.2294,36.3257],[139.22939,36.32578],[139.22938,36.32587],[139.22937,36.32595],[139.22936,36.32603],[139.22935,36.32614],[139.22934,36.32626],[139.22933,36.32638],[139.22933,36.32644],[139.22934,36.32646],[139.22934,36.32646],[139.22935,36.32647],[139.22945,36.3265],[139.22949,36.32651],[139.22988,36.32662],[139.22989,36.32665],[139.22986,36.32669],[139.22982,36.32676],[139.22975,36.32695],[139.23005,36.32703],[139.23045,36.32715],[139.23046,36.32715],[139.23047,36.32715],[139.23051,36.32706],[139.23127,36.32727],[139.23188,36.32743],[139.23232,36.32755],[139.23287,36.3277],[139.23318,36.32694],[139.23332,36.32661],[139.23373,36.32563],[139.23244,36.32529],[139.23239,36.3253],[139.2331,36.32356],[139.23289,36.32344],[139.23279,36.3234],[139.23262,36.32334],[139.23191,36.32315],[139.23157,36.32306],[139.23151,36.32308],[139.23158,36.32294],[139.23191,36.32214],[139.23233,36.32113],[139.23244,36.32118],[139.23254,36.32122],[139.23265,36.32127],[139.23294,36.32142],[139.23357,36.32177],[139.23361,36.32177],[139.23368,36.32162],[139.23376,36.32148],[139.23396,36.32098],[139.23394,36.32094],[139.23342,36.32078],[139.23327,36.32073],[139.233,36.32067],[139.23255,36.32057],[139.23279,36.31997]]]}},{"type":"Feature","properties":{"n":"第２種住居地域","c":6,"bcr":60,"far":200},"geometry":{"type":"Polygon","coordinates":[[[139.20923,36.31261],[139.20926,36.31294],[139.20939,36.31367],[139.20953,36.31453],[139.20969,36.31549],[139.20971,36.3156],[139.20972,36.31564],[139.20991,36.31676],[139.21001,36.31736],[139.21114,36.31723],[139.21237,36.3171],[139.21355,36.31697],[139.21325,36.31516],[139.2144,36.31504],[139.21399,36.31254],[139.21367,36.3106],[139.21365,36.3106],[139.21311,36.31066],[139.21309,36.31066],[139.21253,36.31072],[139.21251,36.31073],[139.21247,36.31073],[139.21192,36.31079],[139.21191,36.31079],[139.21135,36.31085],[139.21133,36.31086],[139.21131,36.31086],[139.21129,36.31089],[139.21125,36.31094],[139.2111,36.31112],[139.21099,36.31126],[139.21092,36.31133],[139.2108,36.31147],[139.21075,36.31151],[139.21071,36.31156],[139.21065,36.3116],[139.2106,36.31165],[139.21051,36.31173],[139.21042,36.31181],[139.21026,36.31194],[139.21011,36.31205],[139.20995,36.31217],[139.20979,36.31228],[139.20966,36.31236],[139.20948,36.31247],[139.2094,36.31252],[139.20923,36.31261]]]}},{"type":"Feature","properties":{"n":"第１種低層住居専用地域","c":1,"bcr":40,"far":80},"geometry":{"type":"Polygon","coordinates":[[[139.19215,36.3448],[139.19215,36.3448],[139.19229,36.34475],[139.1924,36.34471],[139.19254,36.34466],[139.19255,36.34466],[139.19259,36.34464],[139.19266,36.34462],[139.19274,36.3446],[139.19294,36.34455],[139.19296,36.34434],[139.19295,36.34431],[139.19288,36.34421],[139.19285,36.34418],[139.19276,36.34409],[139.1925,36.34383],[139.19234,36.34366],[139.1922,36.34347],[139.19204,36.34323],[139.19185,36.34302],[139.1918,36.34296],[139.1917,36.34282],[139.19172,36.34282],[139.19169,36.34279],[139.19166,36.34277],[139.19164,36.34276],[139.19162,36.34273],[139.19161,36.34271],[139.19159,36.34269],[139.19158,36.34267],[139.19157,36.34262],[139.19156,36.34257],[139.19155,36.34255],[139.1915,36.34248],[139.19135,36.34225],[139.19138,36.34224],[139.19106,36.34208],[139.19113,36.34167],[139.19114,36.34163],[139.19116,36.34149],[139.19117,36.34145],[139.19117,36.34143],[139.19132,36.34046],[139.19148,36.33947],[139.19156,36.339],[139.19036,36.33911],[139.19031,36.33909],[139.18926,36.33918],[139.18873,36.33916],[139.18873,36.33927],[139.18873,36.33931],[139.18874,36.33935],[139.18876,36.33938],[139.18879,36.33941],[139.18881,36.33944],[139.18886,36.3395],[139.18887,36.33962],[139.18869,36.33981],[139.18848,36.34006],[139.18846,36.34009],[139.18844,36.34011],[139.18841,36.34013],[139.18838,36.34016],[139.18835,36.34016],[139.18834,36.34017],[139.18833,36.34019],[139.18828,36.34027],[139.18827,36.34029],[139.18826,36.34031],[139.1881,36.34038],[139.18808,36.34039],[139.18807,36.3404],[139.18805,36.34042],[139.18788,36.34074],[139.18781,36.341],[139.18781,36.34102],[139.18781,36.34104],[139.18781,36.34105],[139.18785,36.34119],[139.18785,36.34121],[139.18785,36.34122],[139.18784,36.34124],[139.18783,36.34125],[139.18782,36.34126],[139.1878,36.34127],[139.18778,36.34127],[139.18776,36.34128],[139.18748,36.34125],[139.18746,36.34125],[139.18744,36.34126],[139.18742,36.34126],[139.1874,36.34127],[139.18739,36.34128],[139.18738,36.34129],[139.18736,36.34131],[139.18736,36.34132],[139.18733,36.34148],[139.18732,36.34153],[139.18727,36.34162],[139.18724,36.34167],[139.18728,36.34189],[139.18728,36.34191],[139.18729,36.34199],[139.18729,36.34202],[139.18729,36.34205],[139.18729,36.34207],[139.18729,36.34212],[139.18729,36.34215],[139.18728,36.34222],[139.18728,36.34228],[139.1873,36.34228],[139.18736,36.34232],[139.18738,36.34232],[139.18737,36.34241],[139.18737,36.34255],[139.18737,36.34255],[139.18736,36.34268],[139.18734,36.34278],[139.1873,36.34307],[139.18728,36.34318],[139.18725,36.34347],[139.18724,36.34357],[139.18724,36.34368],[139.18724,36.34369],[139.18724,36.34385],[139.18724,36.3439],[139.18724,36.344],[139.18724,36.34411],[139.18724,36.34423],[139.18724,36.34433],[139.18725,36.34444],[139.18725,36.34453],[139.18726,36.34464],[139.18727,36.34475],[139.18728,36.34485],[139.18729,36.34507],[139.18729,36.34509],[139.18727,36.34525],[139.18729,36.34536],[139.18732,36.34552],[139.18734,36.34559],[139.18732,36.34579],[139.18732,36.34582],[139.18829,36.34579],[139.18831,36.34579],[139.18843,36.34579],[139.18866,36.34579],[139.18904,36.34578],[139.18908,36.34578],[139.18912,36.34578],[139.18924,36.34577],[139.18928,36.34577],[139.18933,36.34577],[139.18935,36.34577],[139.18939,36.34576],[139.18941,36.34576],[139.18942,36.34576],[139.18945,36.34576],[139.1896,36.34574],[139.18961,36.34573],[139.18964,36.34573],[139.1897,36.34572],[139.18985,36.34568],[139.19006,36.34561],[139.19013,36.34558],[139.19088,36.34526],[139.19105,36.34521],[139.19107,36.3452],[139.19134,36.34509],[139.19138,36.34508],[139.19161,36.34499],[139.19178,36.3449],[139.1919,36.34486],[139.19194,36.34484],[139.19215,36.34476],[139.19215,36.3448]]]}},{"type":"Feature","properties":{"n":"第１種住居地域","c":5,"bcr":60,"far":200},"geometry":{"type":"Polygon","coordinates":[[[139.15496,36.33633],[139.15558,36.33592],[139.15704,36.33495],[139.15782,36.33443],[139.15827,36.33414],[139.15816,36.33402],[139.15915,36.33342],[139.15876,36.333],[139.15872,36.33292],[139.1584,36.33259],[139.15906,36.33176],[139.15941,36.33153],[139.15963,36.33139],[139.15962,36.33132],[139.15961,36.33119],[139.1596,36.3311],[139.1596,36.33107],[139.1596,36.33095],[139.1596,36.33093],[139.15959,36.33081],[139.15958,36.3308],[139.15956,36.33068],[139.15953,36.33059],[139.15949,36.33051],[139.15947,36.33047],[139.15941,36.33037],[139.15933,36.33027],[139.15929,36.33021],[139.15854,36.33063],[139.15819,36.33083],[139.15811,36.33088],[139.15802,36.33094],[139.15781,36.33111],[139.15762,36.33125],[139.15755,36.3313],[139.15753,36.33131],[139.15736,36.33144],[139.15731,36.33148],[139.15718,36.33156],[139.15713,36.33159],[139.15706,36.33163],[139.15699,36.33166],[139.15693,36.33169],[139.15686,36.33172],[139.15679,36.33174],[139.15673,36.33177],[139.15667,36.33179],[139.15662,36.3318],[139.15649,36.33184],[139.15638,36.33186],[139.15624,36.33189],[139.15611,36.33191],[139.15572,36.33198],[139.15548,36.33203],[139.15543,36.33204],[139.15528,36.33206],[139.15506,36.33211],[139.15486,36.33214],[139.15482,36.33215],[139.15416,36.33228],[139.15396,36.33232],[139.15354,36.3324],[139.15305,36.33248],[139.1528,36.33252],[139.15262,36.33256],[139.15268,36.33302],[139.1527,36.3333],[139.1527,36.33337],[139.15271,36.33346],[139.15271,36.3335],[139.15271,36.33371],[139.1527,36.33389],[139.15269,36.33406],[139.15266,36.33434],[139.15264,36.33444],[139.15261,36.33466],[139.15255,36.33492],[139.15252,36.33503],[139.15246,36.33524],[139.15242,36.33534],[139.1522,36.33595],[139.15216,36.33606],[139.15211,36.33622],[139.15209,36.33633],[139.15207,36.33638],[139.15206,36.33651],[139.15204,36.33666],[139.15204,36.33675],[139.15204,36.33684],[139.15205,36.33697],[139.15207,36.33708],[139.15207,36.33713],[139.1521,36.33725],[139.1521,36.33727],[139.15213,36.3374],[139.15215,36.33747],[139.15232,36.33797],[139.15299,36.33782],[139.15306,36.33777],[139.15333,36.33756],[139.15393,36.33711],[139.15433,36.3368],[139.15496,36.33633]]]}},{"type":"Feature","properties":{"n":"第１種中高層住居専用地域","c":3,"bcr":60,"far":200},"geometry":{"type":"Polygon","coordinates":[[[139.18251,36.33091],[139.18404,36.33003],[139.18554,36.32918],[139.18557,36.3291],[139.18568,36.32865],[139.18576,36.32829],[139.18564,36.32706],[139.18563,36.32699],[139.18562,36.32686],[139.18561,36.32683],[139.18559,36.32661],[139.18559,36.32655],[139.18559,36.3265],[139.18557,36.32638],[139.18556,36.32627],[139.18556,36.3262],[139.18537,36.32625],[139.18506,36.32633],[139.185,36.32634],[139.18484,36.32639],[139.18462,36.32646],[139.18447,36.3265],[139.18436,36.32653],[139.18425,36.32656],[139.1842,36.32657],[139.18413,36.32658],[139.18407,36.32658],[139.18384,36.32661],[139.1838,36.32661],[139.18376,36.32661],[139.18365,36.32658],[139.18324,36.32651],[139.18308,36.3265],[139.18295,36.32648],[139.1828,36.32648],[139.18261,36.32649],[139.18258,36.3265],[139.18252,36.3265],[139.18214,36.32652],[139.18122,36.32655],[139.18029,36.32661],[139.18003,36.3267],[139.1796,36.32692],[139.17954,36.32694],[139.17947,36.32697],[139.1794,36.327],[139.17928,36.32704],[139.17917,36.32707],[139.17905,36.32711],[139.17885,36.32713],[139.17877,36.32716],[139.17868,36.3272],[139.17858,36.32725],[139.17845,36.32732],[139.17834,36.32739],[139.17822,36.32747],[139.17799,36.3276],[139.17791,36.32766],[139.17775,36.3278],[139.17768,36.32787],[139.17756,36.32799],[139.17752,36.32805],[139.17734,36.32838],[139.17734,36.32839],[139.17731,36.32838],[139.1773,36.32846],[139.1773,36.32849],[139.17729,36.32851],[139.17729,36.32855],[139.17728,36.32858],[139.17727,36.32862],[139.17725,36.32865],[139.17724,36.32868],[139.17723,36.32871],[139.17722,36.32874],[139.17725,36.32894],[139.1773,36.32912],[139.1773,36.32914],[139.17731,36.32916],[139.17732,36.32917],[139.17733,36.32919],[139.17736,36.32921],[139.17738,36.32923],[139.17753,36.32935],[139.17756,36.32937],[139.17758,36.32939],[139.1776,36.32941],[139.17761,36.32943],[139.17763,36.32945],[139.17764,36.32949],[139.17768,36.32957],[139.17768,36.32959],[139.17776,36.32991],[139.17778,36.33005],[139.17781,36.33018],[139.17782,36.33024],[139.17783,36.33026],[139.17783,36.33027],[139.17784,36.33028],[139.17785,36.33028],[139.17786,36.33029],[139.17787,36.3303],[139.17788,36.3303],[139.1779,36.33031],[139.17792,36.33031],[139.17794,36.33032],[139.17796,36.33032],[139.17797,36.33033],[139.17798,36.33034],[139.17799,36.33035],[139.17799,36.33035],[139.178,36.33036],[139.17802,36.33044],[139.17805,36.33058],[139.17816,36.33077],[139.17811,36.3308],[139.17804,36.33085],[139.178,36.33089],[139.17791,36.33098],[139.17777,36.33116],[139.17794,36.33121],[139.17797,36.33122],[139.17801,36.33123],[139.17806,36.33123],[139.17809,36.33123],[139.17853,36.33124],[139.1789,36.33099],[139.1789,36.33098],[139.17922,36.33071],[139.17926,36.33069],[139.17928,36.33068],[139.17931,36.33067],[139.17934,36.33066],[139.17937,36.33065],[139.17942,36.33064],[139.1795,36.33062],[139.17955,36.33061],[139.1796,36.3306],[139.17964,36.33058],[139.17968,36.33057],[139.17977,36.33053],[139.17987,36.33048],[139.17992,36.33045],[139.17995,36.33044],[139.17997,36.33042],[139.18,36.33039],[139.18008,36.33032],[139.18021,36.33021],[139.1803,36.33014],[139.18037,36.33009],[139.18042,36.33005],[139.18045,36.33003],[139.18046,36.33003],[139.1805,36.33001],[139.18058,36.32998],[139.18062,36.32997],[139.18065,36.32995],[139.18067,36.32993],[139.18069,36.32992],[139.18071,36.3299],[139.18073,36.32987],[139.18075,36.32985],[139.18077,36.32981],[139.18081,36.32975],[139.18082,36.32974],[139.18083,36.32973],[139.18084,36.32972],[139.18086,36.32971],[139.18088,36.32969],[139.18091,36.32968],[139.18095,36.32965],[139.18099,36.32963],[139.18101,36.32961],[139.18103,36.32959],[139.18105,36.32957],[139.18108,36.32954],[139.18121,36.32939],[139.18123,36.32937],[139.18124,36.32936],[139.18126,36.32934],[139.18129,36.32932],[139.18132,36.3293],[139.18134,36.32929],[139.18137,36.32927],[139.18141,36.32925],[139.18144,36.32924],[139.18147,36.32923],[139.18151,36.32922],[139.18155,36.32921],[139.18159,36.3292],[139.18164,36.3292],[139.18168,36.32919],[139.18173,36.32919],[139.18177,36.32919],[139.18179,36.32919],[139.18184,36.32919],[139.18188,36.32918],[139.18192,36.32917],[139.18196,36.32917],[139.18201,36.32915],[139.18201,36.32914],[139.18212,36.32912],[139.18219,36.32911],[139.18223,36.3291],[139.18226,36.32909],[139.18229,36.32908],[139.1823,36.32907],[139.18236,36.32916],[139.18235,36.32917],[139.18232,36.3292],[139.18231,36.32922],[139.1823,36.32925],[139.18229,36.32928],[139.18229,36.3293],[139.1823,36.32933],[139.18236,36.32948],[139.18238,36.32955],[139.18241,36.32964],[139.18242,36.32968],[139.18243,36.32973],[139.18244,36.32976],[139.18244,36.3298],[139.18244,36.32983],[139.18244,36.32987],[139.18243,36.32991],[139.18243,36.32995],[139.18242,36.32998],[139.18242,36.33001],[139.18241,36.33004],[139.1824,36.33007],[139.18237,36.33013],[139.18236,36.33014],[139.18235,36.33015],[139.18235,36.33017],[139.18234,36.33018],[139.18234,36.33021],[139.18234,36.33023],[139.18234,36.33025],[139.18234,36.33028],[139.18234,36.3303],[139.18235,36.33033],[139.18236,36.33036],[139.18237,36.33038],[139.18238,36.33041],[139.1824,36.33045],[139.18242,36.33048],[139.18243,36.33052],[139.18245,36.33056],[139.18246,36.33059],[139.18247,36.33063],[139.18248,36.33067],[139.18249,36.33071],[139.1825,36.33075],[139.1825,36.33077],[139.1825,36.3308],[139.1825,36.33083],[139.1825,36.33086],[139.18251,36.33088],[139.18251,36.33091]]]}},{"type":"Feature","properties":{"n":"第１種中高層住居専用地域","c":3,"bcr":60,"far":200},"geometry":{"type":"Polygon","coordinates":[[[139.19848,36.30733],[139.19855,36.30731],[139.1987,36.30728],[139.19892,36.30718],[139.19914,36.30705],[139.19937,36.30691],[139.19958,36.30678],[139.19983,36.30662],[139.19987,36.3065],[139.20148,36.30481],[139.20153,36.30476],[139.20151,36.30475],[139.20145,36.3047],[139.20143,36.30469],[139.20142,36.30468],[139.2014,36.30467],[139.20138,36.30467],[139.20134,36.30466],[139.20131,36.30466],[139.20128,36.30467],[139.20123,36.30468],[139.20115,36.3047],[139.20109,36.30472],[139.20103,36.30475],[139.20102,36.30475],[139.2008,36.30484],[139.20072,36.30487],[139.20064,36.3049],[139.20052,36.30493],[139.20044,36.30495],[139.20035,36.30497],[139.20027,36.30499],[139.2001,36.30502],[139.20002,36.30503],[139.19996,36.30504],[139.19992,36.30505],[139.19986,36.30506],[139.1998,36.30506],[139.19975,36.30507],[139.1997,36.30507],[139.19963,36.30508],[139.19948,36.30508],[139.19938,36.30508],[139.19914,36.30507],[139.19908,36.30507],[139.19907,36.30507],[139.19888,36.30507],[139.19867,36.30506],[139.19853,36.30506],[139.19836,36.30506],[139.19832,36.30506],[139.19812,36.30507],[139.19807,36.30508],[139.19805,36.30508],[139.19795,36.30509],[139.19789,36.3051],[139.19786,36.30511],[139.19778,36.30512],[139.19766,36.30514],[139.19757,36.30516],[139.19741,36.3052],[139.19737,36.30521],[139.19736,36.30522],[139.19729,36.30524],[139.19718,36.30527],[139.19711,36.30529],[139.19692,36.30535],[139.19654,36.30548],[139.19642,36.30552],[139.19619,36.30561],[139.1961,36.30565],[139.19597,36.30571],[139.19581,36.30578],[139.19574,36.30582],[139.19566,36.30586],[139.19549,36.30597],[139.19536,36.30606],[139.19523,36.30616],[139.19516,36.30621],[139.19505,36.3063],[139.19489,36.30643],[139.19482,36.30649],[139.19474,36.30656],[139.19462,36.30667],[139.19448,36.30681],[139.19439,36.30692],[139.1943,36.30702],[139.19421,36.30712],[139.19415,36.30719],[139.19408,36.30728],[139.19401,36.30736],[139.19393,36.30746],[139.1939,36.30751],[139.19384,36.30758],[139.19373,36.30772],[139.19363,36.30787],[139.19354,36.30798],[139.19347,36.30809],[139.1934,36.30819],[139.19335,36.30826],[139.19334,36.30827],[139.19333,36.3083],[139.19329,36.30835],[139.19321,36.30847],[139.19318,36.30853],[139.19316,36.30856],[139.19311,36.30863],[139.19303,36.30874],[139.19297,36.30882],[139.19288,36.30892],[139.19282,36.30899],[139.19274,36.30907],[139.19268,36.30913],[139.19258,36.30922],[139.19246,36.30932],[139.19231,36.30945],[139.1922,36.30954],[139.19215,36.30957],[139.1921,36.30962],[139.19198,36.30972],[139.19193,36.30975],[139.19197,36.3098],[139.19199,36.30982],[139.19213,36.30998],[139.19254,36.31049],[139.19266,36.31062],[139.19279,36.31075],[139.19288,36.31083],[139.19302,36.31097],[139.19311,36.31107],[139.19339,36.31112],[139.19353,36.31115],[139.19369,36.31117],[139.19379,36.31119],[139.19385,36.3112],[139.19391,36.31121],[139.19406,36.31124],[139.19427,36.31127],[139.19447,36.31131],[139.19461,36.31133],[139.19474,36.31135],[139.19484,36.31137],[139.19493,36.31137],[139.19493,36.31137],[139.19499,36.31138],[139.19504,36.31138],[139.1951,36.31139],[139.19519,36.31139],[139.19521,36.31139],[139.19531,36.31139],[139.19544,36.3114],[139.19563,36.31139],[139.19587,36.311],[139.1969,36.31094],[139.1976,36.3109],[139.19757,36.31049],[139.19743,36.30889],[139.19738,36.30886],[139.19737,36.30847],[139.19732,36.30753],[139.19733,36.30753],[139.19742,36.30751],[139.19753,36.30748],[139.19761,36.30746],[139.19764,36.30746],[139.19794,36.30741],[139.198,36.30741],[139.19809,36.30739],[139.19815,36.30739],[139.19817,36.30738],[139.19818,36.3074],[139.19837,36.30736],[139.19848,36.30733]]]}},{"type":"Feature","properties":{"n":"工業地域","c":12,"bcr":60,"far":200},"geometry":{"type":"Polygon","coordinates":[[[139.19895,36.33197],[139.19729,36.33213],[139.19585,36.33226],[139.19539,36.3323],[139.19434,36.33241],[139.19162,36.33267],[139.19161,36.33275],[139.19158,36.33333],[139.19157,36.33343],[139.19156,36.33365],[139.19157,36.33417],[139.19156,36.33453],[139.19181,36.33451],[139.19183,36.33467],[139.19205,36.33465],[139.19206,36.33467],[139.19282,36.3346],[139.19294,36.33545],[139.19413,36.33534],[139.19428,36.33641],[139.19438,36.33715],[139.19504,36.33696],[139.19537,36.33686],[139.19579,36.33675],[139.19618,36.33663],[139.1975,36.33625],[139.19751,36.3363],[139.19827,36.33605],[139.19831,36.33642],[139.19834,36.3367],[139.19837,36.33709],[139.19838,36.33716],[139.19866,36.33713],[139.19886,36.33711],[139.199,36.3371],[139.19912,36.33709],[139.19931,36.33707],[139.1994,36.33706],[139.19938,36.3367],[139.19931,36.33601],[139.19924,36.33526],[139.19915,36.33429],[139.19909,36.33355],[139.19898,36.33247],[139.19895,36.33197]]]}},{"type":"Feature","properties":{"n":"第１種中高層住居専用地域","c":3,"bcr":60,"far":200},"geometry":{"type":"Polygon","coordinates":[[[139.15287,36.32758],[139.1528,36.32842],[139.15273,36.32932],[139.15273,36.32936],[139.15272,36.32969],[139.15272,36.32973],[139.15273,36.32984],[139.15274,36.33001],[139.15275,36.33026],[139.15276,36.33032],[139.15277,36.33046],[139.1528,36.33065],[139.15284,36.33097],[139.1529,36.33137],[139.15305,36.33248],[139.15354,36.3324],[139.15396,36.33232],[139.15416,36.33228],[139.15482,36.33215],[139.15486,36.33214],[139.15506,36.33211],[139.15528,36.33206],[139.15543,36.33204],[139.15548,36.33203],[139.15572,36.33198],[139.15611,36.33191],[139.15624,36.33189],[139.15638,36.33186],[139.15649,36.33184],[139.15662,36.3318],[139.15667,36.33179],[139.15673,36.33177],[139.15679,36.33174],[139.15686,36.33172],[139.15693,36.33169],[139.15699,36.33166],[139.15706,36.33163],[139.15713,36.33159],[139.15718,36.33156],[139.15731,36.33148],[139.15736,36.33144],[139.15753,36.33131],[139.15755,36.3313],[139.15762,36.33125],[139.15781,36.33111],[139.15802,36.33094],[139.15811,36.33088],[139.15819,36.33083],[139.15854,36.33063],[139.15929,36.33021],[139.15924,36.33015],[139.15903,36.32985],[139.15902,36.32984],[139.15906,36.32981],[139.15915,36.32976],[139.15917,36.32975],[139.15928,36.32969],[139.1594,36.32962],[139.15946,36.32959],[139.15914,36.32916],[139.15854,36.32833],[139.15852,36.3283],[139.15907,36.3281],[139.15953,36.32792],[139.15924,36.32742],[139.15884,36.32757],[139.15876,36.32742],[139.15832,36.32669],[139.15828,36.32671],[139.15799,36.32672],[139.15776,36.32673],[139.15765,36.32673],[139.15755,36.32674],[139.15744,36.32674],[139.15728,36.32675],[139.15712,36.32675],[139.15682,36.32677],[139.15674,36.32677],[139.1567,36.32677],[139.15666,36.32678],[139.15662,36.32678],[139.15659,36.32678],[139.15648,36.3268],[139.15632,36.32683],[139.15627,36.32684],[139.15611,36.32687],[139.15599,36.32689],[139.15588,36.32692],[139.15556,36.32703],[139.15539,36.32709],[139.15529,36.32712],[139.15502,36.32722],[139.15488,36.32728],[139.15477,36.32734],[139.15466,36.32738],[139.15448,36.32743],[139.15437,36.32746],[139.15432,36.32748],[139.15424,36.32751],[139.15414,36.32755],[139.1541,36.32756],[139.15407,36.32758],[139.15404,36.32759],[139.15402,36.3276],[139.15399,36.32762],[139.15397,36.32763],[139.15394,36.32765],[139.15392,36.32766],[139.15391,36.32767],[139.15387,36.32769],[139.15384,36.3277],[139.15383,36.32771],[139.15381,36.32772],[139.15379,36.32772],[139.15377,36.32773],[139.15375,36.32773],[139.15372,36.32773],[139.15371,36.32773],[139.15368,36.32773],[139.15357,36.32769],[139.15353,36.32768],[139.1535,36.32767],[139.15347,36.32767],[139.15344,36.32766],[139.15341,36.32766],[139.15333,36.32765],[139.15325,36.32765],[139.15319,36.32765],[139.15315,36.32764],[139.15307,36.32763],[139.15297,36.3276],[139.15287,36.32758]]]}},{"type":"Feature","properties":{"n":"第１種中高層住居専用地域","c":3,"bcr":60,"far":200},"geometry":{"type":"Polygon","coordinates":[[[139.26372,36.27974],[139.26418,36.27967],[139.26449,36.27962],[139.26514,36.27951],[139.26535,36.27948],[139.26549,36.27946],[139.26667,36.27926],[139.26699,36.2792],[139.26725,36.27916],[139.26735,36.27914],[139.26766,36.27909],[139.26804,36.27903],[139.26823,36.279],[139.26831,36.27898],[139.26838,36.27911],[139.26845,36.27936],[139.2691,36.27934],[139.26972,36.27931],[139.27036,36.27929],[139.27069,36.27927],[139.27128,36.27925],[139.2717,36.27922],[139.27175,36.27899],[139.27187,36.27844],[139.27194,36.27809],[139.27197,36.27796],[139.27201,36.27777],[139.27203,36.27777],[139.27209,36.27778],[139.27207,36.27764],[139.27196,36.27708],[139.27184,36.27666],[139.27166,36.2761],[139.27144,36.27537],[139.27143,36.27534],[139.27023,36.27553],[139.26962,36.27563],[139.26922,36.2757],[139.26839,36.27584],[139.2677,36.27595],[139.26749,36.27604],[139.2671,36.27611],[139.26691,36.27614],[139.26682,36.27615],[139.26667,36.27618],[139.26624,36.27625],[139.26602,36.27628],[139.26576,36.27632],[139.26536,36.27639],[139.26525,36.27641],[139.26477,36.27649],[139.26463,36.27651],[139.26329,36.27673],[139.26261,36.27684],[139.26258,36.27685],[139.26258,36.27687],[139.2627,36.2773],[139.26273,36.27742],[139.26304,36.27858],[139.26308,36.27871],[139.26315,36.27898],[139.26331,36.27958],[139.26335,36.27975],[139.26337,36.2798],[139.26372,36.27974]],[[139.26439,36.27821],[139.26504,36.27811],[139.26516,36.27809],[139.26546,36.27804],[139.26618,36.27792],[139.26621,36.27794],[139.26625,36.27812],[139.26623,36.27815],[139.26605,36.27818],[139.2652,36.27832],[139.2651,36.27832],[139.26484,36.27837],[139.26452,36.27842],[139.26445,36.27843],[139.26439,36.27821]]]}},{"type":"Feature","properties":{"n":"第２種住居地域","c":6,"bcr":60,"far":200},"geometry":{"type":"Polygon","coordinates":[[[139.19891,36.31391],[139.19891,36.3147],[139.19891,36.31669],[139.20144,36.31668],[139.2015,36.31572],[139.20228,36.31573],[139.20274,36.31574],[139.20276,36.3157],[139.20279,36.31567],[139.20285,36.31559],[139.20291,36.31552],[139.20295,36.31547],[139.203,36.31542],[139.20306,36.31535],[139.20313,36.31528],[139.20319,36.31522],[139.20324,36.31517],[139.20324,36.31529],[139.20325,36.31538],[139.20334,36.31718],[139.20337,36.31773],[139.20342,36.31865],[139.20489,36.31862],[139.20493,36.31909],[139.20641,36.31907],[139.20738,36.31904],[139.20731,36.31864],[139.2073,36.31856],[139.20722,36.31812],[139.20722,36.31808],[139.20721,36.31804],[139.20716,36.31769],[139.20715,36.31764],[139.207,36.31674],[139.20699,36.31669],[139.20689,36.31609],[139.20682,36.31566],[139.20681,36.31564],[139.2068,36.31554],[139.20711,36.31555],[139.20723,36.31555],[139.20687,36.31345],[139.20674,36.3135],[139.20667,36.31353],[139.20645,36.31361],[139.20613,36.31373],[139.20581,36.31385],[139.20546,36.31398],[139.20511,36.31411],[139.20494,36.31417],[139.20478,36.31424],[139.20462,36.3143],[139.20447,36.31436],[139.2044,36.31439],[139.20396,36.31364],[139.20225,36.31373],[139.20155,36.31377],[139.19981,36.31386],[139.19891,36.31391]]]}},{"type":"Feature","properties":{"n":"第１種低層住居専用地域","c":1,"bcr":40,"far":80},"geometry":{"type":"Polygon","coordinates":[[[139.20884,36.32599],[139.20884,36.32603],[139.20884,36.32606],[139.20882,36.32616],[139.20878,36.32634],[139.20875,36.32646],[139.20871,36.3266],[139.20869,36.32668],[139.20866,36.32675],[139.20862,36.32686],[139.20857,36.32695],[139.20849,36.32712],[139.20846,36.32717],[139.20844,36.32722],[139.20843,36.32725],[139.20838,36.32734],[139.20835,36.3274],[139.20834,36.32742],[139.20831,36.32748],[139.20831,36.32749],[139.20831,36.32749],[139.2083,36.32755],[139.20828,36.3276],[139.20826,36.32764],[139.20822,36.32772],[139.20822,36.32773],[139.20749,36.32919],[139.20761,36.32923],[139.20789,36.3293],[139.20809,36.32935],[139.20821,36.32937],[139.20834,36.32939],[139.20837,36.32939],[139.20844,36.32942],[139.2085,36.32944],[139.20874,36.32958],[139.20892,36.32957],[139.20902,36.32957],[139.20911,36.32958],[139.20915,36.32958],[139.20948,36.32964],[139.20961,36.32974],[139.20974,36.32984],[139.20984,36.32992],[139.20991,36.33],[139.20997,36.33006],[139.21001,36.33012],[139.21009,36.33029],[139.21014,36.33037],[139.21016,36.3304],[139.21019,36.33042],[139.21021,36.33044],[139.21027,36.33048],[139.21036,36.33055],[139.21041,36.3306],[139.21044,36.33064],[139.21047,36.33069],[139.21053,36.33082],[139.21131,36.33091],[139.21249,36.33106],[139.21249,36.33115],[139.2125,36.3312],[139.21251,36.33126],[139.21253,36.33135],[139.2127,36.33205],[139.21295,36.33224],[139.21297,36.33225],[139.21331,36.33251],[139.21384,36.33292],[139.21457,36.33352],[139.21535,36.33367],[139.21543,36.33335],[139.21556,36.33339],[139.21564,36.33348],[139.2157,36.3335],[139.21575,36.3335],[139.21574,36.33346],[139.21574,36.33345],[139.21574,36.33343],[139.21574,36.33341],[139.21575,36.33338],[139.21576,36.33335],[139.21578,36.3333],[139.21583,36.33322],[139.21591,36.3331],[139.21594,36.33306],[139.21599,36.33297],[139.21601,36.33294],[139.21601,36.33292],[139.21603,36.33285],[139.21604,36.33283],[139.21603,36.33278],[139.21603,36.33277],[139.21605,36.3327],[139.21631,36.33234],[139.2164,36.33218],[139.21611,36.33219],[139.21608,36.33219],[139.21608,36.33216],[139.21605,36.33185],[139.21621,36.33178],[139.21621,36.33178],[139.21621,36.33177],[139.21621,36.33166],[139.21621,36.33164],[139.21619,36.33162],[139.21611,36.33149],[139.21607,36.33141],[139.21605,36.33136],[139.21603,36.33131],[139.216,36.3312],[139.21632,36.33103],[139.21642,36.33097],[139.21649,36.33092],[139.21653,36.33089],[139.21659,36.33083],[139.21665,36.33076],[139.21674,36.33065],[139.21677,36.3306],[139.2168,36.33054],[139.21684,36.33043],[139.21687,36.33035],[139.2169,36.33028],[139.21691,36.33019],[139.21694,36.32977],[139.21602,36.32967],[139.21578,36.32964],[139.21562,36.32965],[139.21567,36.32928],[139.2156,36.32918],[139.21565,36.32891],[139.21568,36.32886],[139.21579,36.32874],[139.21585,36.32862],[139.21587,36.32857],[139.21557,36.32857],[139.21552,36.32859],[139.21518,36.3286],[139.21508,36.32805],[139.21507,36.32798],[139.21507,36.32787],[139.21474,36.32771],[139.2144,36.32766],[139.21412,36.32762],[139.21389,36.32758],[139.21372,36.32755],[139.2136,36.32752],[139.21361,36.32768],[139.21365,36.32819],[139.21368,36.32846],[139.21306,36.32846],[139.21289,36.32846],[139.2125,36.32847],[139.21209,36.32849],[139.21181,36.3285],[139.21175,36.32851],[139.21151,36.3285],[139.21062,36.32848],[139.21061,36.32828],[139.2106,36.32817],[139.21061,36.32785],[139.20998,36.32785],[139.20999,36.3277],[139.21004,36.32701],[139.20991,36.32665],[139.20989,36.32657],[139.20988,36.32645],[139.20975,36.32636],[139.20966,36.32629],[139.20961,36.32622],[139.20956,36.32616],[139.20951,36.32609],[139.20928,36.32606],[139.20921,36.32604],[139.20914,36.32603],[139.20884,36.32599],[139.20884,36.32599]]]}},{"type":"Feature","properties":{"n":"第１種住居地域","c":5,"bcr":60,"far":200},"geometry":{"type":"Polygon","coordinates":[[[139.19215,36.3448],[139.19216,36.34502],[139.19224,36.34511],[139.19228,36.34516],[139.19236,36.34523],[139.19242,36.34526],[139.19243,36.34529],[139.19244,36.34532],[139.19245,36.34536],[139.19255,36.34545],[139.19257,36.34548],[139.19261,36.34559],[139.19266,36.34569],[139.1927,36.3457],[139.19294,36.34575],[139.19299,36.34575],[139.19301,36.34576],[139.19308,36.34573],[139.1931,36.34573],[139.19313,36.34573],[139.19317,36.34573],[139.19325,36.34575],[139.19329,36.34576],[139.19334,36.34585],[139.19335,36.34586],[139.19349,36.3459],[139.19354,36.34593],[139.19357,36.34596],[139.1937,36.34614],[139.19372,36.34617],[139.19367,36.34624],[139.19366,36.34626],[139.19365,36.34628],[139.19364,36.3463],[139.19363,36.34632],[139.19354,36.34645],[139.1935,36.34656],[139.19349,36.34661],[139.19349,36.34662],[139.1935,36.34664],[139.19354,36.34668],[139.19359,36.34671],[139.19406,36.34673],[139.19414,36.34661],[139.19429,36.34668],[139.1943,36.34666],[139.19436,36.34668],[139.19438,36.34669],[139.19449,36.34671],[139.19452,36.3468],[139.19477,36.34701],[139.1949,36.34716],[139.19492,36.34718],[139.19493,36.34722],[139.19495,36.34726],[139.19498,36.3473],[139.19502,36.34733],[139.19506,36.34736],[139.1951,36.34737],[139.19514,36.34738],[139.19523,36.34738],[139.19529,36.34738],[139.19533,36.34737],[139.19534,36.34742],[139.19534,36.34748],[139.19535,36.34752],[139.19535,36.34757],[139.19535,36.34762],[139.19535,36.34764],[139.19535,36.34766],[139.19535,36.34769],[139.19534,36.34772],[139.19533,36.34776],[139.19531,36.34779],[139.19529,36.34783],[139.19528,36.34785],[139.19527,36.34787],[139.19527,36.34789],[139.19527,36.3479],[139.19526,36.34793],[139.19527,36.34795],[139.19528,36.34807],[139.19692,36.34817],[139.19709,36.34821],[139.19783,36.34832],[139.19831,36.34839],[139.19925,36.34853],[139.19925,36.34853],[139.19939,36.34851],[139.19953,36.34842],[139.19964,36.34831],[139.19967,36.34808],[139.19972,36.34802],[139.19975,36.34794],[139.19983,36.34778],[139.19984,36.34778],[139.19984,36.34777],[139.19981,36.34772],[139.19979,36.34768],[139.19979,36.34766],[139.19978,36.34764],[139.19978,36.34762],[139.1998,36.34753],[139.19981,36.34749],[139.19982,36.34747],[139.19982,36.3474],[139.19981,36.34711],[139.19985,36.34712],[139.20025,36.34727],[139.20028,36.34729],[139.20029,36.34726],[139.20032,36.34721],[139.20036,36.34706],[139.20041,36.34691],[139.20043,36.34687],[139.20043,36.34686],[139.20045,36.34681],[139.20046,36.34676],[139.20048,36.3467],[139.20049,36.34667],[139.2005,36.34663],[139.20051,36.34658],[139.20052,36.34652],[139.20059,36.34619],[139.2006,36.34616],[139.20068,36.34579],[139.20069,36.34577],[139.2007,36.34573],[139.20071,36.3457],[139.20072,36.34566],[139.20073,36.34562],[139.20074,36.3456],[139.20075,36.34557],[139.20077,36.34553],[139.20078,36.34549],[139.20078,36.34548],[139.20079,36.34547],[139.20079,36.34546],[139.20081,36.34544],[139.20082,36.34541],[139.20082,36.3454],[139.20084,36.34537],[139.20085,36.34536],[139.20088,36.3453],[139.20088,36.3453],[139.20094,36.3452],[139.20098,36.3452],[139.20102,36.34514],[139.20117,36.34492],[139.20132,36.34462],[139.2014,36.3445],[139.20145,36.34442],[139.20145,36.34441],[139.20145,36.34441],[139.20149,36.34437],[139.2015,36.34435],[139.20145,36.34432],[139.20139,36.34428],[139.20125,36.34419],[139.20113,36.34411],[139.20104,36.34404],[139.20099,36.344],[139.20094,36.34395],[139.20084,36.34384],[139.20076,36.34375],[139.20068,36.34362],[139.20061,36.3435],[139.20057,36.34345],[139.20057,36.34343],[139.20036,36.34343],[139.2003,36.34343],[139.20023,36.34343],[139.20007,36.34342],[139.19811,36.3435],[139.19798,36.34352],[139.19752,36.34354],[139.19759,36.34387],[139.19736,36.34388],[139.19654,36.34395],[139.1964,36.34396],[139.19631,36.34397],[139.19564,36.34404],[139.19531,36.34404],[139.1951,36.34406],[139.19466,36.34409],[139.19451,36.34412],[139.19436,36.34414],[139.19427,36.34417],[139.1936,36.34436],[139.19294,36.34455],[139.19274,36.3446],[139.19266,36.34462],[139.19259,36.34464],[139.19255,36.34466],[139.19254,36.34466],[139.1924,36.34471],[139.19229,36.34475],[139.19215,36.3448],[139.19215,36.3448]]]}},{"type":"Feature","properties":{"n":"準住居地域","c":7,"bcr":60,"far":200},"geometry":{"type":"Polygon","coordinates":[[[139.21701,36.30047],[139.217,36.3004],[139.2168,36.29948],[139.21672,36.29905],[139.2167,36.29897],[139.2166,36.29848],[139.21639,36.29744],[139.21637,36.29738],[139.21569,36.29741],[139.21528,36.29543],[139.21726,36.2945],[139.21724,36.29445],[139.21724,36.29437],[139.21724,36.29435],[139.21724,36.29432],[139.21725,36.29432],[139.21727,36.29432],[139.21729,36.29433],[139.21727,36.29385],[139.21727,36.29382],[139.21668,36.29408],[139.21594,36.29441],[139.21586,36.29447],[139.21583,36.29448],[139.21526,36.29475],[139.21525,36.29476],[139.21507,36.29487],[139.21453,36.29513],[139.21447,36.29512],[139.21371,36.29549],[139.21288,36.29588],[139.21276,36.29591],[139.21056,36.29696],[139.21044,36.29678],[139.21069,36.29606],[139.21072,36.29596],[139.21123,36.2944],[139.21138,36.29397],[139.21086,36.29386],[139.21024,36.29372],[139.21,36.29368],[139.20972,36.29453],[139.20953,36.2951],[139.20934,36.29569],[139.20955,36.29574],[139.20884,36.29788],[139.20853,36.298],[139.20824,36.29812],[139.20785,36.29824],[139.20757,36.2983],[139.20708,36.29837],[139.20686,36.29839],[139.2066,36.29833],[139.20652,36.29831],[139.20626,36.29898],[139.20611,36.29936],[139.20605,36.29951],[139.20659,36.2995],[139.20695,36.29949],[139.20802,36.29936],[139.20846,36.29932],[139.20849,36.29918],[139.20889,36.29913],[139.209,36.29912],[139.20904,36.299],[139.20911,36.29879],[139.20922,36.29882],[139.20947,36.2989],[139.2097,36.29838],[139.20997,36.29846],[139.21148,36.29773],[139.21256,36.2972],[139.21298,36.29709],[139.21356,36.29694],[139.21477,36.29636],[139.21497,36.29738],[139.21501,36.29751],[139.21523,36.29857],[139.21533,36.29906],[139.2156,36.3004],[139.21562,36.3005],[139.21563,36.30054],[139.21579,36.30117],[139.21558,36.30192],[139.2161,36.30194],[139.21603,36.30284],[139.21551,36.30279],[139.21547,36.30327],[139.21513,36.30326],[139.21509,36.30376],[139.21418,36.30368],[139.21417,36.30378],[139.2141,36.30394],[139.21408,36.30398],[139.21405,36.30406],[139.21401,36.30413],[139.21397,36.30421],[139.21392,36.30433],[139.21389,36.30438],[139.21368,36.3047],[139.21362,36.30479],[139.21357,36.30493],[139.21356,36.30512],[139.21352,36.30532],[139.21358,36.30533],[139.21368,36.30535],[139.21373,36.30536],[139.21379,36.30536],[139.21385,36.30536],[139.21387,36.30537],[139.21392,36.30538],[139.21398,36.3054],[139.21364,36.30561],[139.21349,36.3057],[139.21339,36.30577],[139.21344,36.30581],[139.21358,36.30593],[139.21374,36.30607],[139.21378,36.3061],[139.21383,36.30604],[139.21391,36.30592],[139.21397,36.30585],[139.21397,36.30584],[139.21461,36.30596],[139.21463,36.30597],[139.21472,36.30585],[139.21475,36.30585],[139.21478,36.30586],[139.21578,36.30448],[139.21588,36.30433],[139.21612,36.30401],[139.21675,36.30314],[139.21692,36.30291],[139.21697,36.30283],[139.21758,36.302],[139.2171,36.30199],[139.21715,36.30115],[139.21702,36.30054],[139.21701,36.30047]]]}},{"type":"Feature","properties":{"n":"第１種中高層住居専用地域","c":3,"bcr":60,"far":200},"geometry":{"type":"Polygon","coordinates":[[[139.19116,36.34149],[139.19114,36.34163],[139.19113,36.34167],[139.19106,36.34208],[139.19138,36.34224],[139.19135,36.34225],[139.1915,36.34248],[139.19155,36.34255],[139.19156,36.34257],[139.19157,36.34262],[139.19158,36.34267],[139.19159,36.34269],[139.19161,36.34271],[139.19162,36.34273],[139.19164,36.34276],[139.19166,36.34277],[139.19169,36.34279],[139.19172,36.34282],[139.1917,36.34282],[139.1918,36.34296],[139.19185,36.34302],[139.19204,36.34323],[139.1922,36.34347],[139.19234,36.34366],[139.1925,36.34383],[139.19276,36.34409],[139.19285,36.34418],[139.19288,36.34421],[139.19295,36.34431],[139.19296,36.34434],[139.19294,36.34455],[139.1936,36.34436],[139.19427,36.34417],[139.19436,36.34414],[139.19451,36.34412],[139.19466,36.34409],[139.1951,36.34406],[139.19531,36.34404],[139.19564,36.34404],[139.19631,36.34397],[139.1964,36.34396],[139.19654,36.34395],[139.19736,36.34388],[139.19759,36.34387],[139.19752,36.34354],[139.19798,36.34352],[139.19811,36.3435],[139.20007,36.34342],[139.20023,36.34343],[139.2003,36.34343],[139.2003,36.3434],[139.2004,36.34257],[139.20046,36.34204],[139.20047,36.34196],[139.20047,36.3419],[139.20047,36.34177],[139.20045,36.34162],[139.20043,36.3415],[139.20042,36.34146],[139.20038,36.34132],[139.20035,36.34125],[139.19963,36.33955],[139.19952,36.3396],[139.19823,36.34011],[139.198,36.3402],[139.19788,36.34024],[139.1978,36.34023],[139.19772,36.34022],[139.1975,36.34021],[139.1974,36.3402],[139.19713,36.34014],[139.19689,36.34008],[139.19668,36.34007],[139.19629,36.34004],[139.19625,36.34004],[139.19553,36.34021],[139.1954,36.34023],[139.19514,36.34025],[139.19488,36.34029],[139.19447,36.34036],[139.19446,36.34036],[139.19417,36.34041],[139.19378,36.34048],[139.19345,36.34054],[139.19327,36.34057],[139.19321,36.34059],[139.19309,36.34062],[139.19283,36.34073],[139.19218,36.34102],[139.19188,36.34115],[139.19173,36.34123],[139.1917,36.34124],[139.19152,36.34132],[139.19116,36.34149]]]}},{"type":"Feature","properties":{"n":"工業地域","c":12,"bcr":60,"far":200},"geometry":{"type":"Polygon","coordinates":[[[139.23668,36.30988],[139.23626,36.30837],[139.23625,36.3083],[139.23612,36.30832],[139.23563,36.3084],[139.23559,36.3084],[139.23449,36.30857],[139.23446,36.30858],[139.2339,36.30866],[139.23334,36.30875],[139.23318,36.30807],[139.23317,36.30804],[139.23299,36.30728],[139.23298,36.30722],[139.23283,36.30737],[139.23273,36.30746],[139.23266,36.30753],[139.2325,36.3077],[139.23226,36.3079],[139.23226,36.30791],[139.23159,36.30803],[139.23151,36.30805],[139.23112,36.30812],[139.23077,36.30819],[139.23045,36.30824],[139.23033,36.30827],[139.2293,36.30845],[139.22926,36.30846],[139.22882,36.30855],[139.2287,36.30857],[139.22816,36.30867],[139.22805,36.30869],[139.22767,36.30876],[139.22757,36.30878],[139.2274,36.30881],[139.22678,36.30892],[139.22639,36.30899],[139.22639,36.309],[139.22636,36.309],[139.22619,36.30903],[139.22552,36.30915],[139.22501,36.30924],[139.22495,36.30926],[139.22443,36.30935],[139.22396,36.30943],[139.22357,36.3095],[139.22354,36.30951],[139.22353,36.3096],[139.22345,36.30986],[139.22344,36.30991],[139.2234,36.31014],[139.22339,36.31036],[139.22337,36.31081],[139.22336,36.31103],[139.22334,36.31115],[139.22329,36.31129],[139.22327,36.31135],[139.22331,36.31135],[139.22372,36.31144],[139.22377,36.3113],[139.22413,36.31137],[139.22417,36.31138],[139.22392,36.31207],[139.22522,36.31193],[139.22535,36.31191],[139.22634,36.31181],[139.22696,36.31174],[139.22736,36.31171],[139.22758,36.31169],[139.22773,36.31168],[139.22777,36.31167],[139.22784,36.31165],[139.22803,36.31156],[139.22865,36.31122],[139.22877,36.31116],[139.22895,36.3111],[139.22907,36.31106],[139.22921,36.31102],[139.22984,36.31092],[139.23104,36.31074],[139.23237,36.31054],[139.23368,36.31033],[139.23522,36.3101],[139.23668,36.30988]]]}},{"type":"Feature","properties":{"n":"準工業地域","c":11,"bcr":60,"far":200},"geometry":{"type":"Polygon","coordinates":[[[139.19929,36.33111],[139.2001,36.33105],[139.19997,36.32997],[139.19986,36.32914],[139.19985,36.32901],[139.19975,36.32826],[139.19971,36.32797],[139.19961,36.32707],[139.19959,36.32698],[139.19954,36.32654],[139.19953,36.32644],[139.19952,36.32639],[139.19952,36.32634],[139.19951,36.32628],[139.1995,36.32623],[139.19945,36.32622],[139.1993,36.3262],[139.19913,36.32619],[139.19894,36.32617],[139.19877,36.32617],[139.19859,36.32616],[139.19838,36.32616],[139.19835,36.32616],[139.19813,36.32617],[139.19804,36.32618],[139.19793,36.32619],[139.19775,36.3262],[139.19752,36.32622],[139.19737,36.32624],[139.19723,36.32626],[139.19709,36.32628],[139.19695,36.3263],[139.19608,36.32644],[139.19608,36.32648],[139.19612,36.32668],[139.19619,36.32712],[139.19625,36.32759],[139.19628,36.32787],[139.19499,36.32798],[139.19496,36.3278],[139.19483,36.32781],[139.19453,36.32784],[139.19384,36.32791],[139.19374,36.32792],[139.19368,36.32792],[139.19367,36.32783],[139.19362,36.32784],[139.19301,36.3279],[139.19292,36.32728],[139.19292,36.32723],[139.19236,36.32731],[139.19187,36.32736],[139.19161,36.3274],[139.19139,36.32743],[139.19139,36.32745],[139.19139,36.32776],[139.1914,36.32802],[139.19139,36.32813],[139.19134,36.32867],[139.19134,36.32875],[139.19247,36.32865],[139.19379,36.32852],[139.19379,36.32858],[139.19388,36.32916],[139.19388,36.32924],[139.19392,36.32951],[139.19402,36.3302],[139.19406,36.33054],[139.19417,36.3312],[139.19421,36.33156],[139.19433,36.33233],[139.19434,36.33241],[139.19539,36.3323],[139.19585,36.33226],[139.19729,36.33213],[139.19895,36.33197],[139.19885,36.33115],[139.199,36.33114],[139.19929,36.33111]]]}},{"type":"Feature","properties":{"n":"第１種中高層住居専用地域","c":3,"bcr":60,"far":200},"geometry":{"type":"Polygon","coordinates":[[[139.1767,36.30452],[139.17668,36.30477],[139.17666,36.30499],[139.17663,36.30513],[139.17657,36.30583],[139.17653,36.30632],[139.17649,36.30678],[139.17645,36.30725],[139.17645,36.30736],[139.17624,36.30852],[139.17644,36.30869],[139.17634,36.30884],[139.17561,36.30939],[139.17605,36.30979],[139.17541,36.31021],[139.17558,36.31091],[139.17588,36.31069],[139.17629,36.31107],[139.17608,36.31123],[139.17598,36.31129],[139.1759,36.31133],[139.17582,36.31136],[139.17573,36.31139],[139.17565,36.31141],[139.17556,36.31143],[139.17549,36.31144],[139.17541,36.31144],[139.17541,36.31151],[139.17542,36.31167],[139.17508,36.31168],[139.17509,36.31184],[139.1749,36.31233],[139.17488,36.31236],[139.17477,36.31261],[139.17508,36.3127],[139.1768,36.31243],[139.17679,36.31234],[139.17673,36.31199],[139.17709,36.31174],[139.17788,36.31118],[139.17794,36.31114],[139.17832,36.3115],[139.1784,36.31159],[139.17844,36.31166],[139.17849,36.31173],[139.17856,36.31185],[139.17861,36.31197],[139.17863,36.31208],[139.17865,36.31216],[139.17866,36.31219],[139.17873,36.31218],[139.17893,36.31216],[139.17921,36.31214],[139.17924,36.31213],[139.17924,36.31213],[139.17925,36.31213],[139.17968,36.31209],[139.18064,36.312],[139.18067,36.312],[139.18108,36.31196],[139.18149,36.31192],[139.18166,36.3119],[139.18187,36.31188],[139.18225,36.31184],[139.18264,36.31181],[139.18275,36.3118],[139.18291,36.31178],[139.18305,36.31177],[139.1832,36.31175],[139.1832,36.31108],[139.18229,36.31116],[139.18183,36.3112],[139.18159,36.31122],[139.18146,36.31123],[139.18106,36.31126],[139.18046,36.3113],[139.1804,36.31099],[139.1804,36.31095],[139.17989,36.31102],[139.17892,36.31154],[139.1789,36.31151],[139.17875,36.31119],[139.17763,36.31017],[139.1776,36.31014],[139.17779,36.31],[139.17776,36.30998],[139.177,36.30928],[139.17735,36.30905],[139.17677,36.30851],[139.17663,36.30838],[139.1769,36.30798],[139.17701,36.30782],[139.17719,36.30774],[139.17727,36.30771],[139.17745,36.30763],[139.17766,36.30754],[139.17795,36.30749],[139.17779,36.30713],[139.17957,36.3069],[139.17968,36.30745],[139.18134,36.30766],[139.18163,36.30754],[139.18228,36.30725],[139.18321,36.30683],[139.18354,36.30669],[139.18354,36.30632],[139.18354,36.30631],[139.18354,36.3063],[139.18354,36.30628],[139.18353,36.30626],[139.18353,36.30619],[139.18352,36.30617],[139.18351,36.30603],[139.18349,36.30598],[139.18348,36.30593],[139.18348,36.3059],[139.18347,36.30585],[139.18342,36.30568],[139.18335,36.30537],[139.18331,36.30522],[139.18312,36.30449],[139.18309,36.30437],[139.18296,36.30386],[139.18291,36.30367],[139.18238,36.30376],[139.18211,36.3038],[139.18185,36.30385],[139.18174,36.30387],[139.18163,36.30388],[139.18123,36.30395],[139.18083,36.30402],[139.1806,36.30405],[139.18037,36.30408],[139.18014,36.30411],[139.17994,36.30414],[139.17983,36.30415],[139.17966,36.30417],[139.17969,36.3042],[139.17834,36.30434],[139.1767,36.30452]]]}},{"type":"Feature","properties":{"n":"工業専用地域","c":13,"bcr":60,"far":200},"geometry":{"type":"Polygon","coordinates":[[[139.26527,36.31894],[139.26531,36.31905],[139.26538,36.31925],[139.26539,36.31929],[139.26543,36.31928],[139.2655,36.31924],[139.26563,36.3192],[139.26652,36.31893],[139.26694,36.31879],[139.26719,36.31871],[139.26742,36.31865],[139.26753,36.31858],[139.26839,36.31856],[139.26839,36.3185],[139.26861,36.3177],[139.26864,36.31752],[139.26866,36.31724],[139.26873,36.31608],[139.26873,36.31595],[139.26869,36.31596],[139.26779,36.31609],[139.26762,36.31611],[139.26692,36.31622],[139.26686,36.31619],[139.26685,36.31615],[139.26682,36.31602],[139.2667,36.31553],[139.26668,36.31546],[139.26665,36.31528],[139.26599,36.31533],[139.26573,36.31535],[139.26542,36.31537],[139.26491,36.3154],[139.26491,36.31535],[139.26489,36.31526],[139.26488,36.31513],[139.26487,36.315],[139.26487,36.31495],[139.26487,36.31487],[139.26487,36.3148],[139.26488,36.3147],[139.26489,36.3146],[139.26492,36.31448],[139.26493,36.31439],[139.26493,36.31436],[139.26497,36.31408],[139.26498,36.31404],[139.26503,36.31378],[139.26504,36.31367],[139.26489,36.31367],[139.26429,36.31367],[139.2631,36.31368],[139.26305,36.31368],[139.26262,36.31374],[139.26215,36.31381],[139.26209,36.31381],[139.26211,36.31409],[139.26212,36.31426],[139.26213,36.31434],[139.26213,36.31447],[139.26214,36.31449],[139.26224,36.31538],[139.26222,36.31569],[139.26222,36.31571],[139.26205,36.31572],[139.26206,36.31601],[139.26211,36.31642],[139.26212,36.31645],[139.26214,36.31659],[139.26215,36.31662],[139.26216,36.31692],[139.2613,36.31705],[139.26123,36.31706],[139.26127,36.31738],[139.26129,36.31771],[139.26126,36.31774],[139.26017,36.31795],[139.2596,36.3182],[139.25907,36.31842],[139.25901,36.31844],[139.259,36.31844],[139.259,36.31847],[139.25904,36.31858],[139.25926,36.31925],[139.25934,36.31948],[139.2594,36.31966],[139.25943,36.31974],[139.25945,36.31982],[139.2595,36.3201],[139.25952,36.32019],[139.25953,36.32026],[139.25956,36.32026],[139.25962,36.32023],[139.26018,36.32005],[139.26019,36.32004],[139.26124,36.31982],[139.26147,36.31977],[139.26151,36.31976],[139.26367,36.31924],[139.26371,36.31923],[139.26371,36.31928],[139.26468,36.31913],[139.26464,36.31901],[139.26521,36.31888],[139.26526,36.3189],[139.26527,36.31894]]]}},{"type":"Feature","properties":{"n":"準工業地域","c":11,"bcr":60,"far":200},"geometry":{"type":"Polygon","coordinates":[[[139.23653,36.32341],[139.23651,36.32335],[139.23662,36.32322],[139.23667,36.32315],[139.23671,36.32307],[139.23676,36.32298],[139.23677,36.32297],[139.23686,36.32276],[139.23696,36.32249],[139.23702,36.32247],[139.23753,36.32261],[139.23795,36.32271],[139.23808,36.32274],[139.23881,36.32096],[139.23884,36.32091],[139.23894,36.32069],[139.23906,36.32041],[139.23912,36.32028],[139.23928,36.31989],[139.23929,36.31988],[139.23931,36.31981],[139.23932,36.31979],[139.23933,36.31975],[139.23934,36.31972],[139.23937,36.31968],[139.23938,36.31965],[139.23947,36.31943],[139.2395,36.31937],[139.23968,36.31893],[139.23972,36.31882],[139.23983,36.31847],[139.23999,36.31807],[139.24002,36.31792],[139.24016,36.31756],[139.24021,36.31744],[139.24032,36.31713],[139.24045,36.31696],[139.24061,36.31654],[139.24074,36.31618],[139.24097,36.31552],[139.24069,36.31549],[139.24037,36.31546],[139.23998,36.31544],[139.23957,36.31543],[139.23913,36.31527],[139.23911,36.31529],[139.23902,36.3154],[139.23897,36.31552],[139.23886,36.31561],[139.23875,36.31578],[139.23871,36.31582],[139.23863,36.31588],[139.23848,36.31594],[139.23824,36.31601],[139.23817,36.31604],[139.23784,36.31607],[139.23769,36.3161],[139.23748,36.31619],[139.23741,36.3162],[139.23729,36.31627],[139.23714,36.3163],[139.23701,36.31638],[139.23688,36.31643],[139.23684,36.31645],[139.23665,36.31659],[139.23648,36.31675],[139.23631,36.3169],[139.23625,36.31698],[139.23611,36.31713],[139.23607,36.31715],[139.23597,36.3172],[139.23564,36.31747],[139.23551,36.31757],[139.23547,36.31763],[139.23542,36.31766],[139.23537,36.31767],[139.23533,36.31768],[139.2353,36.3177],[139.23526,36.31775],[139.23523,36.31779],[139.23518,36.31782],[139.23511,36.31784],[139.23506,36.31784],[139.23504,36.31787],[139.23499,36.3179],[139.23496,36.31791],[139.23492,36.31792],[139.23489,36.31793],[139.23477,36.31798],[139.23463,36.318],[139.2346,36.318],[139.23453,36.31809],[139.2345,36.31815],[139.23447,36.31824],[139.23446,36.31828],[139.23442,36.31835],[139.23439,36.31843],[139.23436,36.31847],[139.23429,36.31855],[139.23432,36.3186],[139.23434,36.31862],[139.23434,36.31866],[139.23435,36.31869],[139.23433,36.31872],[139.23428,36.31879],[139.2342,36.31889],[139.23418,36.31892],[139.23418,36.31894],[139.23418,36.31897],[139.23417,36.31901],[139.23417,36.31906],[139.23417,36.31912],[139.23418,36.31915],[139.2342,36.31919],[139.23422,36.31923],[139.23426,36.31928],[139.23427,36.31932],[139.23425,36.31944],[139.23418,36.31943],[139.23418,36.31966],[139.2342,36.31984],[139.23421,36.32003],[139.23419,36.32006],[139.23279,36.31997],[139.23255,36.32057],[139.233,36.32067],[139.23327,36.32073],[139.23342,36.32078],[139.23394,36.32094],[139.23396,36.32098],[139.23376,36.32148],[139.23368,36.32162],[139.23361,36.32177],[139.2338,36.32192],[139.23507,36.32263],[139.23532,36.32277],[139.23568,36.32297],[139.23634,36.32333],[139.23653,36.32341]]]}},{"type":"Feature","properties":{"n":"第１種中高層住居専用地域","c":3,"bcr":60,"far":200},"geometry":{"type":"Polygon","coordinates":[[[139.23823,36.36275],[139.23826,36.36296],[139.23825,36.36311],[139.23828,36.36323],[139.23836,36.36336],[139.23837,36.36337],[139.23841,36.36341],[139.23851,36.3635],[139.23858,36.36354],[139.23869,36.36364],[139.2387,36.36365],[139.2387,36.36366],[139.23869,36.36371],[139.23868,36.36379],[139.23866,36.36389],[139.23865,36.36393],[139.23865,36.364],[139.23866,36.36405],[139.23866,36.36407],[139.23868,36.36409],[139.2387,36.36412],[139.23872,36.36414],[139.23874,36.36416],[139.23878,36.36418],[139.2387,36.36423],[139.23874,36.36431],[139.23874,36.36434],[139.2387,36.36451],[139.2387,36.36453],[139.23875,36.36463],[139.23877,36.36462],[139.23887,36.36484],[139.2389,36.3649],[139.23891,36.36494],[139.23895,36.36509],[139.23898,36.36522],[139.23898,36.36523],[139.239,36.36537],[139.23902,36.36548],[139.23898,36.3655],[139.23898,36.36551],[139.2388,36.36562],[139.23793,36.36616],[139.23788,36.36619],[139.23787,36.3662],[139.23751,36.36642],[139.23747,36.36644],[139.23729,36.36655],[139.23727,36.36652],[139.23711,36.36662],[139.23693,36.36674],[139.23681,36.36681],[139.23668,36.36688],[139.23665,36.3669],[139.23665,36.36691],[139.23666,36.36691],[139.23671,36.367],[139.23672,36.36701],[139.2369,36.36696],[139.23708,36.36692],[139.23723,36.36688],[139.23761,36.36679],[139.23766,36.36678],[139.23769,36.36677],[139.23803,36.36669],[139.2383,36.36662],[139.23832,36.36667],[139.23835,36.36674],[139.2384,36.36686],[139.23845,36.36697],[139.23848,36.36706],[139.23871,36.36701],[139.23924,36.3669],[139.2393,36.36688],[139.23931,36.36694],[139.23933,36.36711],[139.23936,36.36721],[139.23955,36.36781],[139.23959,36.36783],[139.23963,36.3679],[139.23966,36.36795],[139.23972,36.36804],[139.23973,36.36806],[139.23973,36.36807],[139.23973,36.36809],[139.23975,36.36853],[139.23975,36.36855],[139.23975,36.36857],[139.23972,36.36865],[139.23972,36.36866],[139.23972,36.36867],[139.23972,36.36877],[139.23971,36.36911],[139.23972,36.36922],[139.23972,36.36925],[139.23972,36.36926],[139.23973,36.36927],[139.23974,36.36929],[139.23975,36.3693],[139.23978,36.36931],[139.24004,36.36936],[139.24008,36.36937],[139.24034,36.3694],[139.24035,36.3694],[139.24038,36.3694],[139.2404,36.3694],[139.24043,36.3694],[139.24045,36.36939],[139.24079,36.36936],[139.2408,36.36936],[139.24081,36.36936],[139.24082,36.36935],[139.24082,36.36935],[139.24083,36.36925],[139.24083,36.36919],[139.24084,36.36914],[139.24084,36.36909],[139.24086,36.36905],[139.24088,36.36903],[139.24095,36.36898],[139.24099,36.36895],[139.24102,36.36893],[139.24125,36.36887],[139.24156,36.36878],[139.24161,36.36876],[139.24161,36.36876],[139.24162,36.36875],[139.24162,36.36875],[139.24162,36.36874],[139.24161,36.3687],[139.24158,36.36852],[139.24155,36.36836],[139.24155,36.36835],[139.24151,36.36814],[139.2415,36.36808],[139.24149,36.36806],[139.24146,36.3679],[139.24142,36.36772],[139.24138,36.36753],[139.24138,36.36751],[139.2415,36.36749],[139.24203,36.36742],[139.24211,36.36741],[139.24223,36.36739],[139.24245,36.36737],[139.24245,36.36736],[139.24279,36.36734],[139.24325,36.3673],[139.24333,36.3673],[139.24334,36.36731],[139.24334,36.36733],[139.24335,36.36734],[139.24336,36.36735],[139.24337,36.36736],[139.24339,36.36737],[139.24342,36.36738],[139.24344,36.36739],[139.24347,36.3674],[139.24348,36.3674],[139.2435,36.3674],[139.24355,36.3674],[139.24367,36.3674],[139.24374,36.36739],[139.24377,36.36739],[139.24383,36.36738],[139.24405,36.36734],[139.24409,36.36733],[139.24413,36.36732],[139.24419,36.36729],[139.24427,36.36725],[139.24442,36.36717],[139.24445,36.36716],[139.24448,36.36715],[139.2445,36.36714],[139.24453,36.36713],[139.24469,36.36711],[139.24473,36.36711],[139.24474,36.36711],[139.24475,36.3671],[139.24475,36.3671],[139.24473,36.36696],[139.24469,36.36677],[139.24468,36.36673],[139.24468,36.3667],[139.24465,36.36649],[139.24462,36.36631],[139.24462,36.36631],[139.2446,36.36616],[139.2446,36.36616],[139.24459,36.36609],[139.24459,36.36607],[139.24455,36.36587],[139.24455,36.36587],[139.24453,36.36577],[139.24448,36.36568],[139.24448,36.36567],[139.24442,36.36554],[139.24439,36.36549],[139.24431,36.36534],[139.2443,36.36533],[139.24425,36.36524],[139.24425,36.36523],[139.24423,36.36519],[139.24487,36.3651],[139.24489,36.36507],[139.24487,36.36493],[139.24487,36.36493],[139.24487,36.36491],[139.24487,36.36488],[139.24484,36.36469],[139.24484,36.36469],[139.2448,36.3644],[139.24479,36.36437],[139.24478,36.36433],[139.24478,36.3643],[139.24473,36.36399],[139.24473,36.36398],[139.24469,36.36376],[139.24455,36.36377],[139.24453,36.36368],[139.2445,36.36357],[139.24445,36.36337],[139.24444,36.3633],[139.24444,36.36321],[139.24442,36.36299],[139.2444,36.36271],[139.24439,36.36254],[139.24437,36.36233],[139.24436,36.36217],[139.24436,36.36214],[139.24435,36.36213],[139.24435,36.36212],[139.24434,36.36212],[139.24433,36.36211],[139.24429,36.36211],[139.24403,36.3621],[139.24389,36.36209],[139.24344,36.36207],[139.24318,36.36209],[139.2431,36.36209],[139.24273,36.36213],[139.24263,36.36214],[139.24246,36.36216],[139.24216,36.36219],[139.24205,36.3622],[139.24124,36.3623],[139.24114,36.36231],[139.24104,36.36232],[139.24035,36.36242],[139.24025,36.36243],[139.24016,36.36244],[139.24005,36.36245],[139.23981,36.36248],[139.23959,36.3625],[139.23938,36.36252],[139.23923,36.36254],[139.23899,36.36257],[139.23895,36.36258],[139.23891,36.36258],[139.23884,36.36259],[139.23876,36.36261],[139.23866,36.36263],[139.23857,36.36266],[139.23836,36.36272],[139.23831,36.36273],[139.23823,36.36275],[139.23823,36.36275]]]}},{"type":"Feature","properties":{"n":"工業専用地域","c":13,"bcr":50,"far":200},"geometry":{"type":"Polygon","coordinates":[[[139.21367,36.3106],[139.21399,36.31254],[139.2144,36.31504],[139.2156,36.3149],[139.2163,36.31482],[139.2191,36.31452],[139.21921,36.31451],[139.2193,36.31494],[139.21933,36.31514],[139.21935,36.31534],[139.21936,36.31547],[139.21936,36.31617],[139.21936,36.31634],[139.21947,36.31633],[139.22028,36.31623],[139.22032,36.31623],[139.22039,36.31613],[139.22041,36.31609],[139.22047,36.31597],[139.22049,36.31593],[139.22051,36.31583],[139.22054,36.31572],[139.22058,36.31556],[139.22062,36.3154],[139.22066,36.31526],[139.2207,36.31512],[139.22076,36.31489],[139.22082,36.31482],[139.22086,36.31477],[139.22088,36.31469],[139.22092,36.31459],[139.22096,36.31451],[139.22103,36.31441],[139.22116,36.31423],[139.22137,36.31395],[139.22159,36.31369],[139.22165,36.3136],[139.22191,36.3132],[139.22199,36.31304],[139.22206,36.31291],[139.22211,36.31279],[139.22216,36.31263],[139.22217,36.31258],[139.22221,36.31244],[139.22226,36.31231],[139.22118,36.31242],[139.22099,36.31124],[139.22096,36.31102],[139.22077,36.30993],[139.22076,36.30989],[139.22029,36.30994],[139.21969,36.31001],[139.21964,36.31003],[139.21964,36.31002],[139.21844,36.31015],[139.21819,36.31018],[139.21781,36.31022],[139.21712,36.3103],[139.21649,36.31036],[139.21549,36.31047],[139.21484,36.31055],[139.21403,36.31063],[139.21375,36.31066],[139.21374,36.31067],[139.21372,36.31059],[139.21371,36.31059],[139.21367,36.3106]]]}},{"type":"Feature","properties":{"n":"第１種中高層住居専用地域","c":3,"bcr":60,"far":200},"geometry":{"type":"Polygon","coordinates":[[[139.18512,36.31061],[139.18542,36.31108],[139.18576,36.31093],[139.18635,36.31065],[139.18703,36.31038],[139.18756,36.31022],[139.18758,36.31021],[139.1876,36.31021],[139.18768,36.31022],[139.1877,36.3102],[139.18778,36.31016],[139.18792,36.31011],[139.18816,36.31005],[139.18851,36.30996],[139.18884,36.30988],[139.18918,36.30979],[139.18942,36.30972],[139.18977,36.3096],[139.19026,36.30941],[139.19031,36.30935],[139.19054,36.30928],[139.19064,36.30925],[139.19069,36.30923],[139.19105,36.30908],[139.19115,36.30903],[139.19129,36.30895],[139.19137,36.3089],[139.19148,36.30881],[139.19172,36.30861],[139.19189,36.30842],[139.19201,36.3083],[139.19203,36.30827],[139.19214,36.30812],[139.19229,36.3079],[139.19232,36.30786],[139.19232,36.30785],[139.19241,36.30772],[139.19252,36.30756],[139.19266,36.30737],[139.19275,36.30725],[139.19286,36.30711],[139.19294,36.30701],[139.19312,36.30678],[139.1932,36.30668],[139.19325,36.30662],[139.19341,36.30644],[139.19342,36.30643],[139.1935,36.30635],[139.19359,36.30625],[139.1937,36.30614],[139.19381,36.30603],[139.19387,36.30598],[139.19393,36.30592],[139.19405,36.30582],[139.19416,36.30572],[139.19423,36.30566],[139.19429,36.30561],[139.19439,36.30553],[139.19449,36.30545],[139.1946,36.30537],[139.19466,36.30533],[139.19476,36.30527],[139.19483,36.30522],[139.19489,36.30518],[139.19499,36.30512],[139.19508,36.30507],[139.19517,36.30503],[139.19541,36.30491],[139.19552,36.30486],[139.19558,36.30483],[139.19574,36.30477],[139.19583,36.30473],[139.196,36.30468],[139.19619,36.30461],[139.19641,36.30453],[139.19651,36.3045],[139.19658,36.30447],[139.19661,36.30446],[139.19674,36.30442],[139.19663,36.30337],[139.19669,36.30334],[139.19657,36.30219],[139.19694,36.302],[139.19668,36.30168],[139.19674,36.30165],[139.19645,36.30128],[139.19668,36.30121],[139.19653,36.30086],[139.19568,36.3011],[139.19565,36.30101],[139.19412,36.30143],[139.19276,36.30181],[139.1918,36.30208],[139.1915,36.30217],[139.19139,36.30222],[139.19124,36.30228],[139.19115,36.30233],[139.19101,36.30241],[139.1908,36.30255],[139.19084,36.30262],[139.19088,36.3027],[139.19124,36.30354],[139.19153,36.30421],[139.19075,36.30457],[139.18975,36.30502],[139.18997,36.30541],[139.19012,36.30571],[139.18994,36.30575],[139.18973,36.3058],[139.18962,36.30581],[139.18953,36.30581],[139.18942,36.3058],[139.18921,36.3058],[139.18906,36.3058],[139.18897,36.30581],[139.1889,36.30582],[139.18879,36.30585],[139.18769,36.3061],[139.18797,36.30708],[139.18919,36.30684],[139.1893,36.30723],[139.18941,36.30762],[139.1906,36.30739],[139.19074,36.3079],[139.19067,36.30798],[139.19053,36.30811],[139.19037,36.30828],[139.19026,36.30837],[139.19016,36.30843],[139.19008,36.30846],[139.18987,36.30853],[139.18948,36.30866],[139.18939,36.30873],[139.18925,36.30884],[139.18911,36.30895],[139.18894,36.30906],[139.18878,36.30914],[139.18855,36.30924],[139.18785,36.30952],[139.18678,36.30995],[139.18512,36.31061]]]}},{"type":"Feature","properties":{"n":"第２種低層住居専用地域","c":2,"bcr":50,"far":100},"geometry":{"type":"Polygon","coordinates":[[[139.18376,36.30352],[139.18389,36.30404],[139.18394,36.30421],[139.18395,36.30428],[139.18398,36.30436],[139.18414,36.30503],[139.18417,36.30514],[139.18419,36.30522],[139.18419,36.30522],[139.1842,36.30523],[139.1842,36.30525],[139.18425,36.30544],[139.18427,36.30554],[139.18432,36.30572],[139.18433,36.30578],[139.18434,36.30582],[139.18435,36.30586],[139.18436,36.30591],[139.18437,36.30593],[139.18439,36.30608],[139.18456,36.30594],[139.18463,36.30589],[139.18475,36.30582],[139.18479,36.3058],[139.18474,36.30762],[139.18469,36.30996],[139.18512,36.31061],[139.18678,36.30995],[139.18785,36.30952],[139.18855,36.30924],[139.18878,36.30914],[139.18894,36.30906],[139.18911,36.30895],[139.18925,36.30884],[139.18939,36.30873],[139.18948,36.30866],[139.18987,36.30853],[139.19008,36.30846],[139.19016,36.30843],[139.19026,36.30837],[139.19037,36.30828],[139.19053,36.30811],[139.19067,36.30798],[139.19074,36.3079],[139.1906,36.30739],[139.18941,36.30762],[139.1893,36.30723],[139.18919,36.30684],[139.18797,36.30708],[139.18769,36.3061],[139.18879,36.30585],[139.1889,36.30582],[139.18897,36.30581],[139.18906,36.3058],[139.18921,36.3058],[139.18942,36.3058],[139.18953,36.30581],[139.18962,36.30581],[139.18973,36.3058],[139.18994,36.30575],[139.19012,36.30571],[139.18997,36.30541],[139.18975,36.30502],[139.19075,36.30457],[139.19153,36.30421],[139.19124,36.30354],[139.19088,36.3027],[139.19084,36.30262],[139.1908,36.30255],[139.19066,36.30216],[139.18999,36.30234],[139.1901,36.3026],[139.18932,36.30281],[139.18918,36.30284],[139.18872,36.30291],[139.18861,36.30265],[139.18842,36.30268],[139.18833,36.3027],[139.1882,36.30272],[139.18815,36.30273],[139.18798,36.30276],[139.18795,36.30277],[139.18766,36.30282],[139.18753,36.30284],[139.18692,36.30295],[139.18657,36.30302],[139.18598,36.30312],[139.18594,36.30313],[139.18587,36.30314],[139.18572,36.30317],[139.18556,36.3032],[139.18552,36.30321],[139.18545,36.30322],[139.18507,36.30329],[139.1849,36.30332],[139.18474,36.30335],[139.18447,36.30339],[139.18439,36.30341],[139.18438,36.30341],[139.18427,36.30343],[139.18376,36.30352]]]}},{"type":"Feature","properties":{"n":"第１種中高層住居専用地域","c":3,"bcr":60,"far":200},"geometry":{"type":"Polygon","coordinates":[[[139.23495,36.34955],[139.23496,36.34947],[139.23502,36.34932],[139.23482,36.34927],[139.2347,36.34924],[139.23462,36.34922],[139.23463,36.3492],[139.23471,36.34907],[139.23478,36.34896],[139.23483,36.34886],[139.23489,36.34875],[139.2349,36.34871],[139.23496,36.34855],[139.23499,36.34848],[139.23501,36.34843],[139.2351,36.34821],[139.23513,36.34811],[139.23516,36.34805],[139.2352,36.34794],[139.23522,36.34788],[139.23532,36.34763],[139.23533,36.34761],[139.23537,36.34752],[139.23542,36.34744],[139.23554,36.34744],[139.23576,36.34747],[139.23592,36.3475],[139.23616,36.34753],[139.23647,36.34756],[139.23661,36.34757],[139.23675,36.34758],[139.23681,36.34759],[139.23712,36.34759],[139.23714,36.34759],[139.23722,36.34759],[139.23729,36.34759],[139.23733,36.34759],[139.23742,36.34759],[139.23744,36.34758],[139.23757,36.34754],[139.23766,36.34751],[139.23779,36.34752],[139.2378,36.34752],[139.23783,36.3475],[139.23784,36.34748],[139.23785,36.34747],[139.23786,36.34744],[139.23788,36.34737],[139.23789,36.34731],[139.2379,36.34727],[139.2379,36.34726],[139.2379,36.34723],[139.2379,36.34721],[139.2379,36.3472],[139.23788,36.34718],[139.23788,36.34718],[139.23782,36.34712],[139.23777,36.34707],[139.23776,36.34705],[139.23774,36.34703],[139.23773,36.34699],[139.23771,36.34695],[139.23769,36.34686],[139.23772,36.3468],[139.23777,36.34673],[139.23778,36.34671],[139.2378,36.34667],[139.23782,36.34662],[139.23782,36.34659],[139.23782,36.34658],[139.23783,36.34655],[139.23784,36.34651],[139.23785,36.34641],[139.23796,36.3464],[139.23822,36.34636],[139.23859,36.34636],[139.2386,36.34635],[139.23861,36.34633],[139.23861,36.34632],[139.23861,36.34598],[139.23862,36.34572],[139.2386,36.34569],[139.23855,36.34569],[139.23845,36.34569],[139.23831,36.34569],[139.23829,36.34569],[139.23813,36.34568],[139.23763,36.34564],[139.23708,36.3456],[139.2368,36.34558],[139.23658,36.34556],[139.23651,36.34556],[139.23638,36.34557],[139.23636,36.34549],[139.23636,36.34544],[139.23634,36.34536],[139.23632,36.34526],[139.23631,36.3452],[139.23629,36.34514],[139.23628,36.34506],[139.23627,36.34499],[139.23627,36.34498],[139.23626,36.3449],[139.23625,36.34486],[139.23623,36.34479],[139.2362,36.3447],[139.2362,36.34467],[139.23628,36.34466],[139.2365,36.34465],[139.23651,36.34464],[139.23652,36.34463],[139.23653,36.34462],[139.23653,36.34461],[139.23655,36.34305],[139.23654,36.34303],[139.23654,36.34303],[139.23654,36.34302],[139.23653,36.34302],[139.23652,36.34301],[139.23596,36.34298],[139.23592,36.34298],[139.23589,36.34298],[139.23585,36.343],[139.23582,36.34301],[139.23581,36.34302],[139.23581,36.34303],[139.2358,36.34304],[139.2358,36.34305],[139.23572,36.34307],[139.23571,36.34307],[139.2357,36.34307],[139.23565,36.34307],[139.23527,36.3431],[139.23514,36.34311],[139.23497,36.34312],[139.23487,36.34313],[139.23484,36.34314],[139.23474,36.34315],[139.23473,36.34314],[139.23471,36.34311],[139.23466,36.34303],[139.23459,36.34293],[139.23447,36.34276],[139.23442,36.34269],[139.23439,36.34264],[139.23436,36.34257],[139.23435,36.34254],[139.23434,36.34252],[139.23433,36.3425],[139.23431,36.34228],[139.23431,36.34228],[139.2343,36.34227],[139.23429,36.34226],[139.23402,36.34226],[139.23368,36.34227],[139.23353,36.34227],[139.23283,36.34228],[139.23261,36.34228],[139.23251,36.34228],[139.23251,36.34227],[139.23245,36.34216],[139.23245,36.34204],[139.23245,36.34203],[139.23244,36.34203],[139.23244,36.34202],[139.23242,36.34202],[139.23234,36.34203],[139.23206,36.34208],[139.23192,36.34211],[139.23182,36.34214],[139.23181,36.34214],[139.2318,36.34215],[139.23181,36.34216],[139.23182,36.34224],[139.23186,36.34241],[139.23189,36.34253],[139.2319,36.34258],[139.23201,36.34294],[139.23203,36.34299],[139.23207,36.3431],[139.23214,36.34333],[139.23224,36.34358],[139.23214,36.3436],[139.23201,36.34365],[139.23193,36.34367],[139.23177,36.34373],[139.23175,36.34374],[139.23169,36.34377],[139.23162,36.34379],[139.23153,36.34382],[139.23144,36.34385],[139.23115,36.34395],[139.23101,36.344],[139.231,36.344],[139.23097,36.344],[139.23087,36.344],[139.23075,36.34402],[139.23065,36.34402],[139.23055,36.34403],[139.23008,36.34404],[139.22997,36.34404],[139.22965,36.34405],[139.22963,36.34406],[139.22965,36.34449],[139.22966,36.34456],[139.22923,36.34499],[139.22923,36.34518],[139.22923,36.34528],[139.22923,36.34629],[139.22929,36.34633],[139.22962,36.34634],[139.22962,36.34634],[139.22962,36.34693],[139.22999,36.3469],[139.23018,36.34687],[139.23035,36.34686],[139.23045,36.34684],[139.23095,36.34679],[139.23097,36.34679],[139.23111,36.34678],[139.23126,36.34676],[139.23132,36.34676],[139.23135,36.34675],[139.23139,36.34674],[139.23144,36.34673],[139.23147,36.34673],[139.23151,36.34672],[139.23154,36.34671],[139.23157,36.34669],[139.23161,36.34668],[139.23162,36.34667],[139.23168,36.34664],[139.23173,36.34662],[139.23177,36.34659],[139.23194,36.34647],[139.232,36.34644],[139.232,36.34643],[139.23204,36.34641],[139.23208,36.34639],[139.23212,36.34637],[139.23218,36.34634],[139.23223,36.34632],[139.23229,36.34629],[139.2324,36.34626],[139.23256,36.34623],[139.23261,36.34621],[139.23263,36.34628],[139.23263,36.34629],[139.23262,36.3463],[139.23262,36.34631],[139.23262,36.34632],[139.23263,36.34671],[139.23263,36.34676],[139.23264,36.34735],[139.23264,36.34739],[139.23266,36.34799],[139.23267,36.34838],[139.23267,36.34872],[139.23269,36.34873],[139.23308,36.34872],[139.23308,36.34872],[139.23315,36.34872],[139.2335,36.34872],[139.2335,36.34878],[139.23351,36.34888],[139.23351,36.34903],[139.23352,36.34917],[139.23352,36.34926],[139.23352,36.34969],[139.23353,36.34973],[139.23352,36.34976],[139.23352,36.3498],[139.2335,36.34988],[139.23366,36.34998],[139.23367,36.34998],[139.23367,36.34999],[139.23365,36.35001],[139.23357,36.35006],[139.23354,36.35008],[139.23349,36.35012],[139.2333,36.35024],[139.23317,36.35033],[139.23314,36.35036],[139.23312,36.35038],[139.23309,36.35041],[139.23307,36.35043],[139.23292,36.35067],[139.23283,36.35081],[139.23272,36.35099],[139.2328,36.35107],[139.23289,36.35114],[139.23296,36.35121],[139.23305,36.35129],[139.2331,36.35133],[139.23319,36.35131],[139.23443,36.35097],[139.23442,36.35095],[139.2344,36.35092],[139.23432,36.35081],[139.23422,36.35067],[139.23396,36.35028],[139.23395,36.35027],[139.23402,36.35024],[139.23405,36.35023],[139.23446,36.35003],[139.23452,36.35001],[139.23466,36.34994],[139.23489,36.34983],[139.2349,36.34982],[139.23491,36.34981],[139.23492,36.34979],[139.23494,36.34966],[139.23495,36.34961],[139.23495,36.34955]]]}},{"type":"Feature","properties":{"n":"第１種低層住居専用地域","c":1,"bcr":40,"far":80},"geometry":{"type":"Polygon","coordinates":[[[139.21638,36.28339],[139.21682,36.28381],[139.21697,36.28394],[139.21732,36.28427],[139.21748,36.28441],[139.21822,36.28512],[139.21842,36.28532],[139.21839,36.28531],[139.21817,36.2854],[139.21814,36.28541],[139.21793,36.28549],[139.21788,36.28551],[139.21761,36.28558],[139.21719,36.28569],[139.21781,36.28626],[139.21778,36.28629],[139.21732,36.2866],[139.2173,36.28661],[139.2171,36.28713],[139.21692,36.28756],[139.2166,36.2881],[139.21655,36.28816],[139.21606,36.28845],[139.21595,36.2885],[139.21499,36.28887],[139.21519,36.28932],[139.21523,36.28941],[139.21527,36.28938],[139.21545,36.28935],[139.21556,36.28961],[139.21559,36.2897],[139.21563,36.28982],[139.21568,36.28994],[139.21589,36.29034],[139.21607,36.29027],[139.21622,36.29045],[139.21643,36.29069],[139.21689,36.2912],[139.21717,36.29105],[139.21852,36.29028],[139.21856,36.29026],[139.21992,36.28946],[139.22004,36.28939],[139.22005,36.28938],[139.22041,36.28918],[139.22046,36.28915],[139.22032,36.28899],[139.22001,36.28864],[139.21993,36.28853],[139.21983,36.28841],[139.21981,36.28839],[139.21993,36.28824],[139.21995,36.28822],[139.21997,36.28819],[139.22007,36.28809],[139.22008,36.28807],[139.22011,36.28804],[139.22035,36.28774],[139.22037,36.28771],[139.22039,36.28766],[139.2204,36.28765],[139.22043,36.28752],[139.22046,36.28743],[139.22051,36.28731],[139.22072,36.28708],[139.22073,36.28705],[139.22077,36.28701],[139.2208,36.28697],[139.22089,36.28689],[139.22094,36.28686],[139.22107,36.28678],[139.22112,36.28675],[139.22114,36.28674],[139.22116,36.28671],[139.22119,36.28667],[139.22121,36.28663],[139.22122,36.28659],[139.22126,36.28645],[139.22127,36.28642],[139.22126,36.28632],[139.22127,36.28625],[139.22137,36.28619],[139.22141,36.28616],[139.22154,36.28608],[139.22181,36.28591],[139.22186,36.28588],[139.22186,36.28588],[139.22184,36.28586],[139.22182,36.28583],[139.22179,36.28574],[139.22175,36.28559],[139.22175,36.28556],[139.22173,36.28554],[139.22171,36.28545],[139.2216,36.28547],[139.2216,36.28536],[139.22164,36.28504],[139.22165,36.285],[139.22192,36.285],[139.222,36.28501],[139.22203,36.2847],[139.22205,36.28433],[139.22205,36.28427],[139.22198,36.28427],[139.22132,36.28427],[139.22135,36.28362],[139.22184,36.28363],[139.22188,36.28363],[139.22178,36.2834],[139.22213,36.28328],[139.22216,36.28327],[139.2222,36.28325],[139.22224,36.28323],[139.22224,36.28321],[139.2224,36.2831],[139.22247,36.28306],[139.22254,36.283],[139.22266,36.28289],[139.22279,36.28269],[139.22277,36.28268],[139.22277,36.28267],[139.22288,36.2825],[139.22301,36.28219],[139.22315,36.28197],[139.22318,36.28193],[139.22331,36.28176],[139.22335,36.28172],[139.22369,36.28133],[139.22371,36.28132],[139.22394,36.28108],[139.22398,36.28102],[139.22405,36.28092],[139.22414,36.28077],[139.22416,36.28072],[139.2242,36.28057],[139.2242,36.28056],[139.2242,36.28055],[139.2242,36.28053],[139.2242,36.28051],[139.2242,36.2805],[139.22415,36.28031],[139.22416,36.28031],[139.22412,36.28016],[139.22403,36.28006],[139.22395,36.27985],[139.22387,36.2797],[139.22374,36.27936],[139.22366,36.27915],[139.22354,36.27932],[139.22348,36.27941],[139.22347,36.27939],[139.22327,36.27971],[139.22314,36.2799],[139.22315,36.27991],[139.22299,36.28012],[139.22262,36.28056],[139.22258,36.28061],[139.22253,36.28066],[139.2224,36.28078],[139.22234,36.28084],[139.22227,36.2809],[139.2222,36.28096],[139.22215,36.281],[139.2221,36.28104],[139.22205,36.28108],[139.222,36.28111],[139.22174,36.28128],[139.22162,36.28135],[139.22153,36.2814],[139.22152,36.2814],[139.22135,36.2815],[139.22101,36.28167],[139.22086,36.28173],[139.22076,36.28177],[139.22054,36.28183],[139.22054,36.28183],[139.22053,36.28183],[139.22046,36.28184],[139.21949,36.2822],[139.21944,36.28222],[139.2194,36.28224],[139.21931,36.28227],[139.2193,36.28229],[139.21765,36.28287],[139.21724,36.28302],[139.21718,36.28304],[139.21688,36.28315],[139.21676,36.2832],[139.21657,36.28329],[139.21639,36.28339],[139.21638,36.28339]]]}},{"type":"Feature","properties":{"n":"工業地域","c":12,"bcr":60,"far":200},"geometry":{"type":"Polygon","coordinates":[[[139.20083,36.32378],[139.20084,36.32448],[139.20147,36.32458],[139.2015,36.32458],[139.20254,36.32474],[139.20254,36.32466],[139.20253,36.32463],[139.20255,36.32449],[139.20257,36.32434],[139.20262,36.3241],[139.20271,36.32381],[139.20282,36.32355],[139.20299,36.32318],[139.20306,36.32307],[139.20308,36.32307],[139.20313,36.32307],[139.20328,36.32282],[139.20331,36.32275],[139.20346,36.32253],[139.20354,36.3224],[139.20373,36.32203],[139.20388,36.32196],[139.20392,36.32191],[139.20405,36.32177],[139.20413,36.3217],[139.20419,36.32165],[139.20421,36.32164],[139.20436,36.32153],[139.20439,36.32151],[139.20448,36.32146],[139.20447,36.32146],[139.20455,36.32143],[139.20493,36.32127],[139.20494,36.32127],[139.20496,36.32127],[139.20514,36.32122],[139.20526,36.32118],[139.20536,36.32115],[139.2055,36.32112],[139.20559,36.3211],[139.20578,36.32107],[139.2058,36.32106],[139.20612,36.32098],[139.20627,36.32095],[139.20639,36.32091],[139.20671,36.32081],[139.20676,36.3208],[139.20689,36.32077],[139.20704,36.32073],[139.20734,36.32065],[139.20749,36.32061],[139.20757,36.32058],[139.20762,36.32058],[139.20764,36.32057],[139.20775,36.32054],[139.20785,36.32051],[139.20788,36.32051],[139.20795,36.3205],[139.20812,36.32046],[139.20832,36.32037],[139.20847,36.32031],[139.20864,36.32025],[139.20893,36.32014],[139.20948,36.31994],[139.20956,36.31991],[139.20966,36.31988],[139.20971,36.31986],[139.20987,36.3198],[139.20994,36.31978],[139.21008,36.31976],[139.21014,36.31975],[139.21026,36.31972],[139.21033,36.31971],[139.21038,36.31971],[139.21045,36.31971],[139.21067,36.31973],[139.211,36.31976],[139.21112,36.31977],[139.21138,36.3198],[139.21151,36.31982],[139.21166,36.31983],[139.21209,36.31986],[139.21231,36.31986],[139.21233,36.31985],[139.21279,36.31984],[139.21328,36.31982],[139.21349,36.31982],[139.21363,36.31983],[139.21373,36.31984],[139.21398,36.3199],[139.21407,36.31991],[139.21411,36.31993],[139.21418,36.31996],[139.21432,36.32001],[139.21443,36.32003],[139.2147,36.32011],[139.21518,36.32022],[139.21538,36.32023],[139.21558,36.32021],[139.2158,36.32016],[139.2163,36.32],[139.21636,36.31998],[139.21646,36.31994],[139.21662,36.31988],[139.21677,36.31981],[139.21698,36.3197],[139.21712,36.31959],[139.21725,36.31946],[139.21735,36.31934],[139.21747,36.31915],[139.21751,36.3191],[139.21756,36.31899],[139.21759,36.31893],[139.21761,36.31884],[139.21764,36.31878],[139.21765,36.31867],[139.21764,36.31853],[139.21764,36.31848],[139.21764,36.31844],[139.21763,36.3182],[139.21763,36.31803],[139.21762,36.31781],[139.21765,36.31778],[139.21767,36.31776],[139.21767,36.31776],[139.21771,36.31769],[139.21774,36.31763],[139.21778,36.31758],[139.21783,36.31752],[139.21787,36.31748],[139.21793,36.31743],[139.21799,36.31739],[139.21805,36.31736],[139.21807,36.31735],[139.21812,36.31731],[139.21824,36.31727],[139.21846,36.31719],[139.21871,36.31709],[139.21894,36.31701],[139.21898,36.31699],[139.21903,36.31698],[139.21922,36.31693],[139.21922,36.31693],[139.21923,36.31693],[139.21923,36.31693],[139.21925,36.31692],[139.21947,36.31683],[139.21969,36.31675],[139.21994,36.31655],[139.21995,36.31654],[139.21999,36.3165],[139.22007,36.31645],[139.22014,36.31639],[139.2202,36.31634],[139.22028,36.31623],[139.21947,36.31633],[139.21936,36.31634],[139.21936,36.31617],[139.21936,36.31547],[139.21935,36.31534],[139.21933,36.31514],[139.2193,36.31494],[139.21921,36.31451],[139.2191,36.31452],[139.2163,36.31482],[139.2156,36.3149],[139.2144,36.31504],[139.21325,36.31516],[139.21355,36.31697],[139.21237,36.3171],[139.21257,36.31834],[139.2126,36.31876],[139.2126,36.31884],[139.21243,36.31886],[139.21214,36.3189],[139.21122,36.31899],[139.20948,36.31917],[139.20828,36.3193],[139.20829,36.31937],[139.20834,36.31964],[139.20808,36.31967],[139.208,36.31968],[139.20781,36.3197],[139.20773,36.31971],[139.20723,36.31976],[139.20659,36.31983],[139.2064,36.31985],[139.20557,36.31994],[139.20556,36.31997],[139.20555,36.31999],[139.20555,36.32001],[139.20553,36.32018],[139.20553,36.32023],[139.2055,36.32039],[139.20549,36.32041],[139.20547,36.32045],[139.20545,36.32048],[139.20543,36.32054],[139.20508,36.32058],[139.20469,36.32062],[139.20388,36.32071],[139.20383,36.32071],[139.20368,36.32073],[139.20311,36.32079],[139.20255,36.32085],[139.20251,36.32085],[139.20253,36.32091],[139.20255,36.32095],[139.20262,36.32106],[139.20264,36.32111],[139.20268,36.3212],[139.20271,36.32134],[139.20272,36.32136],[139.20276,36.32137],[139.20279,36.32139],[139.20282,36.32143],[139.20283,36.32144],[139.20284,36.32146],[139.20285,36.32152],[139.20286,36.3216],[139.20288,36.32169],[139.2029,36.32174],[139.20292,36.32177],[139.20294,36.3218],[139.20299,36.32187],[139.20303,36.32191],[139.20311,36.322],[139.20324,36.32214],[139.20331,36.32221],[139.20324,36.32238],[139.20323,36.32242],[139.20323,36.32248],[139.20324,36.3225],[139.20325,36.32256],[139.2026,36.32254],[139.2026,36.32259],[139.20257,36.32303],[139.20175,36.323],[139.20085,36.32297],[139.20082,36.32297],[139.20083,36.32378]]]}},{"type":"Feature","properties":{"n":"準工業地域","c":11,"bcr":60,"far":200},"geometry":{"type":"Polygon","coordinates":[[[139.24049,36.3251],[139.24072,36.32487],[139.24083,36.32474],[139.24086,36.32471],[139.24093,36.32464],[139.24103,36.32453],[139.2411,36.32444],[139.24119,36.32434],[139.24125,36.32425],[139.24129,36.32418],[139.24142,36.32395],[139.24145,36.3239],[139.24148,36.32384],[139.24179,36.32328],[139.24182,36.32323],[139.24186,36.32315],[139.24191,36.32306],[139.24194,36.323],[139.24195,36.32299],[139.24199,36.32292],[139.24205,36.3228],[139.24213,36.32265],[139.24215,36.32251],[139.24219,36.32224],[139.24219,36.3222],[139.24221,36.3221],[139.24225,36.32169],[139.24229,36.32145],[139.2423,36.32138],[139.24231,36.32133],[139.24233,36.32126],[139.24235,36.32118],[139.24238,36.32109],[139.24243,36.32092],[139.24245,36.32083],[139.24248,36.32075],[139.24256,36.32046],[139.24266,36.32011],[139.24273,36.31982],[139.24279,36.31949],[139.24281,36.31942],[139.24291,36.31942],[139.24295,36.31943],[139.24314,36.31943],[139.24373,36.31947],[139.24416,36.31949],[139.24434,36.3195],[139.24468,36.31952],[139.24497,36.31953],[139.24535,36.3195],[139.24672,36.31943],[139.24684,36.31945],[139.24693,36.31942],[139.24731,36.31932],[139.24756,36.31926],[139.24779,36.3192],[139.24801,36.31915],[139.24802,36.31913],[139.24801,36.3191],[139.248,36.31906],[139.24796,36.31894],[139.24775,36.31819],[139.24773,36.31813],[139.2475,36.31732],[139.24742,36.31704],[139.2473,36.31699],[139.24722,36.31695],[139.24715,36.31693],[139.24714,36.31693],[139.247,36.31687],[139.24668,36.3167],[139.24658,36.31664],[139.24625,36.31646],[139.24623,36.31643],[139.24614,36.31635],[139.24612,36.31633],[139.24604,36.31628],[139.24595,36.31623],[139.24582,36.31609],[139.24582,36.31605],[139.24425,36.31588],[139.2432,36.31577],[139.243,36.31575],[139.242,36.31562],[139.24159,36.31559],[139.24148,36.31581],[139.24139,36.31598],[139.24124,36.31626],[139.2412,36.31634],[139.24107,36.31661],[139.24104,36.31667],[139.24088,36.31706],[139.24085,36.31715],[139.24081,36.31724],[139.24077,36.31736],[139.24071,36.31749],[139.24064,36.31761],[139.24033,36.31826],[139.24021,36.31851],[139.24017,36.31861],[139.23983,36.31942],[139.2398,36.3195],[139.23969,36.31978],[139.23957,36.32008],[139.23945,36.32037],[139.23943,36.32042],[139.23939,36.32049],[139.23928,36.32074],[139.2392,36.32095],[139.23914,36.3211],[139.23896,36.32154],[139.23881,36.3219],[139.23878,36.32197],[139.23873,36.3221],[139.23853,36.32257],[139.23836,36.32299],[139.23834,36.32305],[139.23832,36.3231],[139.23812,36.32357],[139.23805,36.32374],[139.23792,36.32406],[139.23793,36.32408],[139.23798,36.32411],[139.2383,36.32424],[139.23859,36.32439],[139.23866,36.32444],[139.23885,36.32453],[139.239,36.32459],[139.23899,36.32461],[139.23952,36.32479],[139.23953,36.32477],[139.23956,36.32478],[139.23968,36.32482],[139.23984,36.32488],[139.23991,36.3249],[139.24017,36.32499],[139.24023,36.32501],[139.24049,36.3251]]]}},{"type":"Feature","properties":{"n":"第１種住居地域","c":5,"bcr":60,"far":200},"geometry":{"type":"Polygon","coordinates":[[[139.2035,36.33056],[139.2035,36.33057],[139.20353,36.33096],[139.20353,36.3311],[139.20352,36.33114],[139.20352,36.33117],[139.20351,36.33131],[139.20351,36.33137],[139.2035,36.33158],[139.2035,36.33159],[139.20348,36.33175],[139.20347,36.33179],[139.20344,36.33189],[139.2034,36.33208],[139.20339,36.33214],[139.20319,36.33221],[139.20304,36.33225],[139.20241,36.33294],[139.20236,36.33302],[139.20229,36.33311],[139.20226,36.33315],[139.20222,36.3332],[139.20212,36.33333],[139.20205,36.33339],[139.20202,36.33343],[139.202,36.33348],[139.202,36.33349],[139.20276,36.33347],[139.20364,36.33345],[139.20375,36.33356],[139.20379,36.33382],[139.20383,36.33405],[139.20384,36.3341],[139.20516,36.33302],[139.20537,36.33285],[139.20542,36.33266],[139.2055,36.33241],[139.20555,36.33227],[139.20566,36.33202],[139.20572,36.33193],[139.20583,36.33176],[139.20594,36.33155],[139.20629,36.33085],[139.20632,36.3308],[139.20633,36.33077],[139.20636,36.33073],[139.20637,36.33068],[139.20637,36.33068],[139.20702,36.32937],[139.20706,36.32931],[139.20712,36.3292],[139.20763,36.32946],[139.20811,36.32972],[139.20849,36.32992],[139.20887,36.33014],[139.20921,36.33034],[139.20979,36.33068],[139.21029,36.33099],[139.21099,36.33145],[139.21194,36.33211],[139.21257,36.33257],[139.21259,36.33258],[139.21292,36.33283],[139.21345,36.33324],[139.21409,36.33377],[139.21474,36.33433],[139.21506,36.33463],[139.21533,36.33488],[139.21537,36.33492],[139.21613,36.33563],[139.21683,36.33627],[139.21769,36.33707],[139.21864,36.33702],[139.21873,36.337],[139.21903,36.33699],[139.21905,36.33699],[139.21908,36.33695],[139.21909,36.33693],[139.2191,36.33689],[139.21915,36.33673],[139.21857,36.33657],[139.21796,36.3364],[139.2182,36.3358],[139.21743,36.3356],[139.217,36.33549],[139.21719,36.33501],[139.21736,36.33452],[139.21752,36.33406],[139.21758,36.3339],[139.21818,36.33393],[139.21821,36.33358],[139.21822,36.3335],[139.21825,36.33309],[139.21829,36.33254],[139.21898,36.33195],[139.21943,36.33157],[139.2195,36.33151],[139.21962,36.33138],[139.2197,36.33128],[139.21988,36.33107],[139.22,36.33093],[139.22015,36.33084],[139.22028,36.33077],[139.21953,36.33038],[139.21937,36.33029],[139.21904,36.3301],[139.2188,36.32996],[139.21813,36.32961],[139.21811,36.32959],[139.21701,36.32902],[139.21694,36.32977],[139.21691,36.33019],[139.2169,36.33028],[139.21687,36.33035],[139.21684,36.33043],[139.2168,36.33054],[139.21677,36.3306],[139.21674,36.33065],[139.21665,36.33076],[139.21659,36.33083],[139.21653,36.33089],[139.21649,36.33092],[139.21642,36.33097],[139.21632,36.33103],[139.216,36.3312],[139.21603,36.33131],[139.21605,36.33136],[139.21607,36.33141],[139.21611,36.33149],[139.21619,36.33162],[139.21621,36.33164],[139.21621,36.33166],[139.21621,36.33177],[139.21621,36.33178],[139.21621,36.33178],[139.21605,36.33185],[139.21608,36.33216],[139.21608,36.33219],[139.21611,36.33219],[139.2164,36.33218],[139.21631,36.33234],[139.21605,36.3327],[139.21603,36.33277],[139.21603,36.33278],[139.21604,36.33283],[139.21603,36.33285],[139.21601,36.33292],[139.21601,36.33294],[139.21599,36.33297],[139.21594,36.33306],[139.21591,36.3331],[139.21583,36.33322],[139.21578,36.3333],[139.21576,36.33335],[139.21575,36.33338],[139.21574,36.33341],[139.21574,36.33343],[139.21574,36.33345],[139.21574,36.33346],[139.21575,36.3335],[139.2157,36.3335],[139.21564,36.33348],[139.21556,36.33339],[139.21543,36.33335],[139.21535,36.33367],[139.21457,36.33352],[139.21384,36.33292],[139.21331,36.33251],[139.21297,36.33225],[139.21295,36.33224],[139.2127,36.33205],[139.21253,36.33135],[139.21251,36.33126],[139.2125,36.3312],[139.21249,36.33115],[139.21249,36.33106],[139.21131,36.33091],[139.21053,36.33082],[139.21047,36.33069],[139.21044,36.33064],[139.21041,36.3306],[139.21036,36.33055],[139.21027,36.33048],[139.21021,36.33044],[139.21019,36.33042],[139.21016,36.3304],[139.21014,36.33037],[139.21009,36.33029],[139.21001,36.33012],[139.20997,36.33006],[139.20991,36.33],[139.20984,36.32992],[139.20974,36.32984],[139.20961,36.32974],[139.20948,36.32964],[139.20915,36.32958],[139.20911,36.32958],[139.20902,36.32957],[139.20892,36.32957],[139.20874,36.32958],[139.2085,36.32944],[139.20844,36.32942],[139.20837,36.32939],[139.20834,36.32939],[139.20821,36.32937],[139.20809,36.32935],[139.20789,36.3293],[139.20761,36.32923],[139.20749,36.32919],[139.20822,36.32773],[139.20822,36.32772],[139.20826,36.32764],[139.20809,36.3272],[139.20802,36.32695],[139.20802,36.32694],[139.20795,36.32683],[139.20775,36.32653],[139.20766,36.32638],[139.20765,36.32635],[139.20764,36.32632],[139.20764,36.32627],[139.20765,36.32621],[139.20766,36.32613],[139.20769,36.32602],[139.20774,36.3258],[139.20675,36.32568],[139.20636,36.32563],[139.20476,36.32541],[139.20317,36.32519],[139.20317,36.32519],[139.20314,36.32526],[139.2031,36.32539],[139.2031,36.3254],[139.20305,36.32553],[139.20305,36.32554],[139.20302,36.32562],[139.20301,36.32564],[139.203,36.32566],[139.20299,36.32569],[139.20298,36.32572],[139.20296,36.32576],[139.20295,36.32577],[139.20294,36.32579],[139.20292,36.32583],[139.20291,36.32585],[139.2029,36.32587],[139.20289,36.32588],[139.20288,36.32592],[139.20285,36.32597],[139.20283,36.326],[139.20281,36.32604],[139.20275,36.32614],[139.20274,36.32616],[139.20264,36.32631],[139.20255,36.32644],[139.20253,36.32647],[139.20251,36.3265],[139.20249,36.32653],[139.20243,36.32661],[139.20237,36.3267],[139.2023,36.32681],[139.20223,36.3269],[139.20218,36.32697],[139.20216,36.327],[139.20213,36.3271],[139.20213,36.32711],[139.20212,36.32712],[139.20211,36.32714],[139.2021,36.32714],[139.20208,36.32721],[139.20206,36.32728],[139.20204,36.32749],[139.20205,36.32749],[139.20239,36.32763],[139.20482,36.32865],[139.20495,36.32871],[139.20507,36.32876],[139.20532,36.32887],[139.20539,36.3289],[139.20547,36.32894],[139.20549,36.32895],[139.20542,36.32979],[139.2054,36.32998],[139.20537,36.3304],[139.20535,36.33068],[139.20531,36.33068],[139.20481,36.33063],[139.20484,36.33038],[139.20432,36.33037],[139.20374,36.33039],[139.20375,36.33056],[139.2035,36.33056]]]}},{"type":"Feature","properties":{"n":"第２種中高層住居専用地域","c":4,"bcr":60,"far":200},"geometry":{"type":"Polygon","coordinates":[[[139.23893,36.3625],[139.23895,36.36258],[139.23899,36.36257],[139.23923,36.36254],[139.23938,36.36252],[139.23959,36.3625],[139.23981,36.36248],[139.24005,36.36245],[139.24016,36.36244],[139.24025,36.36243],[139.24035,36.36242],[139.24104,36.36232],[139.24114,36.36231],[139.24124,36.3623],[139.24205,36.3622],[139.24216,36.36219],[139.24246,36.36216],[139.24263,36.36214],[139.24273,36.36213],[139.2431,36.36209],[139.24318,36.36209],[139.24344,36.36207],[139.24389,36.36209],[139.24403,36.3621],[139.24429,36.36211],[139.24433,36.36211],[139.24434,36.36212],[139.24435,36.36212],[139.24435,36.36213],[139.24436,36.36214],[139.24436,36.36217],[139.24437,36.36206],[139.24437,36.36204],[139.24439,36.36182],[139.2444,36.36157],[139.24442,36.36115],[139.24444,36.36083],[139.24407,36.3605],[139.24398,36.36042],[139.24396,36.36041],[139.24394,36.36041],[139.24388,36.36039],[139.24385,36.36038],[139.24383,36.36037],[139.24382,36.36036],[139.24347,36.36006],[139.24324,36.35985],[139.24321,36.35983],[139.24319,36.35976],[139.2431,36.35967],[139.24308,36.35965],[139.2429,36.35955],[139.24266,36.3594],[139.24213,36.35898],[139.24193,36.35874],[139.24182,36.35865],[139.24148,36.35838],[139.24147,36.35837],[139.24142,36.35832],[139.2413,36.35823],[139.24098,36.35791],[139.24061,36.35761],[139.2405,36.35756],[139.24016,36.35729],[139.23996,36.35711],[139.23895,36.35629],[139.23879,36.35616],[139.23869,36.35608],[139.2387,36.35606],[139.23817,36.35562],[139.23723,36.35485],[139.23699,36.35465],[139.23638,36.35419],[139.23594,36.35384],[139.23587,36.35385],[139.23517,36.35328],[139.23507,36.35321],[139.2349,36.35307],[139.23487,36.35305],[139.23486,36.35304],[139.23483,36.35304],[139.23467,36.35312],[139.23464,36.35313],[139.23463,36.35314],[139.23463,36.35316],[139.23463,36.35317],[139.23465,36.35321],[139.23496,36.35384],[139.23515,36.35423],[139.23526,36.35444],[139.23535,36.35463],[139.23539,36.3547],[139.23538,36.35471],[139.23527,36.35472],[139.2352,36.35473],[139.23485,36.35477],[139.23459,36.35481],[139.23436,36.35484],[139.23434,36.35483],[139.23428,36.35481],[139.23402,36.3547],[139.23373,36.35502],[139.23367,36.35508],[139.23355,36.35502],[139.23335,36.35492],[139.23293,36.3547],[139.23279,36.35463],[139.23263,36.35457],[139.23263,36.35446],[139.2327,36.35442],[139.23272,36.3544],[139.23274,36.35438],[139.2328,36.35432],[139.23293,36.35417],[139.233,36.3541],[139.23307,36.35402],[139.23324,36.35384],[139.23339,36.35368],[139.2334,36.35367],[139.2334,36.35367],[139.23339,36.35367],[139.2331,36.35375],[139.23292,36.35379],[139.23273,36.35385],[139.23251,36.35391],[139.23247,36.35392],[139.23244,36.35392],[139.23241,36.35393],[139.2323,36.35397],[139.23186,36.35411],[139.23171,36.35416],[139.23154,36.35409],[139.23144,36.35405],[139.2314,36.35403],[139.23114,36.35393],[139.23113,36.35392],[139.23089,36.35383],[139.23087,36.35382],[139.23084,36.354],[139.23078,36.35425],[139.23076,36.3543],[139.23074,36.3544],[139.2307,36.35457],[139.23064,36.35479],[139.23063,36.35499],[139.23066,36.35519],[139.23071,36.35597],[139.23071,36.35614],[139.23093,36.35612],[139.23102,36.35613],[139.2313,36.35618],[139.23164,36.35623],[139.23203,36.3563],[139.23219,36.35633],[139.23265,36.35643],[139.23271,36.35645],[139.23321,36.35656],[139.23336,36.35659],[139.23345,36.35662],[139.23361,36.35668],[139.23376,36.35672],[139.23423,36.35677],[139.23433,36.35678],[139.23444,36.3568],[139.23484,36.35687],[139.23486,36.35704],[139.23487,36.35709],[139.23495,36.35747],[139.23497,36.35757],[139.23499,36.35765],[139.235,36.35771],[139.23507,36.35798],[139.23507,36.358],[139.23547,36.35784],[139.23571,36.35774],[139.23571,36.35782],[139.23572,36.35785],[139.23577,36.35906],[139.23574,36.35908],[139.23576,36.3591],[139.23587,36.35928],[139.23586,36.35932],[139.2356,36.35943],[139.2355,36.35946],[139.23522,36.35957],[139.23518,36.35958],[139.23514,36.3596],[139.23513,36.3596],[139.23513,36.35961],[139.23512,36.35961],[139.23512,36.35962],[139.23513,36.35964],[139.23514,36.35967],[139.23521,36.35979],[139.2353,36.35997],[139.23532,36.36],[139.23532,36.36006],[139.23528,36.36007],[139.23517,36.36011],[139.2351,36.36013],[139.23504,36.36015],[139.2347,36.36025],[139.23469,36.36026],[139.23469,36.36027],[139.23469,36.36028],[139.23469,36.36029],[139.23491,36.36072],[139.23495,36.36079],[139.23522,36.36132],[139.23523,36.36133],[139.23524,36.36133],[139.23524,36.36133],[139.23525,36.36133],[139.23631,36.36098],[139.23641,36.36095],[139.23737,36.36062],[139.23737,36.36061],[139.23725,36.36039],[139.23717,36.36022],[139.23716,36.36019],[139.23712,36.36014],[139.23702,36.35993],[139.23705,36.35986],[139.23709,36.35988],[139.2371,36.35988],[139.23722,36.35989],[139.23728,36.35989],[139.23737,36.35989],[139.23741,36.35989],[139.23764,36.35986],[139.23769,36.35985],[139.2378,36.35984],[139.23788,36.35983],[139.23789,36.35984],[139.23789,36.35984],[139.23789,36.35985],[139.23789,36.35985],[139.23789,36.35985],[139.23789,36.35985],[139.23789,36.35985],[139.23789,36.35985],[139.23789,36.35985],[139.23789,36.35986],[139.23789,36.35986],[139.23789,36.35986],[139.23789,36.35986],[139.23789,36.35986],[139.23789,36.35986],[139.2379,36.35986],[139.2379,36.35986],[139.2379,36.35986],[139.2379,36.35986],[139.2379,36.35987],[139.23799,36.35997],[139.23811,36.36012],[139.23815,36.36016],[139.2382,36.36022],[139.23825,36.36027],[139.23828,36.3603],[139.23842,36.36035],[139.23851,36.36037],[139.23853,36.36038],[139.23855,36.36041],[139.23856,36.36043],[139.23857,36.36047],[139.2386,36.3606],[139.23863,36.3607],[139.23868,36.36092],[139.23871,36.36108],[139.23873,36.36115],[139.23874,36.36123],[139.23877,36.36136],[139.23879,36.36139],[139.2388,36.36144],[139.23882,36.36154],[139.23882,36.36155],[139.23883,36.36157],[139.23883,36.36159],[139.23883,36.36161],[139.23881,36.36171],[139.23881,36.36173],[139.23881,36.36175],[139.23881,36.36175],[139.23881,36.36175],[139.23881,36.36176],[139.23881,36.36176],[139.23881,36.36176],[139.23881,36.36176],[139.23881,36.36177],[139.23881,36.36177],[139.23881,36.36179],[139.23881,36.36181],[139.23881,36.36181],[139.23881,36.36181],[139.23881,36.36182],[139.23881,36.36182],[139.23881,36.36182],[139.23881,36.36184],[139.23881,36.36186],[139.23883,36.36191],[139.23893,36.3625]]]}},{"type":"Feature","properties":{"n":"工業専用地域","c":13,"bcr":50,"far":200},"geometry":{"type":"Polygon","coordinates":[[[139.16092,36.3117],[139.16117,36.31129],[139.16155,36.31063],[139.16191,36.31002],[139.16235,36.30925],[139.16237,36.30921],[139.16241,36.30915],[139.16285,36.30841],[139.16312,36.30794],[139.16327,36.30769],[139.16338,36.30748],[139.16343,36.30736],[139.16346,36.30725],[139.1635,36.30711],[139.16354,36.30688],[139.16383,36.3054],[139.16374,36.30534],[139.16287,36.30543],[139.16245,36.30546],[139.16103,36.3056],[139.16062,36.30565],[139.15782,36.30593],[139.15713,36.30711],[139.15709,36.30717],[139.15655,36.30809],[139.15533,36.30761],[139.15458,36.30889],[139.15331,36.3084],[139.15331,36.3084],[139.15329,36.30844],[139.15324,36.30852],[139.15301,36.30886],[139.15285,36.3091],[139.15249,36.30962],[139.15219,36.31008],[139.15197,36.31039],[139.15185,36.31056],[139.1518,36.31064],[139.15177,36.31073],[139.15177,36.31074],[139.15171,36.31092],[139.15171,36.31092],[139.15171,36.31093],[139.15169,36.31093],[139.15168,36.31094],[139.15166,36.311],[139.15165,36.31105],[139.15162,36.31113],[139.15161,36.31116],[139.15157,36.31126],[139.15153,36.31137],[139.15152,36.31139],[139.15151,36.31141],[139.15146,36.31147],[139.15133,36.31168],[139.15127,36.31177],[139.15125,36.3118],[139.15123,36.31183],[139.15122,36.31184],[139.15119,36.3119],[139.15111,36.31206],[139.1511,36.31207],[139.15116,36.31208],[139.15119,36.31209],[139.15136,36.31212],[139.15136,36.31218],[139.15135,36.31221],[139.15135,36.31225],[139.15172,36.31239],[139.15234,36.31264],[139.15253,36.3127],[139.15301,36.31289],[139.15363,36.31312],[139.1537,36.31301],[139.1546,36.31335],[139.15477,36.31342],[139.15483,36.31343],[139.15483,36.31338],[139.15483,36.3133],[139.15483,36.31328],[139.15497,36.31305],[139.155,36.313],[139.15525,36.31257],[139.15554,36.31208],[139.15557,36.31207],[139.15611,36.31228],[139.1564,36.31239],[139.15643,36.3124],[139.15659,36.31247],[139.15665,36.3125],[139.15721,36.31271],[139.15737,36.31277],[139.15739,36.31273],[139.15749,36.31256],[139.15775,36.31265],[139.15805,36.31213],[139.1589,36.31246],[139.15913,36.31255],[139.15921,36.31258],[139.15958,36.31272],[139.15962,36.31274],[139.16005,36.31291],[139.16016,36.31295],[139.16024,36.31282],[139.16062,36.31222],[139.16092,36.3117]]]}},{"type":"Feature","properties":{"n":"第１種住居地域","c":5,"bcr":60,"far":200},"geometry":{"type":"Polygon","coordinates":[[[139.24158,36.32549],[139.24162,36.32552],[139.24167,36.32555],[139.24171,36.32557],[139.24174,36.3256],[139.24182,36.32566],[139.24192,36.32575],[139.242,36.32583],[139.24207,36.32592],[139.24214,36.32602],[139.24221,36.32614],[139.24226,36.32621],[139.24238,36.32638],[139.24242,36.32644],[139.24249,36.32652],[139.24254,36.32658],[139.24257,36.32661],[139.24266,36.32668],[139.2428,36.32679],[139.24291,36.32686],[139.24297,36.3269],[139.24303,36.32694],[139.24309,36.32696],[139.24317,36.32699],[139.24335,36.32706],[139.24352,36.32713],[139.24368,36.32719],[139.24394,36.32729],[139.24406,36.32733],[139.24422,36.32739],[139.24428,36.32742],[139.24473,36.32759],[139.24474,36.3276],[139.2448,36.32762],[139.2454,36.32785],[139.24542,36.32786],[139.2455,36.32787],[139.24556,36.32789],[139.2456,36.32789],[139.24579,36.32792],[139.24594,36.32794],[139.24625,36.32798],[139.2465,36.32801],[139.24663,36.32803],[139.24673,36.32804],[139.2469,36.32805],[139.24702,36.32807],[139.2473,36.32814],[139.24733,36.32815],[139.24754,36.32817],[139.24773,36.32819],[139.24786,36.32821],[139.24824,36.32823],[139.24843,36.32824],[139.24847,36.32822],[139.24849,36.32818],[139.24851,36.32814],[139.24852,36.32808],[139.2485,36.32793],[139.24848,36.3277],[139.24844,36.3272],[139.24843,36.32715],[139.24842,36.32707],[139.2484,36.32701],[139.2484,36.32698],[139.24837,36.32665],[139.24834,36.32624],[139.24833,36.32611],[139.24832,36.32594],[139.24831,36.3259],[139.24831,36.32589],[139.2483,36.32588],[139.24822,36.32578],[139.24821,36.32577],[139.24821,36.32577],[139.24817,36.32576],[139.24788,36.32566],[139.2478,36.32563],[139.24764,36.32595],[139.24745,36.32633],[139.24713,36.32623],[139.24695,36.32617],[139.24689,36.32621],[139.24688,36.32623],[139.24685,36.3263],[139.2468,36.3264],[139.24674,36.32651],[139.2467,36.32662],[139.24668,36.32662],[139.24666,36.32663],[139.24648,36.327],[139.24646,36.32706],[139.24635,36.32702],[139.24611,36.32695],[139.24598,36.32691],[139.24569,36.32681],[139.24533,36.3267],[139.24503,36.32661],[139.24493,36.32657],[139.24491,36.3266],[139.24486,36.32658],[139.24478,36.32673],[139.24467,36.32669],[139.24461,36.32667],[139.24456,36.32665],[139.2444,36.3266],[139.24429,36.32656],[139.24421,36.32654],[139.24401,36.32649],[139.24395,36.32648],[139.24387,36.32645],[139.24376,36.32642],[139.24363,36.3264],[139.24356,36.32638],[139.24349,36.32637],[139.24335,36.32634],[139.24332,36.32634],[139.24328,36.32633],[139.24324,36.32632],[139.24321,36.32631],[139.24317,36.32629],[139.24309,36.32625],[139.24301,36.3262],[139.24285,36.32612],[139.24283,36.32607],[139.24281,36.32596],[139.24285,36.3259],[139.24302,36.32555],[139.24327,36.32502],[139.24332,36.32493],[139.2434,36.32477],[139.24342,36.32472],[139.24356,36.32442],[139.2436,36.32434],[139.24361,36.32435],[139.24371,36.32436],[139.24402,36.32438],[139.24411,36.3244],[139.24423,36.32441],[139.24441,36.32445],[139.24454,36.32447],[139.2446,36.32449],[139.24474,36.32451],[139.24478,36.32451],[139.24484,36.32452],[139.24515,36.32452],[139.24519,36.32452],[139.24523,36.32456],[139.24523,36.3246],[139.24571,36.32468],[139.24575,36.32472],[139.24573,36.32476],[139.24574,36.32477],[139.24589,36.32478],[139.24596,36.32479],[139.24598,36.32479],[139.246,36.32478],[139.24601,36.32477],[139.24602,36.32476],[139.24603,36.32475],[139.24604,36.32474],[139.24607,36.32473],[139.24637,36.3247],[139.24645,36.32469],[139.24648,36.3248],[139.24658,36.32494],[139.24671,36.3251],[139.24681,36.32514],[139.24696,36.3251],[139.2471,36.32504],[139.24727,36.325],[139.24737,36.32494],[139.24743,36.32492],[139.24754,36.32483],[139.24763,36.32477],[139.24783,36.32458],[139.24788,36.32453],[139.24804,36.32436],[139.2481,36.3243],[139.24819,36.32419],[139.24828,36.3241],[139.24828,36.32405],[139.24827,36.32396],[139.24825,36.32386],[139.24825,36.32385],[139.24838,36.32384],[139.24842,36.32384],[139.24847,36.32375],[139.24853,36.32362],[139.24859,36.32349],[139.24861,36.32344],[139.24864,36.3234],[139.24867,36.32337],[139.24871,36.32333],[139.24885,36.32319],[139.24897,36.32308],[139.24899,36.32306],[139.24902,36.32304],[139.24913,36.32293],[139.24917,36.32291],[139.24919,36.32289],[139.24972,36.32268],[139.24993,36.32259],[139.2501,36.32251],[139.2502,36.32246],[139.25029,36.32241],[139.25034,36.32238],[139.25041,36.32235],[139.25052,36.3223],[139.25063,36.32225],[139.25092,36.32214],[139.25098,36.32212],[139.251,36.32212],[139.25104,36.3221],[139.25105,36.32209],[139.25106,36.32209],[139.25125,36.3219],[139.25128,36.32188],[139.25129,36.32186],[139.25132,36.32183],[139.25134,36.32182],[139.25139,36.32176],[139.2514,36.32174],[139.25141,36.32173],[139.25141,36.32173],[139.25141,36.32168],[139.25142,36.32164],[139.25143,36.3216],[139.25144,36.32158],[139.25145,36.32154],[139.25147,36.3215],[139.25149,36.32146],[139.25152,36.3214],[139.25152,36.32139],[139.25152,36.32137],[139.25156,36.32128],[139.25158,36.32126],[139.2516,36.32122],[139.25162,36.32116],[139.25166,36.32108],[139.25167,36.32106],[139.25167,36.32105],[139.25171,36.32095],[139.25172,36.32094],[139.25174,36.32091],[139.25176,36.32087],[139.25178,36.32082],[139.25178,36.3208],[139.25178,36.32078],[139.25178,36.32072],[139.25176,36.32053],[139.25176,36.32051],[139.25177,36.32046],[139.25177,36.32041],[139.25178,36.32039],[139.25179,36.32036],[139.25179,36.32033],[139.25183,36.32017],[139.25186,36.32006],[139.25187,36.32002],[139.25189,36.31998],[139.25191,36.31995],[139.25194,36.3199],[139.25195,36.31991],[139.25205,36.31981],[139.25209,36.31977],[139.2521,36.31976],[139.2521,36.31975],[139.2521,36.31973],[139.2521,36.31971],[139.2521,36.3197],[139.25209,36.31969],[139.25208,36.31968],[139.25205,36.31966],[139.25203,36.31965],[139.25199,36.31964],[139.25203,36.31956],[139.25214,36.31938],[139.25221,36.31926],[139.25227,36.31916],[139.25231,36.31908],[139.25234,36.31902],[139.25243,36.3188],[139.25244,36.31877],[139.25245,36.31874],[139.25249,36.31866],[139.25251,36.3186],[139.25258,36.31843],[139.25264,36.31827],[139.25277,36.31799],[139.25284,36.31783],[139.25284,36.31782],[139.25284,36.31782],[139.25283,36.31781],[139.25283,36.31781],[139.25271,36.31781],[139.25189,36.3178],[139.25163,36.3178],[139.25162,36.3178],[139.25161,36.31781],[139.2516,36.31782],[139.25157,36.31785],[139.25149,36.31793],[139.25139,36.31804],[139.25132,36.31811],[139.25129,36.31814],[139.25124,36.31819],[139.25123,36.31821],[139.25122,36.31823],[139.2512,36.31826],[139.25119,36.31831],[139.25115,36.31856],[139.25114,36.31862],[139.25113,36.31868],[139.25109,36.31883],[139.25107,36.3189],[139.25106,36.31894],[139.25104,36.31897],[139.251,36.31903],[139.25099,36.31905],[139.25095,36.3191],[139.25092,36.31913],[139.25087,36.31918],[139.25082,36.31923],[139.25076,36.31918],[139.25038,36.31887],[139.25016,36.3187],[139.24995,36.31856],[139.24977,36.31844],[139.24956,36.31832],[139.24929,36.31815],[139.24924,36.31812],[139.24918,36.31808],[139.24904,36.31799],[139.249,36.31796],[139.24877,36.31782],[139.24869,36.31776],[139.24842,36.3176],[139.24796,36.31733],[139.24765,36.31714],[139.2476,36.31711],[139.24755,36.31709],[139.2475,36.31706],[139.24742,36.31704],[139.2475,36.31732],[139.24773,36.31813],[139.24775,36.31819],[139.24796,36.31894],[139.248,36.31906],[139.24801,36.3191],[139.24802,36.31913],[139.24801,36.31915],[139.24779,36.3192],[139.24756,36.31926],[139.24731,36.31932],[139.24693,36.31942],[139.24684,36.31945],[139.24672,36.31943],[139.24535,36.3195],[139.24497,36.31953],[139.24468,36.31952],[139.24434,36.3195],[139.24416,36.31949],[139.24373,36.31947],[139.24314,36.31943],[139.24295,36.31943],[139.24291,36.31942],[139.24281,36.31942],[139.24279,36.31949],[139.24273,36.31982],[139.24266,36.32011],[139.24256,36.32046],[139.24248,36.32075],[139.24245,36.32083],[139.24243,36.32092],[139.24238,36.32109],[139.24235,36.32118],[139.24233,36.32126],[139.24231,36.32133],[139.2423,36.32138],[139.24229,36.32145],[139.24225,36.32169],[139.24221,36.3221],[139.24219,36.3222],[139.24219,36.32224],[139.24215,36.32251],[139.24213,36.32265],[139.24205,36.3228],[139.24199,36.32292],[139.24195,36.32299],[139.24194,36.323],[139.24191,36.32306],[139.24186,36.32315],[139.24182,36.32323],[139.24179,36.32328],[139.24148,36.32384],[139.24145,36.3239],[139.24142,36.32395],[139.24129,36.32418],[139.24125,36.32425],[139.24119,36.32434],[139.2411,36.32444],[139.24103,36.32453],[139.24093,36.32464],[139.24086,36.32471],[139.24083,36.32474],[139.24072,36.32487],[139.24049,36.3251],[139.24057,36.32513],[139.24076,36.3252],[139.24111,36.32531],[139.24121,36.32534],[139.24127,36.32536],[139.24133,36.32538],[139.24143,36.32542],[139.2415,36.32546],[139.24158,36.32549]]]}},{"type":"Feature","properties":{"n":"第２種住居地域","c":6,"bcr":60,"far":200},"geometry":{"type":"Polygon","coordinates":[[[139.24523,36.3279],[139.2451,36.32786],[139.24471,36.32771],[139.24467,36.32769],[139.24393,36.32741],[139.24383,36.32737],[139.2436,36.32728],[139.24345,36.32723],[139.24337,36.3272],[139.2431,36.3271],[139.24309,36.3271],[139.24298,36.32705],[139.24298,36.32705],[139.24298,36.32704],[139.24297,36.32703],[139.2428,36.32694],[139.24275,36.32692],[139.24257,36.32685],[139.24247,36.32681],[139.24242,36.32679],[139.24245,36.32675],[139.24246,36.32673],[139.24238,36.32667],[139.24235,36.32663],[139.24226,36.32649],[139.24224,36.32644],[139.24214,36.32628],[139.24209,36.3262],[139.24194,36.32599],[139.24188,36.3259],[139.24183,36.32585],[139.24177,36.32579],[139.24167,36.32571],[139.24164,36.32569],[139.24155,36.32563],[139.24151,36.3256],[139.2414,36.32555],[139.24132,36.32552],[139.24124,36.32548],[139.24113,36.32545],[139.241,36.3254],[139.24097,36.32539],[139.24086,36.32535],[139.2405,36.32523],[139.24042,36.3252],[139.23966,36.32494],[139.23928,36.32481],[139.23921,36.32478],[139.23892,36.32468],[139.23876,36.32463],[139.2387,36.3246],[139.23843,36.32447],[139.23835,36.32443],[139.23787,36.32559],[139.23715,36.32734],[139.23675,36.3283],[139.23676,36.32831],[139.23663,36.32873],[139.23653,36.3289],[139.23637,36.32933],[139.23584,36.33057],[139.23581,36.3306],[139.23543,36.33152],[139.23542,36.3316],[139.23534,36.33174],[139.23529,36.33192],[139.23555,36.33179],[139.23578,36.33168],[139.23591,36.33162],[139.23652,36.33134],[139.23702,36.33111],[139.23707,36.33113],[139.23707,36.33114],[139.23705,36.33119],[139.23702,36.33129],[139.23701,36.33136],[139.237,36.33141],[139.23699,36.33151],[139.23694,36.33189],[139.23693,36.33194],[139.23689,36.33213],[139.23661,36.33322],[139.23658,36.33335],[139.23655,36.33346],[139.23653,36.33354],[139.23652,36.33361],[139.23651,36.33369],[139.2365,36.33383],[139.23649,36.33406],[139.23648,36.33422],[139.23646,36.3343],[139.23646,36.3343],[139.23646,36.33452],[139.23645,36.33458],[139.23645,36.33472],[139.23644,36.33478],[139.23644,36.33481],[139.23643,36.33497],[139.23643,36.33501],[139.23642,36.33512],[139.23641,36.33525],[139.23637,36.33554],[139.23635,36.33578],[139.23634,36.33582],[139.23634,36.33585],[139.23627,36.33601],[139.23622,36.33611],[139.23617,36.33621],[139.23611,36.33631],[139.23599,36.33649],[139.23596,36.33654],[139.23584,36.33672],[139.23561,36.33703],[139.23545,36.33726],[139.23543,36.3373],[139.23542,36.33732],[139.23541,36.33734],[139.23534,36.3376],[139.23521,36.33806],[139.2352,36.33807],[139.23529,36.33812],[139.23532,36.33814],[139.23554,36.33826],[139.236,36.3385],[139.23629,36.33865],[139.23654,36.33878],[139.23662,36.33882],[139.23666,36.33884],[139.23677,36.3389],[139.23685,36.33895],[139.23723,36.33914],[139.23772,36.3394],[139.23764,36.33918],[139.23761,36.33908],[139.23761,36.33901],[139.2376,36.33888],[139.23757,36.33851],[139.23758,36.33848],[139.2376,36.33846],[139.23761,36.33841],[139.23761,36.33819],[139.23761,36.33802],[139.23759,36.3379],[139.23757,36.33784],[139.23788,36.33782],[139.23801,36.33782],[139.23804,36.3378],[139.23803,36.33774],[139.23803,36.33769],[139.23803,36.33763],[139.23803,36.33759],[139.23803,36.3375],[139.23802,36.33742],[139.23801,36.33733],[139.23801,36.33725],[139.23801,36.33721],[139.23801,36.33719],[139.23806,36.33719],[139.2384,36.33718],[139.23886,36.33716],[139.23894,36.33716],[139.23918,36.33718],[139.23933,36.33718],[139.23953,36.3372],[139.23975,36.3372],[139.2397,36.33674],[139.23968,36.33651],[139.23965,36.33632],[139.23963,36.33604],[139.23963,36.33603],[139.23963,36.33598],[139.23963,36.33598],[139.23964,36.33593],[139.23964,36.33588],[139.23965,36.33582],[139.23966,36.3357],[139.23968,36.33555],[139.23969,36.33554],[139.23966,36.33554],[139.23953,36.33556],[139.23931,36.33558],[139.23898,36.33561],[139.2386,36.33566],[139.23858,36.33556],[139.23858,36.33554],[139.23863,36.33528],[139.23866,36.33514],[139.23867,36.33507],[139.23871,36.3349],[139.23871,36.33487],[139.2387,36.33477],[139.23871,36.33475],[139.23871,36.33473],[139.23872,36.3347],[139.2389,36.33441],[139.23894,36.33434],[139.23896,36.33426],[139.23901,36.33412],[139.23903,36.33409],[139.23907,36.33397],[139.23915,36.33381],[139.23928,36.33358],[139.23935,36.33345],[139.23937,36.33343],[139.23942,36.33339],[139.23952,36.3332],[139.23957,36.33312],[139.23976,36.33277],[139.23986,36.33254],[139.23987,36.33251],[139.23991,36.33252],[139.24043,36.33271],[139.24057,36.33247],[139.24052,36.33244],[139.24069,36.33216],[139.2409,36.33181],[139.24095,36.33172],[139.2411,36.33147],[139.24132,36.33108],[139.24142,36.3309],[139.24147,36.33081],[139.24151,36.33074],[139.24182,36.33019],[139.24194,36.32998],[139.24198,36.32989],[139.242,36.32986],[139.2421,36.32968],[139.24212,36.32965],[139.24223,36.32946],[139.24238,36.32919],[139.24244,36.32907],[139.24245,36.32906],[139.24263,36.32902],[139.2432,36.32924],[139.24333,36.32928],[139.24373,36.32943],[139.24369,36.3295],[139.24361,36.32964],[139.2435,36.32983],[139.24333,36.33011],[139.24318,36.33038],[139.24317,36.33039],[139.2434,36.33048],[139.24362,36.33056],[139.2437,36.33059],[139.24372,36.33057],[139.24411,36.3299],[139.24422,36.32972],[139.24427,36.32965],[139.24424,36.32961],[139.24429,36.32951],[139.24442,36.3293],[139.24451,36.32914],[139.24455,36.32908],[139.2446,36.32898],[139.2448,36.32865],[139.24491,36.32845],[139.24501,36.32827],[139.24503,36.32824],[139.24504,36.32822],[139.24505,36.3282],[139.24523,36.3279]]]}},{"type":"Feature","properties":{"n":"工業地域","c":12,"bcr":60,"far":200},"geometry":{"type":"Polygon","coordinates":[[[139.15496,36.33633],[139.15433,36.3368],[139.15393,36.33711],[139.15333,36.33756],[139.15306,36.33777],[139.15299,36.33782],[139.15232,36.33797],[139.15215,36.33747],[139.15213,36.3374],[139.1521,36.33727],[139.1521,36.33725],[139.15207,36.33713],[139.15207,36.33708],[139.15205,36.33697],[139.15204,36.33684],[139.15204,36.33675],[139.15204,36.33666],[139.15206,36.33651],[139.15207,36.33638],[139.15209,36.33633],[139.15211,36.33622],[139.15216,36.33606],[139.1522,36.33595],[139.15242,36.33534],[139.15246,36.33524],[139.15252,36.33503],[139.15255,36.33492],[139.15261,36.33466],[139.15264,36.33444],[139.15266,36.33434],[139.15269,36.33406],[139.1527,36.33389],[139.15271,36.33371],[139.15271,36.3335],[139.15271,36.33346],[139.1527,36.33337],[139.1527,36.3333],[139.15268,36.33302],[139.15262,36.33256],[139.15243,36.33259],[139.15218,36.33264],[139.15217,36.33264],[139.15212,36.33265],[139.15182,36.33272],[139.15158,36.33279],[139.15151,36.33281],[139.15142,36.33285],[139.15131,36.33289],[139.15122,36.33292],[139.15113,36.33296],[139.15106,36.33299],[139.15101,36.33302],[139.15095,36.33305],[139.15087,36.33309],[139.15079,36.33313],[139.1507,36.33319],[139.15062,36.33323],[139.15056,36.33328],[139.15048,36.33333],[139.15042,36.33337],[139.15035,36.33342],[139.15029,36.33346],[139.15022,36.33352],[139.1501,36.33361],[139.14988,36.33379],[139.14961,36.33402],[139.14938,36.33421],[139.14925,36.33432],[139.14918,36.33438],[139.14912,36.33443],[139.14904,36.33449],[139.1487,36.33478],[139.14864,36.33482],[139.14858,36.33487],[139.14848,36.33495],[139.1484,36.33502],[139.14829,36.3351],[139.14796,36.33538],[139.14791,36.33543],[139.1476,36.33568],[139.14709,36.33609],[139.14695,36.3362],[139.14679,36.33634],[139.14666,36.33644],[139.1467,36.33647],[139.14664,36.33652],[139.14633,36.33678],[139.14626,36.33684],[139.14624,36.33685],[139.14619,36.33689],[139.14598,36.33706],[139.14596,36.33707],[139.1459,36.33713],[139.14555,36.33736],[139.14542,36.33744],[139.14541,36.33745],[139.14544,36.33744],[139.14555,36.33741],[139.14613,36.33738],[139.14679,36.33752],[139.14682,36.33771],[139.14683,36.33782],[139.14682,36.33798],[139.14682,36.33805],[139.14682,36.33813],[139.14682,36.3382],[139.14683,36.33831],[139.14683,36.33841],[139.14684,36.33844],[139.14685,36.33848],[139.14686,36.33854],[139.14688,36.3386],[139.14689,36.33866],[139.1469,36.33869],[139.14691,36.33872],[139.1469,36.33875],[139.1469,36.3388],[139.1469,36.33884],[139.14689,36.33889],[139.14687,36.33896],[139.14685,36.33903],[139.14681,36.33914],[139.14679,36.33921],[139.14678,36.33921],[139.14663,36.33943],[139.14659,36.33952],[139.14659,36.33966],[139.14659,36.33967],[139.14659,36.33968],[139.14657,36.33978],[139.14651,36.34001],[139.14649,36.3401],[139.14647,36.34019],[139.14646,36.34026],[139.14667,36.34026],[139.14668,36.34041],[139.14663,36.34069],[139.14667,36.34069],[139.14666,36.34073],[139.14665,36.34075],[139.14663,36.34077],[139.14662,36.34079],[139.14661,36.34081],[139.14658,36.34084],[139.14656,36.34086],[139.14653,36.34088],[139.14666,36.34098],[139.14678,36.34108],[139.14708,36.34135],[139.14734,36.34124],[139.148,36.34104],[139.14802,36.34104],[139.14804,36.34103],[139.14805,36.34103],[139.14808,36.34103],[139.1481,36.34103],[139.14815,36.34103],[139.1488,36.34101],[139.14882,36.341],[139.14891,36.34103],[139.149,36.341],[139.14902,36.34097],[139.14904,36.34098],[139.14909,36.34099],[139.14927,36.34105],[139.14929,36.34103],[139.1495,36.34116],[139.14969,36.34129],[139.1499,36.34142],[139.15017,36.34151],[139.15031,36.34153],[139.15053,36.34158],[139.15069,36.3416],[139.15087,36.34166],[139.1512,36.3415],[139.15126,36.34147],[139.15132,36.34144],[139.15135,36.34143],[139.15142,36.34139],[139.15148,36.34136],[139.15155,36.34133],[139.15161,36.3413],[139.15166,36.34128],[139.1517,36.34127],[139.15175,36.34124],[139.15181,36.34122],[139.15188,36.34119],[139.15195,36.34117],[139.15213,36.3411],[139.15223,36.34107],[139.15242,36.341],[139.15245,36.34099],[139.1525,36.34098],[139.15252,36.34097],[139.15254,36.34096],[139.15258,36.34094],[139.15261,36.34093],[139.15262,36.34092],[139.15264,36.34092],[139.15267,36.34091],[139.15271,36.3409],[139.1529,36.34086],[139.153,36.34083],[139.1531,36.34081],[139.15315,36.3408],[139.15324,36.34077],[139.15329,36.34076],[139.15331,36.34075],[139.15335,36.34074],[139.15337,36.34073],[139.15338,36.34073],[139.15338,36.34073],[139.15349,36.34066],[139.1536,36.34059],[139.15364,36.34057],[139.1537,36.34054],[139.15375,36.3405],[139.15381,36.34046],[139.15388,36.34042],[139.15394,36.34037],[139.154,36.34032],[139.15405,36.34028],[139.15411,36.34022],[139.15413,36.34021],[139.15416,36.34018],[139.15421,36.34013],[139.15426,36.34007],[139.15431,36.34003],[139.15434,36.33999],[139.15439,36.33993],[139.15444,36.33986],[139.15448,36.3398],[139.15451,36.33976],[139.15458,36.33964],[139.15463,36.33957],[139.15473,36.3394],[139.15476,36.33935],[139.15479,36.33932],[139.15483,36.33926],[139.15485,36.33924],[139.15488,36.33918],[139.15494,36.33911],[139.15499,36.33905],[139.15504,36.33899],[139.1551,36.33893],[139.15515,36.33888],[139.15531,36.33873],[139.15543,36.33863],[139.15553,36.33855],[139.1557,36.33844],[139.15583,36.33834],[139.15602,36.33822],[139.15612,36.33817],[139.15622,36.33811],[139.15633,36.33807],[139.15675,36.33791],[139.15694,36.33785],[139.15736,36.33774],[139.1576,36.33768],[139.15785,36.33762],[139.15788,36.33762],[139.15791,36.33761],[139.15793,36.33761],[139.15807,36.3376],[139.15832,36.33758],[139.15849,36.33757],[139.15863,36.33756],[139.15879,36.33754],[139.15895,36.33752],[139.15909,36.3375],[139.15928,36.33747],[139.15946,36.33744],[139.15963,36.33741],[139.16002,36.33734],[139.16035,36.33728],[139.16043,36.33727],[139.16057,36.33724],[139.16067,36.33722],[139.1608,36.33719],[139.16089,36.33716],[139.16101,36.33713],[139.16106,36.33712],[139.15934,36.33528],[139.15928,36.33522],[139.15867,36.33457],[139.15859,36.33448],[139.15856,36.3345],[139.15804,36.33481],[139.15765,36.33506],[139.15711,36.33543],[139.15681,36.33565],[139.15543,36.33669],[139.1554,36.33671],[139.1553,36.33662],[139.15496,36.33633]]]}},{"type":"Feature","properties":{"n":"工業専用地域","c":13,"bcr":50,"far":200},"geometry":{"type":"Polygon","coordinates":[[[139.22755,36.35679],[139.22784,36.35674],[139.22838,36.35662],[139.22904,36.35649],[139.22926,36.35643],[139.22974,36.35633],[139.23044,36.35619],[139.23071,36.35614],[139.23071,36.35597],[139.23066,36.35519],[139.23063,36.35499],[139.23064,36.35479],[139.2307,36.35457],[139.23074,36.3544],[139.23076,36.3543],[139.23064,36.35431],[139.22963,36.35441],[139.22974,36.35398],[139.22978,36.35382],[139.22941,36.35385],[139.22929,36.35386],[139.22918,36.35387],[139.22907,36.35388],[139.22896,36.3539],[139.22878,36.35392],[139.22871,36.35394],[139.22864,36.35395],[139.22841,36.354],[139.22707,36.35435],[139.22699,36.35437],[139.22679,36.35439],[139.22676,36.35439],[139.22483,36.35472],[139.22476,36.35468],[139.22459,36.35402],[139.22454,36.35384],[139.22449,36.35363],[139.22446,36.35352],[139.22443,36.35343],[139.22394,36.35154],[139.22392,36.35147],[139.22391,36.35141],[139.22386,36.35123],[139.22385,36.35118],[139.22383,36.35114],[139.22382,36.3511],[139.2238,36.35106],[139.22378,36.35102],[139.22376,36.35098],[139.22372,36.35093],[139.22369,36.35089],[139.22365,36.35085],[139.22361,36.3508],[139.22356,36.35075],[139.22345,36.35063],[139.22343,36.35061],[139.22288,36.35004],[139.22284,36.35],[139.2228,36.34995],[139.22277,36.34991],[139.22273,36.34987],[139.22269,36.34981],[139.22266,36.34977],[139.22259,36.34966],[139.22237,36.34932],[139.22236,36.3493],[139.22214,36.34894],[139.222,36.34873],[139.22196,36.34868],[139.22194,36.34864],[139.22191,36.3486],[139.22189,36.34858],[139.22184,36.34853],[139.22182,36.34851],[139.2218,36.34849],[139.22177,36.34847],[139.22172,36.34842],[139.22166,36.34839],[139.22161,36.34836],[139.22154,36.34832],[139.22149,36.3483],[139.22138,36.34825],[139.22138,36.34826],[139.22132,36.34824],[139.2213,36.34823],[139.22129,36.34822],[139.22128,36.34822],[139.22128,36.34822],[139.22104,36.34846],[139.22064,36.34889],[139.22036,36.34919],[139.21954,36.35004],[139.21907,36.35054],[139.21895,36.35066],[139.2184,36.35123],[139.2182,36.35144],[139.21717,36.35237],[139.21697,36.35254],[139.21683,36.35263],[139.2167,36.35272],[139.21663,36.35275],[139.21657,36.35278],[139.21612,36.35311],[139.21606,36.35315],[139.21581,36.35333],[139.21542,36.35358],[139.21488,36.35392],[139.21442,36.35418],[139.21407,36.35435],[139.21332,36.35472],[139.21331,36.35472],[139.2132,36.35476],[139.21326,36.35487],[139.21295,36.355],[139.21326,36.35552],[139.21338,36.35571],[139.2135,36.3559],[139.21359,36.35589],[139.21382,36.35586],[139.21389,36.35586],[139.21503,36.35573],[139.21525,36.35571],[139.2164,36.35557],[139.21656,36.35555],[139.21765,36.35542],[139.21772,36.35541],[139.21782,36.35541],[139.21788,36.3554],[139.21792,36.3554],[139.21798,36.3554],[139.21803,36.3554],[139.21808,36.3554],[139.21813,36.35541],[139.21817,36.35542],[139.21825,36.35543],[139.2183,36.35544],[139.21834,36.35545],[139.21839,36.35546],[139.21844,36.35548],[139.21849,36.3555],[139.21854,36.35552],[139.21857,36.35554],[139.2186,36.35556],[139.21863,36.35558],[139.21895,36.35585],[139.21898,36.35587],[139.219,36.35588],[139.21902,36.3559],[139.21904,36.3559],[139.21915,36.35597],[139.21923,36.356],[139.21926,36.35601],[139.21929,36.35601],[139.21932,36.35602],[139.21935,36.35603],[139.2194,36.35603],[139.21943,36.35604],[139.21949,36.35604],[139.21957,36.35604],[139.21962,36.35604],[139.21967,36.35603],[139.21973,36.35603],[139.21978,36.35602],[139.21983,36.356],[139.21989,36.35598],[139.21995,36.35596],[139.21999,36.35594],[139.22003,36.35591],[139.22008,36.35589],[139.22012,36.35586],[139.22013,36.35585],[139.22014,36.35585],[139.22016,36.35585],[139.22017,36.35586],[139.22018,36.35586],[139.22018,36.35586],[139.22028,36.35627],[139.22047,36.35623],[139.2205,36.35623],[139.22052,36.35623],[139.22055,36.35622],[139.22062,36.35621],[139.22067,36.3562],[139.22071,36.35619],[139.22074,36.35618],[139.22078,36.35618],[139.22084,36.35616],[139.22089,36.35615],[139.22094,36.35614],[139.22099,36.35613],[139.22106,36.35611],[139.2211,36.3561],[139.22113,36.35609],[139.22119,36.35607],[139.22164,36.35599],[139.2217,36.35598],[139.22328,36.35572],[139.22352,36.35567],[139.22485,36.35545],[139.22488,36.35546],[139.22511,36.35637],[139.22513,36.35643],[139.22532,36.35715],[139.22566,36.35709],[139.22615,36.357],[139.22616,36.35704],[139.22652,36.35698],[139.22734,36.35682],[139.22755,36.35679]]]}},{"type":"Feature","properties":{"n":"工業専用地域","c":13,"bcr":60,"far":200},"geometry":{"type":"Polygon","coordinates":[[[139.22226,36.31231],[139.22252,36.31227],[139.22274,36.31281],[139.22267,36.31302],[139.22259,36.31322],[139.22251,36.31337],[139.2224,36.31355],[139.22226,36.31379],[139.2223,36.3138],[139.22271,36.31395],[139.22287,36.314],[139.22312,36.31406],[139.2232,36.31409],[139.22324,36.3141],[139.22341,36.31412],[139.22377,36.31412],[139.224,36.31412],[139.22414,36.31413],[139.22455,36.31415],[139.22482,36.31416],[139.2249,36.31416],[139.22525,36.31416],[139.22528,36.31416],[139.22559,36.31413],[139.22617,36.31407],[139.2262,36.31407],[139.2264,36.31409],[139.22645,36.31409],[139.22679,36.31411],[139.22693,36.31412],[139.22703,36.31413],[139.22708,36.31413],[139.2271,36.31413],[139.2272,36.31414],[139.22734,36.31415],[139.22743,36.31415],[139.2276,36.31414],[139.22775,36.31414],[139.22787,36.31416],[139.228,36.31416],[139.22817,36.31417],[139.22842,36.31419],[139.22864,36.31424],[139.22867,36.31424],[139.22879,36.31428],[139.22887,36.31429],[139.22903,36.31432],[139.22931,36.31436],[139.22952,36.31438],[139.22953,36.31437],[139.22971,36.31439],[139.23055,36.31448],[139.23095,36.31451],[139.23128,36.31454],[139.23139,36.31455],[139.23147,36.31455],[139.23159,36.31456],[139.2318,36.31459],[139.23217,36.31463],[139.23244,36.31465],[139.23298,36.31471],[139.23308,36.31472],[139.23348,36.31476],[139.23375,36.31479],[139.23401,36.31481],[139.23421,36.31483],[139.23426,36.31484],[139.23505,36.31492],[139.23575,36.31499],[139.23622,36.31504],[139.2365,36.31507],[139.23699,36.31512],[139.23745,36.31518],[139.23772,36.3152],[139.2379,36.31521],[139.23804,36.31521],[139.23802,36.31515],[139.23762,36.31356],[139.23729,36.31226],[139.23727,36.31221],[139.23673,36.31009],[139.23673,36.31006],[139.23668,36.30988],[139.23522,36.3101],[139.23368,36.31033],[139.23237,36.31054],[139.23104,36.31074],[139.22984,36.31092],[139.22921,36.31102],[139.22907,36.31106],[139.22895,36.3111],[139.22877,36.31116],[139.22865,36.31122],[139.22803,36.31156],[139.22784,36.31165],[139.22777,36.31167],[139.22773,36.31168],[139.22758,36.31169],[139.22736,36.31171],[139.22696,36.31174],[139.22634,36.31181],[139.22535,36.31191],[139.22522,36.31193],[139.22392,36.31207],[139.22417,36.31138],[139.22413,36.31137],[139.22377,36.3113],[139.22372,36.31144],[139.22331,36.31135],[139.22327,36.31135],[139.22329,36.31129],[139.22334,36.31115],[139.22336,36.31103],[139.22337,36.31081],[139.22339,36.31036],[139.2234,36.31014],[139.22344,36.30991],[139.22345,36.30986],[139.22353,36.3096],[139.22354,36.30951],[139.22281,36.3096],[139.22289,36.30943],[139.22297,36.30925],[139.22306,36.30909],[139.22317,36.3089],[139.22341,36.30863],[139.22357,36.30843],[139.22362,36.30832],[139.22366,36.30819],[139.22369,36.30804],[139.22373,36.30788],[139.22375,36.30773],[139.22376,36.30758],[139.22376,36.30751],[139.22375,36.30746],[139.22375,36.30743],[139.22288,36.30752],[139.22228,36.30758],[139.22113,36.30771],[139.2204,36.30779],[139.22044,36.30805],[139.22056,36.30874],[139.22075,36.30985],[139.22076,36.30989],[139.22077,36.30993],[139.22096,36.31102],[139.22099,36.31124],[139.22118,36.31242],[139.22226,36.31231]]]}},{"type":"Feature","properties":{"n":"工業専用地域","c":13,"bcr":60,"far":200},"geometry":{"type":"Polygon","coordinates":[[[139.25493,36.29598],[139.25497,36.29596],[139.25514,36.29592],[139.25516,36.29588],[139.25532,36.29573],[139.2557,36.29535],[139.25589,36.29516],[139.25589,36.29513],[139.25648,36.29461],[139.25688,36.29425],[139.25724,36.29394],[139.25784,36.29342],[139.25841,36.29295],[139.25899,36.29249],[139.25927,36.29226],[139.25947,36.29207],[139.25949,36.29206],[139.25954,36.29202],[139.25962,36.29197],[139.25967,36.29193],[139.25968,36.29192],[139.2599,36.29175],[139.2599,36.29169],[139.2599,36.29098],[139.25991,36.29094],[139.25992,36.29008],[139.25993,36.29003],[139.25993,36.28986],[139.25994,36.28905],[139.25994,36.28895],[139.25986,36.28895],[139.25966,36.28895],[139.25925,36.28895],[139.25918,36.28895],[139.25879,36.28895],[139.25871,36.28895],[139.25792,36.28895],[139.25786,36.28895],[139.25714,36.28895],[139.25682,36.28895],[139.25678,36.28895],[139.25644,36.28894],[139.25578,36.28895],[139.25575,36.28894],[139.25488,36.28895],[139.25482,36.28895],[139.25439,36.28895],[139.25414,36.28895],[139.2541,36.28895],[139.25404,36.28895],[139.25374,36.28895],[139.25371,36.28894],[139.25339,36.28895],[139.25335,36.28894],[139.25303,36.28895],[139.25271,36.28895],[139.25268,36.28895],[139.25235,36.28895],[139.25214,36.28894],[139.2521,36.28895],[139.25201,36.28894],[139.25187,36.28894],[139.2517,36.28894],[139.25166,36.28894],[139.25133,36.28894],[139.25108,36.28894],[139.25106,36.28894],[139.25101,36.28894],[139.25098,36.28894],[139.25064,36.28893],[139.25061,36.28893],[139.25058,36.28893],[139.2504,36.28896],[139.2504,36.28903],[139.2504,36.2891],[139.2504,36.28912],[139.25038,36.28963],[139.25038,36.28968],[139.25037,36.28999],[139.25036,36.29003],[139.25033,36.2908],[139.25033,36.29083],[139.25031,36.29127],[139.25027,36.29149],[139.25026,36.29178],[139.25024,36.29224],[139.25022,36.29275],[139.2502,36.29328],[139.25018,36.29373],[139.25016,36.29437],[139.25013,36.29515],[139.25012,36.29522],[139.25011,36.29573],[139.25008,36.2965],[139.25008,36.29655],[139.25015,36.29655],[139.25065,36.29657],[139.25069,36.2966],[139.25064,36.29816],[139.25071,36.29816],[139.2512,36.29817],[139.25129,36.29818],[139.25145,36.29817],[139.25197,36.29818],[139.25226,36.29819],[139.25232,36.29824],[139.25241,36.29822],[139.25246,36.29821],[139.25287,36.29812],[139.25291,36.29811],[139.25296,36.2981],[139.25299,36.29806],[139.25319,36.2979],[139.25337,36.2977],[139.25359,36.29745],[139.2537,36.29732],[139.25381,36.29721],[139.25401,36.297],[139.25412,36.29689],[139.25418,36.29683],[139.2543,36.29671],[139.25437,36.29663],[139.25467,36.29632],[139.25469,36.29632],[139.25493,36.29607],[139.25493,36.29598]]]}},{"type":"Feature","properties":{"n":"工業専用地域","c":13,"bcr":50,"far":200},"geometry":{"type":"Polygon","coordinates":[[[139.20094,36.26292],[139.20079,36.26331],[139.20074,36.26345],[139.20064,36.26376],[139.20044,36.26435],[139.20031,36.26471],[139.20023,36.26492],[139.20008,36.26534],[139.19986,36.26599],[139.19983,36.26613],[139.1997,36.26646],[139.19946,36.26697],[139.19936,36.2672],[139.1993,36.26744],[139.19926,36.26763],[139.19923,36.26763],[139.19913,36.26766],[139.19883,36.2678],[139.19809,36.26816],[139.19746,36.26847],[139.19729,36.26855],[139.19705,36.26864],[139.19684,36.26873],[139.19651,36.26889],[139.19589,36.26918],[139.19575,36.26925],[139.19583,36.2694],[139.19608,36.26985],[139.19621,36.27012],[139.19635,36.27038],[139.19642,36.27054],[139.19649,36.27072],[139.19652,36.27081],[139.19658,36.27108],[139.19662,36.27128],[139.19664,36.27142],[139.19665,36.27154],[139.19666,36.27176],[139.19667,36.27189],[139.1967,36.27221],[139.19682,36.2722],[139.19866,36.2721],[139.19875,36.27209],[139.20078,36.27199],[139.20086,36.2722],[139.20237,36.27206],[139.20252,36.27202],[139.20263,36.27203],[139.20272,36.27203],[139.20284,36.27204],[139.20289,36.27204],[139.20294,36.27204],[139.20297,36.27204],[139.20306,36.27202],[139.20316,36.272],[139.20321,36.27198],[139.20331,36.27193],[139.20366,36.27177],[139.20395,36.27154],[139.20403,36.27147],[139.20411,36.27141],[139.20412,36.2714],[139.20433,36.27132],[139.20452,36.27126],[139.2046,36.27123],[139.20488,36.27118],[139.20498,36.27116],[139.20517,36.27114],[139.20531,36.27112],[139.20553,36.2711],[139.20593,36.27107],[139.20597,36.27107],[139.20595,36.27062],[139.20593,36.27044],[139.20637,36.27042],[139.20655,36.27042],[139.2068,36.2704],[139.20693,36.27039],[139.20694,36.27016],[139.20688,36.2699],[139.20681,36.26957],[139.20718,36.26958],[139.20813,36.2696],[139.20827,36.2696],[139.20876,36.26961],[139.20877,36.26953],[139.20878,36.26931],[139.20878,36.2692],[139.20877,36.26906],[139.20874,36.26895],[139.20869,36.26877],[139.20862,36.26859],[139.20853,36.26831],[139.20842,36.26799],[139.20831,36.26767],[139.20823,36.26743],[139.20811,36.26708],[139.2081,36.26701],[139.20806,36.2667],[139.20805,36.26654],[139.20803,36.26639],[139.20801,36.26628],[139.20797,36.26614],[139.20771,36.26623],[139.2075,36.26628],[139.20729,36.26632],[139.20717,36.26634],[139.20683,36.26639],[139.20683,36.26639],[139.20656,36.26644],[139.20625,36.26651],[139.20587,36.26657],[139.20574,36.26663],[139.20561,36.26669],[139.20556,36.26671],[139.20551,36.26672],[139.20536,36.26677],[139.20529,36.26678],[139.20509,36.26684],[139.20503,36.26687],[139.20496,36.2669],[139.20482,36.26697],[139.2047,36.26702],[139.20466,36.26703],[139.20461,36.26704],[139.20434,36.26706],[139.2043,36.26646],[139.20427,36.26615],[139.20423,36.26588],[139.20419,36.26555],[139.204,36.26558],[139.20398,36.26529],[139.20397,36.26506],[139.20374,36.26507],[139.20373,36.26507],[139.20373,36.26507],[139.20373,36.26506],[139.20373,36.26506],[139.20373,36.26489],[139.20373,36.26471],[139.20372,36.2645],[139.20373,36.26431],[139.20373,36.26411],[139.20373,36.26394],[139.20373,36.26387],[139.20374,36.26369],[139.20374,36.26348],[139.20364,36.26345],[139.20364,36.26345],[139.20363,36.26345],[139.20363,36.26345],[139.20362,36.26344],[139.20362,36.26344],[139.20362,36.26343],[139.20362,36.26343],[139.20363,36.26338],[139.20371,36.26313],[139.20377,36.2629],[139.20382,36.26272],[139.20386,36.26259],[139.20392,36.26239],[139.2036,36.26228],[139.20334,36.26235],[139.20331,36.26237],[139.20233,36.26252],[139.20153,36.26268],[139.20097,36.26291],[139.20094,36.26292]]]}},{"type":"Feature","properties":{"n":"工業地域","c":12,"bcr":60,"far":200},"geometry":{"type":"Polygon","coordinates":[[[139.18726,36.27823],[139.18802,36.2782],[139.18836,36.27817],[139.18929,36.27813],[139.19023,36.27808],[139.19125,36.27801],[139.19117,36.27712],[139.19112,36.27649],[139.19112,36.2764],[139.19111,36.27631],[139.19112,36.27622],[139.19112,36.27613],[139.19113,36.27605],[139.19115,36.27594],[139.19117,36.27582],[139.1912,36.27571],[139.19124,36.27562],[139.19129,36.2755],[139.19133,36.27542],[139.19136,36.27534],[139.19141,36.27526],[139.19147,36.27517],[139.19155,36.27506],[139.19162,36.27498],[139.1917,36.27489],[139.19177,36.27481],[139.19185,36.27474],[139.19193,36.27468],[139.19209,36.27457],[139.19218,36.27451],[139.1923,36.27443],[139.19242,36.27436],[139.19254,36.27431],[139.19267,36.27425],[139.19285,36.27419],[139.19305,36.27413],[139.1932,36.27409],[139.19337,36.27406],[139.19346,36.27405],[139.19386,36.27402],[139.19483,36.27397],[139.19554,36.27393],[139.19612,36.27391],[139.19631,36.2739],[139.19705,36.27386],[139.19783,36.27382],[139.19812,36.2738],[139.19881,36.27377],[139.1997,36.27372],[139.20006,36.2737],[139.20045,36.27368],[139.20105,36.27364],[139.20152,36.27362],[139.20179,36.27361],[139.20195,36.2736],[139.20203,36.2736],[139.20214,36.27358],[139.20228,36.27356],[139.2024,36.27354],[139.2025,36.27352],[139.20264,36.27348],[139.20275,36.27344],[139.20283,36.27341],[139.20297,36.27334],[139.20308,36.27329],[139.20318,36.27323],[139.20327,36.27317],[139.20336,36.27311],[139.20341,36.27307],[139.20347,36.27303],[139.20354,36.27296],[139.20361,36.27289],[139.20368,36.2728],[139.20375,36.27271],[139.20379,36.27265],[139.20388,36.2725],[139.20391,36.27243],[139.20394,36.27235],[139.20397,36.27228],[139.204,36.27217],[139.20403,36.27206],[139.20404,36.27193],[139.20406,36.27176],[139.20406,36.27167],[139.20404,36.27157],[139.20403,36.27147],[139.20395,36.27154],[139.20366,36.27177],[139.20331,36.27193],[139.20321,36.27198],[139.20316,36.272],[139.20306,36.27202],[139.20297,36.27204],[139.20294,36.27204],[139.20289,36.27204],[139.20284,36.27204],[139.20272,36.27203],[139.20263,36.27203],[139.20252,36.27202],[139.20237,36.27206],[139.20086,36.2722],[139.20078,36.27199],[139.19875,36.27209],[139.19866,36.2721],[139.19682,36.2722],[139.1967,36.27221],[139.19667,36.27189],[139.19666,36.27176],[139.19665,36.27154],[139.19664,36.27142],[139.19662,36.27128],[139.19658,36.27108],[139.19652,36.27081],[139.19649,36.27072],[139.19642,36.27054],[139.19635,36.27038],[139.19621,36.27012],[139.19608,36.26985],[139.19583,36.2694],[139.19575,36.26925],[139.19589,36.26918],[139.19651,36.26889],[139.19684,36.26873],[139.19705,36.26864],[139.19729,36.26855],[139.19746,36.26847],[139.19809,36.26816],[139.19883,36.2678],[139.19913,36.26766],[139.19923,36.26763],[139.19926,36.26763],[139.1993,36.26744],[139.19936,36.2672],[139.19946,36.26697],[139.1997,36.26646],[139.19983,36.26613],[139.19986,36.26599],[139.20008,36.26534],[139.20023,36.26492],[139.20031,36.26471],[139.20044,36.26435],[139.20064,36.26376],[139.20074,36.26345],[139.20079,36.26331],[139.20094,36.26292],[139.20006,36.26328],[139.20003,36.26329],[139.19993,36.26334],[139.19978,36.26341],[139.1993,36.26364],[139.19911,36.26374],[139.1985,36.26404],[139.19828,36.26414],[139.19793,36.26435],[139.19752,36.26459],[139.19705,36.26486],[139.19622,36.26533],[139.19561,36.26569],[139.19509,36.26598],[139.19452,36.26631],[139.19429,36.26645],[139.19423,36.26648],[139.19378,36.26671],[139.19347,36.26689],[139.19286,36.26724],[139.19242,36.2675],[139.19216,36.26765],[139.19125,36.26821],[139.19115,36.26827],[139.19115,36.26827],[139.19149,36.26871],[139.19158,36.26883],[139.19182,36.26915],[139.1919,36.26924],[139.19222,36.26967],[139.19238,36.26988],[139.19247,36.27],[139.19258,36.27014],[139.19271,36.27028],[139.19281,36.27038],[139.19291,36.27046],[139.19303,36.27056],[139.19313,36.27063],[139.19325,36.27072],[139.19346,36.27084],[139.19334,36.27098],[139.19273,36.27123],[139.19237,36.27137],[139.19204,36.27152],[139.19204,36.27152],[139.1921,36.27158],[139.19235,36.27181],[139.19242,36.27189],[139.19248,36.27197],[139.19217,36.27236],[139.19169,36.27293],[139.19133,36.27336],[139.1908,36.27399],[139.19015,36.27477],[139.18935,36.27572],[139.18854,36.27669],[139.1879,36.27744],[139.18745,36.27801],[139.18726,36.27823]]]}},{"type":"Feature","properties":{"n":"第１種住居地域","c":5,"bcr":60,"far":200},"geometry":{"type":"Polygon","coordinates":[[[139.21444,36.2698],[139.2142,36.26994],[139.21388,36.27012],[139.21375,36.2702],[139.21366,36.27024],[139.21351,36.2703],[139.21329,36.27038],[139.21313,36.27042],[139.21296,36.27046],[139.21275,36.27051],[139.21259,36.27054],[139.21248,36.27055],[139.21206,36.27057],[139.21147,36.2706],[139.21089,36.27063],[139.21091,36.27021],[139.21095,36.26959],[139.21099,36.26865],[139.21105,36.26743],[139.2111,36.26645],[139.21106,36.2664],[139.21103,36.2664],[139.21081,36.26644],[139.21068,36.26646],[139.21061,36.26648],[139.21039,36.26651],[139.21013,36.26655],[139.21009,36.26656],[139.21007,36.26622],[139.21007,36.26617],[139.21008,36.26602],[139.21011,36.26567],[139.21011,36.26544],[139.21012,36.26514],[139.21012,36.26491],[139.20989,36.26498],[139.20966,36.26505],[139.20948,36.2651],[139.20927,36.26516],[139.20903,36.26522],[139.20898,36.26523],[139.20868,36.26529],[139.20855,36.26532],[139.20848,36.26534],[139.20832,36.26537],[139.20807,36.26548],[139.20777,36.2656],[139.20759,36.26509],[139.20735,36.26514],[139.20712,36.26517],[139.20684,36.2652],[139.20644,36.26525],[139.20626,36.26528],[139.2061,36.26517],[139.20601,36.2651],[139.20595,36.26506],[139.20591,36.26502],[139.20589,36.26499],[139.20586,36.26494],[139.20585,36.26488],[139.20575,36.26451],[139.20566,36.26414],[139.20585,36.26411],[139.20597,36.2641],[139.20605,36.26409],[139.20614,36.26409],[139.20684,36.26409],[139.20685,36.26409],[139.20696,36.26409],[139.20705,36.26408],[139.20719,36.26408],[139.20736,36.26406],[139.20752,36.26405],[139.20737,36.26363],[139.2073,36.2634],[139.20716,36.26325],[139.20701,36.26278],[139.20668,36.26284],[139.20647,36.26288],[139.2061,36.26297],[139.20591,36.26303],[139.20585,36.26305],[139.20573,36.26308],[139.20537,36.26317],[139.20531,36.26318],[139.20521,36.26304],[139.20477,36.26268],[139.2042,36.26248],[139.20392,36.26239],[139.20386,36.26259],[139.20382,36.26272],[139.20377,36.2629],[139.20371,36.26313],[139.20363,36.26338],[139.20362,36.26343],[139.20362,36.26343],[139.20362,36.26344],[139.20362,36.26344],[139.20363,36.26345],[139.20363,36.26345],[139.20364,36.26345],[139.20364,36.26345],[139.20374,36.26348],[139.20374,36.26369],[139.20373,36.26387],[139.20373,36.26394],[139.20373,36.26411],[139.20373,36.26431],[139.20372,36.2645],[139.20373,36.26471],[139.20373,36.26489],[139.20373,36.26506],[139.20373,36.26506],[139.20373,36.26507],[139.20373,36.26507],[139.20374,36.26507],[139.20397,36.26506],[139.20398,36.26529],[139.204,36.26558],[139.20419,36.26555],[139.20423,36.26588],[139.20427,36.26615],[139.2043,36.26646],[139.20434,36.26706],[139.20461,36.26704],[139.20466,36.26703],[139.2047,36.26702],[139.20482,36.26697],[139.20496,36.2669],[139.20503,36.26687],[139.20509,36.26684],[139.20529,36.26678],[139.20536,36.26677],[139.20551,36.26672],[139.20556,36.26671],[139.20561,36.26669],[139.20574,36.26663],[139.20587,36.26657],[139.20625,36.26651],[139.20656,36.26644],[139.20683,36.26639],[139.20683,36.26639],[139.20717,36.26634],[139.20729,36.26632],[139.2075,36.26628],[139.20771,36.26623],[139.20797,36.26614],[139.20801,36.26628],[139.20803,36.26639],[139.20805,36.26654],[139.20806,36.2667],[139.2081,36.26701],[139.20811,36.26708],[139.20823,36.26743],[139.20831,36.26767],[139.20842,36.26799],[139.20853,36.26831],[139.20862,36.26859],[139.20869,36.26877],[139.20874,36.26895],[139.20877,36.26906],[139.20878,36.2692],[139.20878,36.26931],[139.20877,36.26953],[139.20876,36.26961],[139.20827,36.2696],[139.20813,36.2696],[139.20718,36.26958],[139.20681,36.26957],[139.20688,36.2699],[139.20694,36.27016],[139.20693,36.27039],[139.2068,36.2704],[139.20655,36.27042],[139.20637,36.27042],[139.20593,36.27044],[139.20595,36.27062],[139.20597,36.27107],[139.20593,36.27107],[139.20553,36.2711],[139.20531,36.27112],[139.20517,36.27114],[139.20498,36.27116],[139.20488,36.27118],[139.2046,36.27123],[139.20452,36.27126],[139.20433,36.27132],[139.20412,36.2714],[139.20411,36.27141],[139.20403,36.27147],[139.20404,36.27157],[139.20406,36.27167],[139.20406,36.27176],[139.20404,36.27193],[139.20403,36.27206],[139.204,36.27217],[139.20397,36.27228],[139.20394,36.27235],[139.20391,36.27243],[139.20388,36.2725],[139.20379,36.27265],[139.20375,36.27271],[139.20368,36.2728],[139.20361,36.27289],[139.20354,36.27296],[139.20347,36.27303],[139.20341,36.27307],[139.20336,36.27311],[139.20327,36.27317],[139.20318,36.27323],[139.20308,36.27329],[139.20297,36.27334],[139.20283,36.27341],[139.20275,36.27344],[139.20264,36.27348],[139.2025,36.27352],[139.2024,36.27354],[139.20228,36.27356],[139.20214,36.27358],[139.20203,36.2736],[139.20195,36.2736],[139.20179,36.27361],[139.20152,36.27362],[139.20105,36.27364],[139.20045,36.27368],[139.20006,36.2737],[139.1997,36.27372],[139.19881,36.27377],[139.19812,36.2738],[139.19783,36.27382],[139.19784,36.27389],[139.19787,36.27431],[139.19739,36.27433],[139.19747,36.27536],[139.19752,36.27594],[139.19763,36.27738],[139.19777,36.27729],[139.19779,36.27753],[139.19781,36.27769],[139.19783,36.27791],[139.19785,36.27809],[139.19786,36.27826],[139.19786,36.27836],[139.19787,36.27847],[139.19787,36.27857],[139.19787,36.27873],[139.19787,36.27889],[139.19786,36.27905],[139.19786,36.27908],[139.19785,36.27926],[139.19813,36.27927],[139.19988,36.27935],[139.20061,36.27938],[139.20065,36.27903],[139.20072,36.27851],[139.20072,36.27845],[139.20074,36.2784],[139.20075,36.27837],[139.20079,36.27831],[139.20088,36.27821],[139.201,36.27807],[139.20105,36.27803],[139.20116,36.27795],[139.20122,36.2779],[139.20134,36.27779],[139.20145,36.27768],[139.20153,36.27758],[139.20163,36.27748],[139.20171,36.27739],[139.20179,36.27731],[139.20197,36.27715],[139.20212,36.27701],[139.2022,36.27694],[139.20223,36.27691],[139.20226,36.27686],[139.20229,36.2768],[139.20231,36.27673],[139.20234,36.27652],[139.20238,36.27621],[139.20243,36.27619],[139.20247,36.27617],[139.20251,36.27617],[139.20254,36.27616],[139.2026,36.27616],[139.20266,36.27617],[139.20302,36.27562],[139.20313,36.27544],[139.20328,36.27522],[139.20334,36.27513],[139.20345,36.27494],[139.20414,36.27469],[139.20418,36.27468],[139.20482,36.27444],[139.20529,36.27359],[139.20532,36.27358],[139.2059,36.27348],[139.20592,36.27348],[139.20591,36.27346],[139.20591,36.27341],[139.20588,36.27305],[139.20587,36.27296],[139.20586,36.27289],[139.20599,36.27287],[139.20598,36.27285],[139.20601,36.27285],[139.20612,36.27284],[139.20618,36.27283],[139.2062,36.27283],[139.20623,36.27281],[139.20625,36.2728],[139.20627,36.27278],[139.20655,36.27294],[139.20655,36.27295],[139.20678,36.27284],[139.20684,36.27281],[139.20709,36.27269],[139.20717,36.27265],[139.20738,36.27204],[139.20761,36.27195],[139.20767,36.27193],[139.20793,36.27182],[139.20827,36.27164],[139.20842,36.27157],[139.20872,36.27154],[139.2093,36.27151],[139.20975,36.27152],[139.2099,36.27152],[139.21018,36.2715],[139.21034,36.27148],[139.21058,36.27151],[139.21068,36.27152],[139.21072,36.27151],[139.21077,36.2715],[139.21099,36.27141],[139.21127,36.27142],[139.21155,36.27144],[139.21168,36.27145],[139.21168,36.27147],[139.21181,36.27148],[139.21198,36.27149],[139.21204,36.27149],[139.21218,36.2715],[139.21233,36.27151],[139.21267,36.27153],[139.2128,36.27154],[139.2129,36.27154],[139.21302,36.27155],[139.21337,36.27156],[139.21337,36.27157],[139.2136,36.27158],[139.21373,36.27155],[139.21384,36.27152],[139.21402,36.27141],[139.21425,36.27127],[139.21438,36.27119],[139.21451,36.27111],[139.21462,36.27104],[139.21485,36.27091],[139.21509,36.27078],[139.21518,36.27073],[139.21519,36.2707],[139.21515,36.27065],[139.21512,36.27061],[139.21505,36.27053],[139.21502,36.2705],[139.21498,36.27044],[139.2149,36.27035],[139.21484,36.27028],[139.21478,36.27022],[139.21477,36.27019],[139.21475,36.27018],[139.21466,36.27008],[139.21461,36.27001],[139.21455,36.26993],[139.21453,36.26991],[139.21445,36.26982],[139.21444,36.2698]]]}},{"type":"Feature","properties":{"n":"商業地域","c":10,"bcr":80,"far":400},"geometry":{"type":"Polygon","coordinates":[[[139.20097,36.32076],[139.201,36.32068],[139.20103,36.32059],[139.20106,36.3205],[139.20109,36.32043],[139.20111,36.32035],[139.20118,36.32014],[139.20122,36.32002],[139.20131,36.31977],[139.20158,36.31885],[139.20133,36.3188],[139.20125,36.31878],[139.20103,36.31863],[139.20136,36.31762],[139.19788,36.31764],[139.19791,36.3167],[139.19783,36.3167],[139.1972,36.31671],[139.19624,36.31672],[139.1957,36.31672],[139.19413,36.31673],[139.1932,36.3167],[139.19309,36.31669],[139.19305,36.3179],[139.19295,36.31788],[139.19269,36.31785],[139.19269,36.31785],[139.19247,36.31783],[139.19237,36.31782],[139.19208,36.31778],[139.19136,36.3177],[139.19136,36.31774],[139.19134,36.31801],[139.19133,36.31818],[139.19124,36.31966],[139.19059,36.31966],[139.19042,36.31967],[139.19013,36.31969],[139.18996,36.31969],[139.18993,36.31972],[139.18986,36.31972],[139.18986,36.32032],[139.18984,36.32055],[139.18985,36.32064],[139.18987,36.32072],[139.18986,36.3208],[139.18984,36.32095],[139.18981,36.32105],[139.18979,36.32113],[139.18976,36.32126],[139.18957,36.32191],[139.18957,36.32194],[139.18947,36.32223],[139.18946,36.32226],[139.18949,36.32226],[139.18988,36.3222],[139.18992,36.32219],[139.18999,36.32219],[139.19162,36.32207],[139.19244,36.32209],[139.19244,36.32253],[139.19244,36.3233],[139.19243,36.32339],[139.19244,36.32369],[139.19244,36.32372],[139.19246,36.32386],[139.19246,36.32389],[139.19251,36.32422],[139.19256,36.32472],[139.19258,36.32482],[139.19263,36.32509],[139.19265,36.32531],[139.19269,36.32564],[139.1927,36.32567],[139.19273,36.32582],[139.19263,36.32584],[139.19258,36.32586],[139.19254,36.32588],[139.19248,36.3259],[139.19244,36.32592],[139.1924,36.32594],[139.19239,36.32595],[139.19237,36.32595],[139.19234,36.32597],[139.19229,36.32599],[139.19224,36.32602],[139.1922,36.32604],[139.19216,36.32607],[139.19211,36.3261],[139.19207,36.32613],[139.19202,36.32616],[139.19194,36.32621],[139.19188,36.32625],[139.19184,36.32628],[139.19179,36.3263],[139.19175,36.32633],[139.1917,36.32635],[139.19166,36.32638],[139.19161,36.3264],[139.19156,36.32642],[139.19151,36.32644],[139.19146,36.32646],[139.19141,36.32648],[139.19136,36.3265],[139.1913,36.32652],[139.19125,36.32653],[139.1912,36.32655],[139.19115,36.32656],[139.1911,36.32658],[139.19104,36.32659],[139.19099,36.3266],[139.19094,36.32662],[139.19088,36.32663],[139.19059,36.32666],[139.19082,36.3275],[139.19093,36.32748],[139.19136,36.32743],[139.19139,36.32743],[139.19161,36.3274],[139.19187,36.32736],[139.19236,36.32731],[139.19292,36.32723],[139.19292,36.32728],[139.19301,36.3279],[139.19362,36.32784],[139.19367,36.32783],[139.19368,36.32792],[139.19374,36.32792],[139.19384,36.32791],[139.19453,36.32784],[139.19483,36.32781],[139.19496,36.3278],[139.19499,36.32798],[139.19628,36.32787],[139.19625,36.32759],[139.19619,36.32712],[139.19612,36.32668],[139.19608,36.32648],[139.19608,36.32644],[139.19607,36.32637],[139.19604,36.32614],[139.196,36.32587],[139.19593,36.32542],[139.19591,36.32526],[139.19573,36.32529],[139.19574,36.32519],[139.19576,36.32476],[139.19581,36.32391],[139.19589,36.32391],[139.19621,36.3239],[139.19663,36.32389],[139.19681,36.32389],[139.19687,36.32389],[139.19699,36.3239],[139.19712,36.32392],[139.1974,36.32396],[139.19776,36.32401],[139.19794,36.32404],[139.19783,36.32326],[139.1978,36.32297],[139.19779,36.32264],[139.19779,36.32238],[139.19795,36.32239],[139.20039,36.32247],[139.20043,36.32237],[139.20048,36.3222],[139.20054,36.32203],[139.20059,36.32188],[139.20064,36.32174],[139.2007,36.32157],[139.20075,36.32141],[139.20081,36.32125],[139.20087,36.32108],[139.2009,36.32098],[139.20093,36.32088],[139.20097,36.32076]]]}},{"type":"Feature","properties":{"n":"第１種住居地域","c":5,"bcr":60,"far":200},"geometry":{"type":"Polygon","coordinates":[[[139.24523,36.3279],[139.24505,36.3282],[139.24504,36.32822],[139.24503,36.32824],[139.24501,36.32827],[139.24491,36.32845],[139.2448,36.32865],[139.2446,36.32898],[139.24455,36.32908],[139.24451,36.32914],[139.24442,36.3293],[139.24429,36.32951],[139.24424,36.32961],[139.24427,36.32965],[139.24422,36.32972],[139.24411,36.3299],[139.24372,36.33057],[139.2437,36.33059],[139.24367,36.33065],[139.24355,36.33085],[139.24337,36.33116],[139.24328,36.33131],[139.24324,36.3314],[139.24315,36.33155],[139.24312,36.33158],[139.24308,36.33162],[139.24275,36.33194],[139.24255,36.33214],[139.24249,36.3322],[139.24244,36.33224],[139.2424,36.33229],[139.24234,36.33235],[139.24218,36.3325],[139.2421,36.33259],[139.24208,36.33261],[139.24199,36.33269],[139.24193,36.33275],[139.24185,36.33283],[139.2418,36.33287],[139.24175,36.33293],[139.24166,36.33302],[139.24159,36.33309],[139.24155,36.33312],[139.24152,36.33315],[139.2415,36.33318],[139.24147,36.33324],[139.24142,36.33333],[139.24136,36.33342],[139.24134,36.33345],[139.24132,36.3335],[139.24129,36.33359],[139.24128,36.33364],[139.24121,36.33384],[139.24119,36.33391],[139.24113,36.33408],[139.2411,36.3342],[139.24108,36.33424],[139.24104,36.33433],[139.24103,36.33435],[139.24099,36.3344],[139.24097,36.33445],[139.24095,36.3345],[139.24094,36.33452],[139.24092,36.33462],[139.2409,36.33474],[139.24089,36.33483],[139.24087,36.33495],[139.24086,36.33501],[139.24086,36.33505],[139.24085,36.33509],[139.24086,36.33512],[139.24087,36.3352],[139.24089,36.33525],[139.24093,36.33533],[139.24099,36.33533],[139.24109,36.33534],[139.24115,36.33542],[139.24115,36.33543],[139.24115,36.33545],[139.24115,36.33546],[139.24132,36.33567],[139.24136,36.33571],[139.24142,36.33578],[139.24145,36.33582],[139.24147,36.33584],[139.24143,36.33586],[139.24141,36.33587],[139.2414,36.33588],[139.24139,36.33588],[139.24139,36.33589],[139.24141,36.33591],[139.24141,36.33592],[139.24142,36.33595],[139.24144,36.3361],[139.24147,36.33628],[139.24148,36.33637],[139.24149,36.33643],[139.2415,36.33652],[139.24152,36.3366],[139.24154,36.33667],[139.24157,36.33677],[139.24167,36.33704],[139.2417,36.33713],[139.24171,36.33719],[139.24168,36.33722],[139.24166,36.33723],[139.24159,36.33727],[139.2415,36.33729],[139.2414,36.33732],[139.24132,36.33734],[139.24124,36.33736],[139.24123,36.33736],[139.24121,36.33737],[139.24118,36.33744],[139.24116,36.33754],[139.24113,36.33761],[139.2411,36.33779],[139.24107,36.33789],[139.241,36.33807],[139.24094,36.3382],[139.24091,36.33826],[139.24088,36.33828],[139.24086,36.33828],[139.24059,36.33825],[139.24052,36.33825],[139.24051,36.33832],[139.2405,36.33843],[139.24048,36.33851],[139.24047,36.33853],[139.24032,36.33885],[139.24028,36.33893],[139.24022,36.33905],[139.24014,36.33923],[139.24008,36.33936],[139.24005,36.33943],[139.24,36.33953],[139.23998,36.33959],[139.23997,36.33962],[139.23995,36.33971],[139.23992,36.33986],[139.23991,36.33996],[139.23991,36.34],[139.23991,36.34011],[139.23991,36.34021],[139.24086,36.34071],[139.24181,36.34121],[139.24306,36.34186],[139.24313,36.34189],[139.24336,36.34203],[139.2442,36.34247],[139.24442,36.3426],[139.24492,36.34293],[139.24583,36.34352],[139.2479,36.3449],[139.24904,36.34564],[139.24905,36.34565],[139.24919,36.34559],[139.24952,36.34545],[139.24965,36.3454],[139.24953,36.34487],[139.24938,36.34416],[139.24933,36.34393],[139.24929,36.34391],[139.24917,36.34392],[139.24858,36.344],[139.24837,36.34404],[139.24828,36.34405],[139.24827,36.34401],[139.24828,36.344],[139.24829,36.344],[139.24813,36.34329],[139.24803,36.34286],[139.24803,36.34283],[139.24802,36.34281],[139.24802,36.34273],[139.24802,36.34269],[139.24803,36.34251],[139.24802,36.34246],[139.24798,36.34192],[139.24798,36.34191],[139.24797,36.3419],[139.24796,36.34189],[139.24797,36.34185],[139.24799,36.34185],[139.24803,36.34184],[139.24798,36.34164],[139.24785,36.34078],[139.24786,36.34068],[139.24783,36.34037],[139.24746,36.34041],[139.24744,36.3403],[139.24735,36.33987],[139.24698,36.33992],[139.24696,36.33992],[139.24691,36.33993],[139.24675,36.33995],[139.24656,36.33998],[139.24655,36.33998],[139.24654,36.34],[139.24654,36.34],[139.24657,36.34018],[139.2466,36.34029],[139.2466,36.3403],[139.24662,36.34034],[139.24662,36.34037],[139.24673,36.34085],[139.24673,36.34086],[139.24668,36.34087],[139.24635,36.34091],[139.24592,36.34098],[139.24587,36.34098],[139.24577,36.34098],[139.24579,36.34091],[139.24589,36.34056],[139.24599,36.34018],[139.246,36.34014],[139.246,36.34009],[139.24597,36.34004],[139.24597,36.34004],[139.24585,36.34006],[139.24577,36.34006],[139.2457,36.34005],[139.24562,36.34004],[139.24554,36.34002],[139.24548,36.33999],[139.24547,36.33999],[139.24524,36.33992],[139.24516,36.33989],[139.24509,36.33986],[139.24502,36.33983],[139.24498,36.33981],[139.24487,36.33974],[139.24475,36.33965],[139.24465,36.33961],[139.24462,36.33959],[139.24464,36.33954],[139.24464,36.33954],[139.24465,36.33953],[139.24466,36.33953],[139.24466,36.3395],[139.24469,36.33933],[139.2447,36.3393],[139.24475,36.3392],[139.24476,36.33915],[139.24477,36.33911],[139.24478,36.33903],[139.2448,36.33879],[139.2448,36.33876],[139.24481,36.33864],[139.24482,36.3386],[139.24482,36.33858],[139.24483,36.33856],[139.24484,36.33854],[139.24486,36.33851],[139.24487,36.33849],[139.24489,36.33847],[139.24492,36.33845],[139.24496,36.33842],[139.24503,36.33839],[139.24505,36.33838],[139.24506,36.33837],[139.24507,36.33835],[139.24508,36.33834],[139.24509,36.33832],[139.2451,36.33828],[139.24513,36.3382],[139.24513,36.33819],[139.24513,36.33818],[139.24516,36.33815],[139.24518,36.33814],[139.24521,36.33813],[139.24525,36.3381],[139.24529,36.33806],[139.24532,36.33803],[139.24534,36.33799],[139.24535,36.33797],[139.24537,36.33787],[139.2454,36.33774],[139.24545,36.33751],[139.24547,36.33741],[139.24547,36.33737],[139.24547,36.33729],[139.2456,36.33728],[139.24565,36.33728],[139.24571,36.33727],[139.24582,36.33725],[139.24606,36.33719],[139.24609,36.33716],[139.24608,36.33712],[139.24608,36.33709],[139.24605,36.33695],[139.24603,36.33687],[139.24602,36.33682],[139.24601,36.33679],[139.24598,36.33671],[139.24591,36.33657],[139.24587,36.33645],[139.24587,36.33643],[139.24583,36.3363],[139.2458,36.33619],[139.24576,36.33604],[139.24575,36.33596],[139.24583,36.33595],[139.24588,36.33576],[139.24592,36.33561],[139.246,36.33528],[139.24602,36.33525],[139.24603,36.33524],[139.24605,36.33523],[139.24606,36.33522],[139.24609,36.33522],[139.24611,36.33521],[139.24616,36.3352],[139.24632,36.33517],[139.24641,36.33515],[139.24643,36.33515],[139.24644,36.33514],[139.24646,36.33513],[139.24647,36.33512],[139.24648,36.33511],[139.24649,36.33508],[139.24657,36.33492],[139.24657,36.33491],[139.24661,36.33484],[139.24663,36.33483],[139.24668,36.33481],[139.24674,36.33477],[139.24678,36.33474],[139.2468,36.33472],[139.24684,36.33467],[139.24695,36.33452],[139.24702,36.33443],[139.24704,36.33441],[139.24723,36.33415],[139.2474,36.33399],[139.24757,36.33381],[139.24761,36.33377],[139.24766,36.33373],[139.24778,36.33363],[139.2478,36.33363],[139.24797,36.33356],[139.24801,36.33355],[139.24803,36.33353],[139.24806,36.33351],[139.24809,36.33349],[139.2481,36.33347],[139.24812,36.33344],[139.24821,36.33328],[139.24821,36.33325],[139.24825,36.33321],[139.24834,36.33322],[139.24835,36.33321],[139.2484,36.33319],[139.24841,36.33319],[139.24844,36.33314],[139.24847,36.33308],[139.24852,36.33296],[139.24852,36.33295],[139.24854,36.33293],[139.24855,36.33292],[139.24859,36.33289],[139.24861,36.33288],[139.24871,36.33283],[139.24878,36.3328],[139.24881,36.33277],[139.24882,36.33276],[139.24883,36.33274],[139.24884,36.3327],[139.24886,36.33261],[139.2489,36.33245],[139.2489,36.33235],[139.24894,36.33215],[139.249,36.33186],[139.24908,36.33146],[139.24909,36.33145],[139.2491,36.33141],[139.2492,36.3313],[139.24921,36.33128],[139.24923,36.33123],[139.24932,36.33099],[139.24927,36.33098],[139.24905,36.33092],[139.24906,36.33086],[139.24917,36.33077],[139.24922,36.33073],[139.24926,36.3307],[139.24929,36.33067],[139.2495,36.33044],[139.24952,36.33041],[139.24961,36.33031],[139.24967,36.33025],[139.24969,36.33024],[139.24995,36.3303],[139.25,36.33031],[139.25007,36.33031],[139.2503,36.33032],[139.25034,36.33023],[139.2505,36.3299],[139.25064,36.32962],[139.25068,36.32952],[139.25077,36.32934],[139.25078,36.32931],[139.25086,36.32907],[139.25088,36.32901],[139.25094,36.32878],[139.25098,36.32867],[139.25099,36.32864],[139.25099,36.32862],[139.25099,36.32859],[139.251,36.32855],[139.25088,36.32858],[139.25083,36.32859],[139.25077,36.32859],[139.2507,36.3286],[139.25064,36.32861],[139.25052,36.3286],[139.2505,36.3286],[139.25045,36.3286],[139.25034,36.32859],[139.25026,36.32858],[139.25019,36.32857],[139.25007,36.32855],[139.24997,36.32853],[139.2499,36.32851],[139.24955,36.32845],[139.24948,36.32843],[139.24938,36.32842],[139.24926,36.3284],[139.24903,36.32837],[139.24883,36.32835],[139.24859,36.32834],[139.24845,36.32834],[139.24833,36.32833],[139.2481,36.32832],[139.24801,36.32832],[139.24787,36.32831],[139.24778,36.32831],[139.24769,36.3283],[139.24759,36.32828],[139.24728,36.32824],[139.24698,36.3282],[139.2467,36.32816],[139.24668,36.32816],[139.24663,36.32815],[139.24634,36.3281],[139.24631,36.3281],[139.24624,36.32809],[139.24619,36.32808],[139.24615,36.32807],[139.24609,36.32806],[139.24557,36.32798],[139.2455,36.32797],[139.24545,36.32796],[139.24541,36.32795],[139.24532,36.32793],[139.24523,36.3279]]]}},{"type":"Feature","properties":{"n":"第１種住居地域","c":5,"bcr":60,"far":200},"geometry":{"type":"Polygon","coordinates":[[[139.199,36.33114],[139.19885,36.33115],[139.19895,36.33197],[139.19898,36.33247],[139.19909,36.33355],[139.19915,36.33429],[139.19924,36.33526],[139.19931,36.33601],[139.19938,36.3367],[139.1994,36.33706],[139.19931,36.33707],[139.19912,36.33709],[139.199,36.3371],[139.19886,36.33711],[139.19866,36.33713],[139.19838,36.33716],[139.19837,36.33709],[139.19834,36.3367],[139.19831,36.33642],[139.19827,36.33605],[139.19751,36.3363],[139.1975,36.33625],[139.19618,36.33663],[139.19579,36.33675],[139.19537,36.33686],[139.19504,36.33696],[139.19438,36.33715],[139.19428,36.33641],[139.19413,36.33534],[139.19294,36.33545],[139.19282,36.3346],[139.19206,36.33467],[139.19205,36.33465],[139.19183,36.33467],[139.19181,36.33451],[139.19156,36.33453],[139.19157,36.33417],[139.19156,36.33365],[139.19157,36.33343],[139.19158,36.33333],[139.19161,36.33275],[139.19162,36.33267],[139.19163,36.33256],[139.19164,36.33237],[139.19164,36.33236],[139.19165,36.33226],[139.19165,36.33205],[139.19165,36.33199],[139.19165,36.33191],[139.19164,36.33181],[139.19163,36.33171],[139.19157,36.33128],[139.19155,36.33112],[139.19145,36.33044],[139.19137,36.32995],[139.19135,36.3298],[139.19132,36.32956],[139.19131,36.32941],[139.1913,36.32912],[139.19131,36.32906],[139.19132,36.32899],[139.19133,36.32896],[139.19134,36.32882],[139.19134,36.32881],[139.19134,36.32875],[139.1913,36.32877],[139.19107,36.32879],[139.19047,36.32884],[139.19046,36.32888],[139.19007,36.32886],[139.19005,36.32894],[139.19002,36.32904],[139.18998,36.32915],[139.18995,36.32925],[139.18991,36.32935],[139.18987,36.32948],[139.18984,36.32956],[139.18982,36.32964],[139.18981,36.3297],[139.18979,36.32975],[139.18977,36.32983],[139.18974,36.32991],[139.18972,36.32999],[139.18968,36.33009],[139.18966,36.33016],[139.18964,36.33023],[139.18963,36.33026],[139.18962,36.3303],[139.1896,36.33035],[139.18955,36.33052],[139.18953,36.33055],[139.1895,36.33066],[139.18947,36.33074],[139.18945,36.33081],[139.18943,36.33088],[139.1894,36.33097],[139.18938,36.33104],[139.18936,36.33109],[139.18934,36.33114],[139.18932,36.33121],[139.18931,36.33123],[139.1893,36.33129],[139.1892,36.33157],[139.1892,36.33158],[139.18915,36.33173],[139.18913,36.33181],[139.18908,36.33196],[139.18905,36.33207],[139.18901,36.33219],[139.18896,36.33236],[139.18889,36.33258],[139.18748,36.33272],[139.18732,36.33274],[139.18718,36.3325],[139.18697,36.33215],[139.18691,36.33203],[139.18689,36.33199],[139.18688,36.33195],[139.18687,36.33193],[139.18684,36.33177],[139.18683,36.33166],[139.18682,36.33151],[139.18681,36.33137],[139.18682,36.3313],[139.18685,36.33119],[139.18692,36.33104],[139.18693,36.33102],[139.18711,36.33077],[139.18721,36.3306],[139.18724,36.33053],[139.18726,36.33047],[139.18727,36.3304],[139.1873,36.33012],[139.18733,36.32988],[139.18734,36.32971],[139.18735,36.32967],[139.18739,36.32961],[139.18744,36.32954],[139.18749,36.32949],[139.18769,36.32933],[139.18773,36.32928],[139.18776,36.32923],[139.1878,36.32911],[139.18786,36.32897],[139.18803,36.32887],[139.18825,36.32875],[139.18844,36.32864],[139.18863,36.32853],[139.18885,36.32841],[139.18899,36.32834],[139.18915,36.32827],[139.18915,36.32827],[139.18916,36.32822],[139.18918,36.32814],[139.1892,36.32808],[139.18922,36.32805],[139.18923,36.32802],[139.18924,36.328],[139.18926,36.32788],[139.18927,36.32784],[139.18927,36.32782],[139.18928,36.32777],[139.18928,36.32775],[139.18928,36.32771],[139.18928,36.32767],[139.18929,36.32759],[139.18931,36.32746],[139.18933,36.32735],[139.18935,36.32727],[139.18935,36.32715],[139.18936,36.32702],[139.18936,36.32689],[139.18937,36.32679],[139.18938,36.32673],[139.18979,36.32667],[139.18979,36.32658],[139.18979,36.32655],[139.1898,36.32631],[139.18982,36.32607],[139.18983,36.32594],[139.18984,36.32593],[139.18985,36.32583],[139.18986,36.32578],[139.18989,36.32571],[139.18991,36.32569],[139.18997,36.32551],[139.19004,36.32531],[139.19008,36.32517],[139.1901,36.3251],[139.19012,36.325],[139.19018,36.32475],[139.19018,36.32472],[139.19023,36.32449],[139.19033,36.32389],[139.19035,36.32375],[139.19037,36.3236],[139.19032,36.3236],[139.19009,36.32364],[139.18998,36.32365],[139.18999,36.32219],[139.18992,36.32219],[139.18988,36.3222],[139.18949,36.32226],[139.18946,36.32226],[139.18946,36.32226],[139.18945,36.32227],[139.18945,36.32229],[139.18944,36.32232],[139.18941,36.32239],[139.1894,36.32243],[139.18939,36.3225],[139.18937,36.3226],[139.18933,36.3228],[139.18929,36.32296],[139.18915,36.32316],[139.18914,36.3232],[139.18909,36.32344],[139.18902,36.32373],[139.18902,36.32374],[139.18902,36.32375],[139.18901,36.32379],[139.18902,36.32379],[139.18888,36.32394],[139.18868,36.32416],[139.18866,36.32417],[139.18864,36.32418],[139.18862,36.32419],[139.18861,36.32419],[139.18853,36.32425],[139.18831,36.32439],[139.18829,36.32441],[139.18824,36.32444],[139.18822,36.32441],[139.18799,36.32444],[139.18795,36.32445],[139.18788,36.32447],[139.18784,36.32451],[139.18779,36.32457],[139.18774,36.32463],[139.1877,36.32472],[139.18765,36.32483],[139.18762,36.32493],[139.18755,36.32517],[139.18754,36.32519],[139.18753,36.32521],[139.18752,36.32523],[139.18752,36.32525],[139.1875,36.32529],[139.18748,36.32534],[139.18739,36.32552],[139.1873,36.32569],[139.18729,36.32568],[139.18727,36.32571],[139.18701,36.32589],[139.18699,36.32591],[139.18662,36.32592],[139.18649,36.326],[139.18643,36.32601],[139.1863,36.32601],[139.18625,36.32603],[139.18614,36.32613],[139.18609,36.32613],[139.1859,36.32614],[139.1858,36.32615],[139.18558,36.32619],[139.18556,36.3262],[139.18556,36.32627],[139.18557,36.32638],[139.18559,36.3265],[139.18559,36.32655],[139.18559,36.32661],[139.18561,36.32683],[139.18562,36.32686],[139.18563,36.32699],[139.18564,36.32706],[139.18576,36.32829],[139.18568,36.32865],[139.18557,36.3291],[139.18554,36.32918],[139.18404,36.33003],[139.18251,36.33091],[139.18252,36.33093],[139.18253,36.33097],[139.18254,36.33101],[139.18256,36.33105],[139.18258,36.33108],[139.18259,36.33111],[139.18262,36.33114],[139.18266,36.33118],[139.18265,36.33119],[139.18269,36.33123],[139.18272,36.33124],[139.18273,36.33126],[139.18283,36.33137],[139.18279,36.33142],[139.18271,36.33148],[139.18231,36.33167],[139.18225,36.33233],[139.18252,36.33232],[139.18257,36.33232],[139.18256,36.33208],[139.18403,36.33199],[139.1841,36.33198],[139.1841,36.33195],[139.18403,36.33127],[139.18401,36.33101],[139.18404,36.33101],[139.18427,36.331],[139.18548,36.33092],[139.18556,36.33116],[139.18563,36.33136],[139.18565,36.33147],[139.18569,36.33182],[139.1857,36.33184],[139.1857,36.33192],[139.1857,36.33194],[139.18571,36.33239],[139.18571,36.33248],[139.18575,36.33271],[139.18578,36.33294],[139.18581,36.33314],[139.18582,36.33328],[139.18582,36.33329],[139.18583,36.33331],[139.18589,36.3337],[139.18592,36.33391],[139.18596,36.33432],[139.18603,36.33486],[139.18608,36.33529],[139.1861,36.33554],[139.18615,36.33601],[139.18619,36.33649],[139.18626,36.33719],[139.18664,36.33718],[139.1871,36.33718],[139.18723,36.3385],[139.18741,36.33848],[139.18834,36.33848],[139.18846,36.33848],[139.18855,36.33847],[139.1886,36.33847],[139.18888,36.33846],[139.18879,36.33878],[139.18873,36.33896],[139.18873,36.33906],[139.18873,36.33916],[139.18926,36.33918],[139.19031,36.33909],[139.19036,36.33911],[139.19156,36.339],[139.19163,36.33854],[139.19165,36.33838],[139.19248,36.33831],[139.19318,36.33824],[139.19321,36.3384],[139.19327,36.33885],[139.19355,36.33882],[139.19392,36.33879],[139.19398,36.33878],[139.19458,36.33873],[139.19471,36.33872],[139.19488,36.3387],[139.19508,36.33868],[139.19521,36.33867],[139.19526,36.33867],[139.19545,36.33865],[139.19551,36.33864],[139.19557,36.33864],[139.19572,36.33862],[139.19587,36.33861],[139.19646,36.33856],[139.19655,36.33855],[139.19671,36.33854],[139.19701,36.33851],[139.19725,36.33849],[139.1974,36.33848],[139.19777,36.33844],[139.19782,36.33843],[139.19794,36.33842],[139.19862,36.33836],[139.19877,36.33835],[139.19942,36.33829],[139.1996,36.33827],[139.19993,36.33824],[139.19989,36.33779],[139.19986,36.33747],[139.19977,36.33644],[139.19968,36.33547],[139.19937,36.332],[139.19935,36.33184],[139.19929,36.33111],[139.199,36.33114]],[[139.18841,36.33694],[139.18844,36.33678],[139.18851,36.33611],[139.18853,36.33594],[139.18856,36.33576],[139.18857,36.33561],[139.18857,36.33548],[139.18855,36.33535],[139.18854,36.33528],[139.18852,36.33521],[139.18845,36.33514],[139.18853,36.33492],[139.18874,36.33489],[139.18897,36.33487],[139.18906,36.33486],[139.18918,36.33486],[139.18926,36.33487],[139.18933,36.33489],[139.18939,36.33492],[139.18943,36.33495],[139.18959,36.33508],[139.18965,36.33513],[139.18987,36.33527],[139.19012,36.33541],[139.19023,36.33548],[139.19054,36.3356],[139.19117,36.33585],[139.19141,36.33592],[139.19152,36.33596],[139.19163,36.336],[139.19185,36.33605],[139.19186,36.33636],[139.19187,36.33689],[139.19187,36.33708],[139.19186,36.33717],[139.19183,36.33736],[139.19175,36.3378],[139.19102,36.33786],[139.18942,36.338],[139.18957,36.33705],[139.18841,36.33694]]]}},{"type":"Feature","properties":{"n":"第１種住居地域","c":5,"bcr":60,"far":200},"geometry":{"type":"Polygon","coordinates":[[[139.20923,36.31261],[139.20923,36.31257],[139.20915,36.31261],[139.20899,36.31269],[139.20879,36.31279],[139.20873,36.31282],[139.2086,36.31269],[139.2086,36.31268],[139.20862,36.3126],[139.20863,36.31253],[139.20863,36.31251],[139.20865,36.31225],[139.20865,36.3122],[139.20866,36.31213],[139.20868,36.31208],[139.20871,36.31201],[139.20872,36.31199],[139.20873,36.31193],[139.20877,36.31176],[139.20882,36.31153],[139.20886,36.31141],[139.20892,36.31131],[139.209,36.31119],[139.20911,36.31108],[139.20927,36.31092],[139.20951,36.31068],[139.20973,36.31044],[139.20981,36.31035],[139.20993,36.31019],[139.20999,36.31006],[139.21,36.31003],[139.21004,36.30998],[139.21007,36.30991],[139.21009,36.30986],[139.21009,36.30982],[139.21008,36.3097],[139.21012,36.30967],[139.21025,36.30955],[139.21033,36.30946],[139.2104,36.30938],[139.21067,36.30903],[139.21109,36.30852],[139.21158,36.30789],[139.21202,36.30735],[139.21264,36.30656],[139.21283,36.30633],[139.21292,36.30621],[139.213,36.30612],[139.21306,36.30605],[139.21313,36.30598],[139.21319,36.30593],[139.21331,36.30583],[139.21339,36.30577],[139.21349,36.3057],[139.21364,36.30561],[139.21398,36.3054],[139.21392,36.30538],[139.21387,36.30537],[139.21385,36.30536],[139.21379,36.30536],[139.21373,36.30536],[139.21368,36.30535],[139.21358,36.30533],[139.21352,36.30532],[139.21356,36.30512],[139.21357,36.30493],[139.21362,36.30479],[139.21368,36.3047],[139.21389,36.30438],[139.21392,36.30433],[139.21397,36.30421],[139.21401,36.30413],[139.21405,36.30406],[139.21294,36.30382],[139.21268,36.30378],[139.21242,36.30375],[139.21218,36.30373],[139.2119,36.30374],[139.21142,36.30376],[139.21061,36.30379],[139.21061,36.30387],[139.2106,36.30403],[139.21056,36.30481],[139.21048,36.3048],[139.21004,36.30473],[139.20974,36.30469],[139.20943,36.30464],[139.20834,36.30449],[139.20783,36.30443],[139.20772,36.30441],[139.20728,36.30438],[139.20734,36.30411],[139.20737,36.30394],[139.20738,36.30386],[139.20725,36.30384],[139.20713,36.30382],[139.20718,36.30375],[139.20767,36.30313],[139.2081,36.30256],[139.20822,36.30241],[139.20828,36.30232],[139.20834,36.30224],[139.2084,36.30214],[139.20846,36.30201],[139.2085,36.3019],[139.20856,36.30175],[139.20878,36.30111],[139.20883,36.30097],[139.20887,36.30083],[139.2089,36.30075],[139.20908,36.30023],[139.20931,36.29957],[139.20943,36.29925],[139.20945,36.29919],[139.20946,36.29916],[139.20951,36.299],[139.20954,36.29892],[139.20947,36.2989],[139.20922,36.29882],[139.20911,36.29879],[139.20904,36.299],[139.209,36.29912],[139.20889,36.29913],[139.20849,36.29918],[139.20846,36.29932],[139.20841,36.29953],[139.20838,36.29969],[139.20835,36.29983],[139.20834,36.29989],[139.20831,36.2999],[139.20823,36.30014],[139.20807,36.3006],[139.20796,36.30092],[139.20792,36.30104],[139.20791,36.30106],[139.20774,36.30156],[139.20769,36.3017],[139.20766,36.30178],[139.20762,36.30187],[139.20758,36.30193],[139.20754,36.30199],[139.20749,36.30206],[139.20739,36.30219],[139.20695,36.30276],[139.20685,36.30289],[139.20673,36.30291],[139.20657,36.30294],[139.20654,36.30295],[139.2065,36.30296],[139.20629,36.30303],[139.20612,36.30309],[139.20601,36.30312],[139.20595,36.30314],[139.20589,36.30315],[139.20583,36.30315],[139.2057,36.30315],[139.20561,36.30315],[139.20555,36.30315],[139.2055,36.30314],[139.20543,36.30312],[139.20535,36.3031],[139.20527,36.30308],[139.2052,36.30307],[139.20514,36.30307],[139.20507,36.30307],[139.20498,36.30308],[139.20481,36.3031],[139.20478,36.30288],[139.20475,36.30254],[139.20473,36.30237],[139.20467,36.30176],[139.20465,36.30167],[139.20463,36.30125],[139.20458,36.30122],[139.2044,36.30105],[139.20453,36.30088],[139.20456,36.30081],[139.2045,36.30079],[139.20446,36.30076],[139.20436,36.30071],[139.20421,36.30063],[139.20411,36.30059],[139.20408,36.30058],[139.20401,36.30055],[139.2036,36.30042],[139.20359,36.30043],[139.20352,36.30061],[139.20343,36.30083],[139.20327,36.30127],[139.20322,36.30141],[139.20318,36.30152],[139.20297,36.30214],[139.20312,36.30225],[139.20315,36.30227],[139.20317,36.30229],[139.20327,36.30237],[139.20339,36.3025],[139.20352,36.30265],[139.20365,36.30278],[139.20373,36.30286],[139.20379,36.30293],[139.20383,36.30297],[139.20393,36.30308],[139.20401,36.30316],[139.20405,36.30321],[139.20411,36.30327],[139.2042,36.30336],[139.20423,36.3034],[139.20428,36.30347],[139.20431,36.30352],[139.20435,36.30358],[139.20438,36.30364],[139.2044,36.30369],[139.20443,36.30376],[139.20445,36.30382],[139.20447,36.30389],[139.20448,36.30393],[139.20448,36.30397],[139.20449,36.304],[139.20449,36.30403],[139.20451,36.30404],[139.20453,36.30404],[139.20463,36.30405],[139.20474,36.30405],[139.20486,36.30406],[139.20486,36.30406],[139.20495,36.30407],[139.20506,36.30407],[139.2051,36.30407],[139.20526,36.30407],[139.20527,36.30407],[139.20545,36.30406],[139.20548,36.30406],[139.2055,36.30406],[139.20557,36.30406],[139.2057,36.30406],[139.20601,36.30405],[139.20636,36.30405],[139.20639,36.30405],[139.20649,36.30405],[139.20642,36.3042],[139.20638,36.30433],[139.20635,36.30442],[139.20634,36.3045],[139.20633,36.30457],[139.20633,36.30464],[139.20633,36.30467],[139.20623,36.30467],[139.20601,36.30467],[139.20594,36.30467],[139.20583,36.30467],[139.20582,36.30467],[139.20511,36.30468],[139.20505,36.30468],[139.20493,36.30468],[139.20485,36.30467],[139.20473,36.30467],[139.20463,36.30466],[139.20439,36.30464],[139.20433,36.30477],[139.20427,36.30492],[139.20426,36.30495],[139.20419,36.30511],[139.20413,36.30526],[139.20411,36.3053],[139.20409,36.30536],[139.20406,36.30542],[139.20401,36.30556],[139.20398,36.30562],[139.20392,36.30578],[139.2039,36.30583],[139.20386,36.30594],[139.20383,36.30603],[139.20381,36.30607],[139.20376,36.30622],[139.2037,36.30639],[139.20366,36.30649],[139.20365,36.30653],[139.20363,36.30657],[139.20361,36.30661],[139.20358,36.30667],[139.20356,36.3067],[139.20353,36.30674],[139.20351,36.30678],[139.2035,36.30679],[139.20347,36.30683],[139.20345,36.30687],[139.20341,36.30692],[139.20329,36.30709],[139.20321,36.30721],[139.20316,36.30729],[139.203,36.30729],[139.20295,36.30728],[139.20291,36.30728],[139.20282,36.30725],[139.20276,36.30724],[139.20267,36.30722],[139.20255,36.30718],[139.2024,36.30713],[139.20252,36.30695],[139.20263,36.3068],[139.20273,36.30665],[139.20277,36.3066],[139.20283,36.3065],[139.20287,36.30644],[139.2029,36.3064],[139.2029,36.30639],[139.20291,36.30638],[139.20292,36.30633],[139.20293,36.30631],[139.20297,36.3062],[139.20299,36.30616],[139.20301,36.30611],[139.20307,36.30593],[139.20309,36.30588],[139.2031,36.30585],[139.20315,36.3057],[139.20319,36.30561],[139.20321,36.30555],[139.20322,36.30552],[139.20329,36.30535],[139.20331,36.30531],[139.20332,36.30529],[139.2034,36.30511],[139.2034,36.30508],[139.20347,36.30493],[139.20348,36.3049],[139.20349,36.30487],[139.20351,36.30484],[139.20353,36.30479],[139.20359,36.30463],[139.20368,36.30442],[139.20373,36.3043],[139.20373,36.30428],[139.20374,36.30424],[139.20374,36.3042],[139.20374,36.30417],[139.20374,36.30413],[139.20374,36.30409],[139.20374,36.30406],[139.20373,36.30402],[139.20371,36.30397],[139.2037,36.30394],[139.20367,36.30386],[139.20364,36.30381],[139.20361,36.30376],[139.20357,36.30371],[139.2035,36.30363],[139.20341,36.30354],[139.2033,36.30342],[139.20328,36.30339],[139.2032,36.30331],[139.20312,36.30323],[139.20304,36.30314],[139.20303,36.30313],[139.20292,36.30302],[139.2029,36.303],[139.2028,36.3029],[139.20267,36.30278],[139.20261,36.30274],[139.2025,36.30267],[139.20249,36.30271],[139.20244,36.30281],[139.20233,36.3031],[139.20228,36.30323],[139.20225,36.30329],[139.20222,36.3034],[139.2021,36.30376],[139.20206,36.3039],[139.20202,36.30402],[139.202,36.30406],[139.20199,36.30412],[139.20198,36.3042],[139.20197,36.30424],[139.20196,36.30431],[139.20191,36.30462],[139.20189,36.30476],[139.20188,36.30482],[139.20214,36.30492],[139.20233,36.30499],[139.2024,36.30502],[139.20246,36.30505],[139.20251,36.30507],[139.20258,36.30512],[139.20266,36.30517],[139.20281,36.30522],[139.20285,36.30526],[139.20286,36.30528],[139.20287,36.30529],[139.20288,36.30531],[139.20288,36.30534],[139.20288,36.30538],[139.20286,36.30546],[139.20257,36.30588],[139.20252,36.30594],[139.20244,36.30616],[139.20241,36.30622],[139.20236,36.30628],[139.20223,36.3064],[139.2022,36.30644],[139.20218,36.30647],[139.20214,36.30662],[139.20214,36.30665],[139.20213,36.30668],[139.20213,36.30669],[139.20213,36.30672],[139.20215,36.30681],[139.20216,36.30686],[139.20217,36.3069],[139.20216,36.30694],[139.20215,36.30699],[139.20214,36.30701],[139.2021,36.30708],[139.20187,36.30737],[139.20183,36.30741],[139.2018,36.30744],[139.20177,36.30745],[139.20175,36.30746],[139.20172,36.30747],[139.20169,36.30747],[139.20162,36.30748],[139.20159,36.30748],[139.20154,36.30749],[139.20151,36.3075],[139.20149,36.30751],[139.20148,36.30752],[139.20146,36.30754],[139.20144,36.30758],[139.20141,36.30764],[139.20139,36.30767],[139.20135,36.30776],[139.20131,36.30786],[139.20128,36.30796],[139.20126,36.30805],[139.20122,36.30821],[139.2012,36.30833],[139.20119,36.30841],[139.20118,36.30851],[139.20118,36.30855],[139.20117,36.3086],[139.20115,36.30866],[139.20114,36.30869],[139.20111,36.30874],[139.20107,36.3088],[139.20101,36.30887],[139.20093,36.30895],[139.20086,36.30902],[139.20081,36.30909],[139.20078,36.30914],[139.20075,36.30916],[139.20073,36.30918],[139.20069,36.30919],[139.2006,36.30919],[139.20046,36.3092],[139.20035,36.3092],[139.20022,36.30921],[139.20015,36.30922],[139.2001,36.30922],[139.20007,36.30923],[139.20003,36.30925],[139.19999,36.30926],[139.19992,36.30929],[139.1998,36.30936],[139.19963,36.30945],[139.19939,36.30957],[139.19915,36.30968],[139.19908,36.30973],[139.19905,36.30976],[139.19902,36.30979],[139.199,36.30983],[139.19898,36.30986],[139.19897,36.30991],[139.19889,36.31012],[139.19885,36.31023],[139.1988,36.31033],[139.19878,36.31039],[139.19876,36.31046],[139.19874,36.31057],[139.19872,36.3107],[139.19871,36.31077],[139.1987,36.31086],[139.19869,36.31091],[139.19869,36.31094],[139.19867,36.31099],[139.19865,36.31104],[139.19863,36.31108],[139.1986,36.31114],[139.19858,36.31118],[139.19857,36.31121],[139.19854,36.31125],[139.19849,36.31132],[139.19841,36.31142],[139.1988,36.3114],[139.19914,36.31139],[139.19938,36.31138],[139.19942,36.31138],[139.19946,36.31137],[139.19973,36.31136],[139.19991,36.31135],[139.20022,36.31133],[139.20024,36.31133],[139.20035,36.31133],[139.20054,36.31132],[139.20074,36.31131],[139.20112,36.31129],[139.20116,36.31129],[139.2013,36.31128],[139.20153,36.31127],[139.20161,36.31126],[139.20175,36.31125],[139.2018,36.31125],[139.20195,36.31124],[139.2021,36.31123],[139.20233,36.31122],[139.20251,36.31121],[139.20259,36.31121],[139.20264,36.31121],[139.20282,36.3112],[139.20297,36.31119],[139.20319,36.31118],[139.20334,36.31117],[139.20347,36.31116],[139.20359,36.31116],[139.20374,36.31115],[139.20383,36.31114],[139.20389,36.31114],[139.20404,36.31113],[139.20428,36.31112],[139.20444,36.31111],[139.20452,36.3111],[139.20462,36.3111],[139.2047,36.3111],[139.20492,36.31108],[139.20514,36.31107],[139.20519,36.31107],[139.20539,36.31106],[139.20549,36.31105],[139.20554,36.31105],[139.20575,36.31104],[139.20589,36.31103],[139.20593,36.31103],[139.20647,36.311],[139.20648,36.311],[139.20658,36.31099],[139.20654,36.31134],[139.20658,36.31167],[139.20647,36.31168],[139.20645,36.31168],[139.20616,36.3117],[139.20597,36.31171],[139.20584,36.31171],[139.20577,36.31172],[139.20575,36.31172],[139.2055,36.31173],[139.20542,36.31173],[139.20523,36.31174],[139.20517,36.31175],[139.20495,36.31176],[139.20495,36.31176],[139.20468,36.31177],[139.20445,36.31179],[139.20443,36.31179],[139.20413,36.3118],[139.20403,36.31181],[139.20385,36.31182],[139.20379,36.31182],[139.20366,36.31183],[139.20337,36.31184],[139.20335,36.31185],[139.20317,36.31185],[139.20307,36.31186],[139.20274,36.31188],[139.20255,36.31189],[139.20247,36.31189],[139.20223,36.31191],[139.20202,36.31192],[139.20188,36.31193],[139.20176,36.31193],[139.20153,36.31194],[139.20111,36.31197],[139.20089,36.31198],[139.20081,36.31198],[139.20075,36.31198],[139.2004,36.312],[139.19995,36.31203],[139.19985,36.31203],[139.19962,36.31204],[139.19935,36.31206],[139.19931,36.31206],[139.19924,36.31206],[139.19913,36.31207],[139.19902,36.31207],[139.1989,36.31208],[139.19891,36.31246],[139.19891,36.31269],[139.19891,36.31391],[139.19981,36.31386],[139.20155,36.31377],[139.20225,36.31373],[139.20396,36.31364],[139.2044,36.31439],[139.20447,36.31436],[139.20462,36.3143],[139.20478,36.31424],[139.20494,36.31417],[139.20511,36.31411],[139.20546,36.31398],[139.20581,36.31385],[139.20613,36.31373],[139.20645,36.31361],[139.20667,36.31353],[139.20674,36.3135],[139.20687,36.31345],[139.20723,36.31555],[139.20733,36.31555],[139.20785,36.31556],[139.2079,36.31557],[139.20804,36.31638],[139.20823,36.3175],[139.20824,36.31761],[139.20837,36.31839],[139.20844,36.31878],[139.20873,36.31874],[139.20881,36.31873],[139.21007,36.31869],[139.21008,36.31875],[139.2113,36.31863],[139.2113,36.31846],[139.21134,36.31847],[139.21139,36.31848],[139.21143,36.31848],[139.21147,36.31848],[139.2115,36.31849],[139.21155,36.31849],[139.21161,36.31848],[139.21167,36.31847],[139.21257,36.31834],[139.21237,36.3171],[139.21114,36.31723],[139.21001,36.31736],[139.20991,36.31676],[139.20972,36.31564],[139.20971,36.3156],[139.20969,36.31549],[139.20953,36.31453],[139.20939,36.31367],[139.20926,36.31294],[139.20923,36.31261]]]}},{"type":"Feature","properties":{"n":"第２種中高層住居専用地域","c":4,"bcr":60,"far":200},"geometry":{"type":"Polygon","coordinates":[[[139.24416,36.34802],[139.24328,36.34837],[139.2433,36.34846],[139.24331,36.34849],[139.24331,36.3485],[139.24332,36.34852],[139.24224,36.34897],[139.24133,36.34933],[139.24055,36.34962],[139.23928,36.35006],[139.239,36.35017],[139.239,36.35025],[139.23899,36.3503],[139.23894,36.3503],[139.23878,36.35032],[139.23831,36.35039],[139.2383,36.35039],[139.23827,36.35039],[139.23826,36.3504],[139.23819,36.35043],[139.23819,36.35044],[139.23817,36.35044],[139.23812,36.35045],[139.23807,36.35045],[139.23805,36.35046],[139.23794,36.35047],[139.23787,36.35048],[139.23784,36.35049],[139.23767,36.35051],[139.23755,36.35053],[139.23747,36.35055],[139.23737,36.35056],[139.23719,36.35058],[139.23706,36.35061],[139.23648,36.35077],[139.23645,36.35078],[139.23638,36.3508],[139.23613,36.35087],[139.23611,36.35088],[139.23591,36.35093],[139.2359,36.35091],[139.23577,36.35094],[139.2358,36.35109],[139.2358,36.3511],[139.2358,36.3511],[139.2358,36.35112],[139.2358,36.35114],[139.23579,36.35115],[139.23575,36.35117],[139.23574,36.35117],[139.23551,36.35123],[139.23544,36.35126],[139.23541,36.35127],[139.23535,36.35129],[139.23532,36.3513],[139.23531,36.3513],[139.23516,36.35132],[139.23502,36.35134],[139.23496,36.35136],[139.23477,36.35139],[139.23474,36.3514],[139.23467,36.35141],[139.23466,36.35139],[139.23463,36.35138],[139.23463,36.35134],[139.23459,36.35127],[139.23455,36.35118],[139.23331,36.35152],[139.23346,36.35164],[139.23346,36.35165],[139.23347,36.35166],[139.23347,36.35167],[139.23348,36.35168],[139.23352,36.35172],[139.23349,36.35171],[139.23357,36.35178],[139.23367,36.35186],[139.23392,36.35209],[139.23411,36.35225],[139.23431,36.35241],[139.23475,36.35275],[139.23496,36.35294],[139.23514,36.35306],[139.23526,36.35317],[139.23559,36.35343],[139.23602,36.35379],[139.23608,36.35377],[139.23616,36.35376],[139.2362,36.35376],[139.23625,36.35375],[139.23683,36.35362],[139.23691,36.3536],[139.23692,36.3536],[139.23693,36.3536],[139.23698,36.35358],[139.23715,36.35355],[139.23748,36.35347],[139.23753,36.35346],[139.2376,36.35345],[139.23783,36.3534],[139.23789,36.35338],[139.23804,36.35335],[139.23814,36.35333],[139.23825,36.3533],[139.23845,36.35325],[139.23858,36.35323],[139.23896,36.35314],[139.23911,36.35311],[139.23947,36.35303],[139.23959,36.353],[139.23971,36.35298],[139.23969,36.35305],[139.23966,36.35319],[139.23964,36.35323],[139.23943,36.35408],[139.23943,36.35409],[139.23943,36.35413],[139.23896,36.35493],[139.23865,36.35548],[139.23853,36.35569],[139.23852,36.35571],[139.23852,36.35572],[139.23852,36.35572],[139.23853,36.35573],[139.23854,36.35575],[139.23857,36.35577],[139.23867,36.35585],[139.23876,36.35591],[139.23883,36.35596],[139.23886,36.35598],[139.2389,36.356],[139.23891,36.35601],[139.23892,36.35602],[139.23894,36.35602],[139.23895,36.35602],[139.23904,36.35606],[139.23907,36.35608],[139.2391,36.35611],[139.23918,36.3562],[139.23922,36.35623],[139.23929,36.35629],[139.23928,36.35634],[139.23929,36.35636],[139.23946,36.35651],[139.23957,36.3566],[139.23968,36.35668],[139.23981,36.35679],[139.23993,36.35687],[139.24042,36.35721],[139.24044,36.35724],[139.24071,36.35743],[139.24078,36.35749],[139.24135,36.35794],[139.2417,36.35823],[139.24199,36.35847],[139.2423,36.35872],[139.24233,36.35874],[139.2425,36.35888],[139.24274,36.35907],[139.24349,36.3597],[139.24356,36.35975],[139.24424,36.36038],[139.24433,36.36047],[139.24446,36.36059],[139.24471,36.36081],[139.24476,36.36086],[139.24488,36.36095],[139.24508,36.36111],[139.24563,36.36154],[139.24632,36.36208],[139.24639,36.3621],[139.24647,36.36154],[139.24648,36.3615],[139.24649,36.3614],[139.2465,36.36137],[139.24651,36.36132],[139.24652,36.3612],[139.24663,36.36049],[139.24661,36.36046],[139.2466,36.36042],[139.24663,36.3604],[139.2467,36.35995],[139.24668,36.35993],[139.24668,36.35991],[139.24669,36.35985],[139.2467,36.35982],[139.24672,36.35982],[139.24676,36.3596],[139.24686,36.35887],[139.24686,36.35876],[139.24704,36.35877],[139.24744,36.35881],[139.24776,36.35884],[139.24807,36.35888],[139.24813,36.35888],[139.24827,36.3589],[139.24865,36.35894],[139.24876,36.35895],[139.24912,36.35898],[139.24939,36.35901],[139.24943,36.35902],[139.24974,36.35905],[139.24988,36.35906],[139.24989,36.35906],[139.24989,36.35906],[139.24987,36.35905],[139.24983,36.35899],[139.24979,36.35895],[139.24974,36.35888],[139.24968,36.3588],[139.24959,36.35866],[139.24952,36.35855],[139.24951,36.35853],[139.24948,36.35847],[139.24943,36.35837],[139.24941,36.35832],[139.24937,36.35819],[139.24935,36.35815],[139.24934,36.3581],[139.24932,36.35803],[139.24925,36.35778],[139.24923,36.35769],[139.24914,36.35733],[139.24911,36.35724],[139.2491,36.35721],[139.24905,36.35703],[139.24904,36.35695],[139.24901,36.35681],[139.249,36.35677],[139.24893,36.35651],[139.24889,36.35638],[139.24889,36.35636],[139.24899,36.35635],[139.24924,36.35633],[139.24945,36.35631],[139.24957,36.3563],[139.24958,36.3563],[139.24958,36.35629],[139.24959,36.35623],[139.24959,36.35619],[139.24959,36.35612],[139.24958,36.356],[139.24958,36.35596],[139.24959,36.35591],[139.24959,36.35579],[139.2496,36.35577],[139.24961,36.35569],[139.24964,36.35555],[139.24965,36.3555],[139.24965,36.35549],[139.24965,36.35548],[139.24963,36.35538],[139.24962,36.3553],[139.24962,36.35529],[139.24958,36.35523],[139.24958,36.3552],[139.24958,36.3552],[139.24958,36.35519],[139.24955,36.35516],[139.24948,36.35507],[139.24946,36.35504],[139.24944,36.35501],[139.24942,36.35497],[139.24939,36.35491],[139.24937,36.35486],[139.24936,36.35483],[139.24934,36.35478],[139.24934,36.35477],[139.24934,36.35476],[139.24935,36.35463],[139.24935,36.35462],[139.24934,36.35458],[139.24933,36.35453],[139.2493,36.35442],[139.24929,36.35439],[139.24928,36.35435],[139.24927,36.3543],[139.24927,36.35425],[139.24927,36.35419],[139.24927,36.35417],[139.24928,36.3541],[139.24934,36.35399],[139.24937,36.35393],[139.24944,36.3538],[139.2495,36.35367],[139.24952,36.35365],[139.24952,36.35364],[139.24955,36.35361],[139.24957,36.35358],[139.2496,36.35356],[139.24965,36.35353],[139.2497,36.35349],[139.24973,36.35346],[139.2498,36.35339],[139.24993,36.35328],[139.24996,36.35325],[139.24997,36.35323],[139.25,36.3532],[139.25009,36.35302],[139.25013,36.35297],[139.25014,36.35296],[139.2502,36.35288],[139.25025,36.35283],[139.25026,36.35281],[139.25028,36.35277],[139.2503,36.35273],[139.25031,36.35269],[139.25032,36.35262],[139.25034,36.35257],[139.25037,36.35249],[139.25045,36.35237],[139.25048,36.35229],[139.25049,36.35227],[139.25049,36.35226],[139.25047,36.3522],[139.25041,36.35207],[139.25038,36.35202],[139.25036,36.35196],[139.25019,36.35197],[139.25003,36.35196],[139.24998,36.35196],[139.24955,36.35195],[139.24941,36.35195],[139.2491,36.35194],[139.24896,36.35194],[139.24894,36.35194],[139.24892,36.35193],[139.24891,36.35193],[139.24887,36.3518],[139.24885,36.35169],[139.24883,36.35164],[139.24878,36.35146],[139.24878,36.35142],[139.24875,36.35132],[139.24868,36.35104],[139.24867,36.351],[139.24864,36.35093],[139.24861,36.3508],[139.2486,36.35074],[139.24859,36.35068],[139.24858,36.3506],[139.24856,36.35046],[139.24855,36.35038],[139.24855,36.35035],[139.24856,36.35032],[139.24858,36.35027],[139.24857,36.35025],[139.24854,36.35011],[139.24854,36.35008],[139.24851,36.34991],[139.24849,36.34984],[139.24841,36.34955],[139.24829,36.34915],[139.24828,36.34911],[139.24826,36.34903],[139.24817,36.34892],[139.2481,36.34882],[139.248,36.3487],[139.24796,36.34865],[139.24781,36.34846],[139.24763,36.34822],[139.2473,36.34779],[139.24716,36.34761],[139.24709,36.34751],[139.24704,36.34744],[139.24696,36.34733],[139.24687,36.34721],[139.24679,36.34712],[139.24679,36.34711],[139.24668,36.34695],[139.24667,36.34696],[139.24536,36.34752],[139.24428,36.34797],[139.24426,36.34798],[139.24416,36.34802]],[[139.24139,36.35004],[139.2414,36.34944],[139.2414,36.34939],[139.24151,36.34939],[139.24158,36.34939],[139.24215,36.3494],[139.24251,36.3494],[139.24263,36.3494],[139.24304,36.3494],[139.24325,36.3494],[139.24332,36.3494],[139.24332,36.34946],[139.24331,36.34968],[139.24333,36.35005],[139.24332,36.35039],[139.24332,36.35055],[139.24332,36.35067],[139.24332,36.35071],[139.24332,36.35071],[139.24332,36.35072],[139.24324,36.35076],[139.24302,36.35091],[139.24287,36.351],[139.24271,36.351],[139.2426,36.351],[139.24258,36.35102],[139.24257,36.35115],[139.24257,36.35135],[139.24257,36.35139],[139.24257,36.35141],[139.24255,36.35143],[139.24253,36.35146],[139.2425,36.35148],[139.24247,36.35149],[139.24242,36.35152],[139.24235,36.35156],[139.24232,36.35159],[139.24229,36.35162],[139.24229,36.35163],[139.24229,36.35166],[139.24229,36.35181],[139.24231,36.35189],[139.24238,36.35215],[139.24247,36.35223],[139.24252,36.35227],[139.24254,36.35229],[139.24255,36.35232],[139.24255,36.3524],[139.24255,36.35259],[139.24255,36.35263],[139.24254,36.35324],[139.24254,36.35375],[139.24254,36.35397],[139.24256,36.35404],[139.24247,36.35405],[139.24186,36.35409],[139.24181,36.3541],[139.24171,36.35411],[139.24165,36.35412],[139.24158,36.35414],[139.24148,36.35417],[139.24146,36.35412],[139.24146,36.35412],[139.24148,36.35408],[139.24148,36.35408],[139.24148,36.35407],[139.24146,36.35404],[139.24143,36.35398],[139.24141,36.35392],[139.2414,36.3539],[139.24139,36.35386],[139.24138,36.3538],[139.24137,36.35375],[139.24137,36.35371],[139.24137,36.3536],[139.24137,36.35358],[139.24137,36.35324],[139.24137,36.35298],[139.24137,36.35288],[139.24138,36.35272],[139.24138,36.35225],[139.24137,36.35194],[139.24138,36.35186],[139.24138,36.35155],[139.24138,36.35139],[139.24138,36.35127],[139.24138,36.35108],[139.24139,36.351],[139.24139,36.35004]]]}},{"type":"Feature","properties":{"n":"準工業地域","c":11,"bcr":60,"far":200},"geometry":{"type":"Polygon","coordinates":[[[139.15496,36.33633],[139.1553,36.33662],[139.1554,36.33671],[139.15543,36.33669],[139.15681,36.33565],[139.15711,36.33543],[139.15765,36.33506],[139.15804,36.33481],[139.15856,36.3345],[139.15859,36.33448],[139.15867,36.33457],[139.15928,36.33522],[139.15934,36.33528],[139.16106,36.33712],[139.16123,36.33708],[139.16141,36.33704],[139.16149,36.33702],[139.16167,36.33698],[139.16171,36.33698],[139.16307,36.33671],[139.1631,36.3367],[139.16329,36.33667],[139.16331,36.33667],[139.16392,36.3366],[139.16409,36.33659],[139.16426,36.33656],[139.1645,36.33652],[139.16468,36.33647],[139.16489,36.33641],[139.16492,36.3364],[139.16495,36.33639],[139.16539,36.33626],[139.16554,36.33619],[139.16564,36.33615],[139.16582,36.33606],[139.16603,36.33594],[139.1661,36.33591],[139.16615,36.33587],[139.16621,36.33583],[139.16631,36.33576],[139.1664,36.33568],[139.16647,36.33562],[139.16653,36.33557],[139.16658,36.33552],[139.16661,36.33548],[139.16666,36.33543],[139.1667,36.33537],[139.16674,36.33531],[139.16681,36.3352],[139.16685,36.33506],[139.16704,36.33452],[139.16704,36.33452],[139.16703,36.33451],[139.16709,36.33441],[139.16716,36.3343],[139.16719,36.33425],[139.16725,36.33417],[139.1673,36.33409],[139.16771,36.33353],[139.16781,36.33329],[139.16784,36.33321],[139.16797,36.33293],[139.16804,36.3328],[139.16808,36.33271],[139.16812,36.33263],[139.16816,36.33256],[139.1682,36.33249],[139.1683,36.33233],[139.16846,36.33208],[139.16851,36.33201],[139.16855,36.33195],[139.16753,36.33096],[139.16741,36.33084],[139.16714,36.33056],[139.16673,36.33015],[139.16724,36.32968],[139.16759,36.32936],[139.16767,36.32925],[139.16799,36.3288],[139.16807,36.32868],[139.16861,36.32792],[139.16897,36.32741],[139.16925,36.32698],[139.16935,36.32685],[139.16981,36.32609],[139.16991,36.32582],[139.17055,36.32415],[139.1709,36.32406],[139.17095,36.32397],[139.17101,36.32382],[139.17106,36.32368],[139.17105,36.32352],[139.17106,36.32289],[139.17105,36.32274],[139.17105,36.32246],[139.17105,36.32233],[139.17103,36.32221],[139.171,36.32201],[139.17097,36.32188],[139.17094,36.32184],[139.17084,36.32164],[139.17081,36.32161],[139.17078,36.32157],[139.17103,36.32148],[139.17121,36.3214],[139.17131,36.32133],[139.17148,36.32119],[139.17132,36.32091],[139.17131,36.32088],[139.17132,36.32084],[139.17163,36.32028],[139.17163,36.32026],[139.17167,36.32018],[139.17201,36.31941],[139.17203,36.31936],[139.17214,36.31891],[139.17216,36.31883],[139.17232,36.31885],[139.17247,36.31888],[139.17251,36.31879],[139.17265,36.31849],[139.17311,36.31749],[139.17287,36.31742],[139.173,36.31707],[139.1732,36.3171],[139.17335,36.31661],[139.17346,36.31622],[139.17409,36.31476],[139.17394,36.31474],[139.17447,36.31355],[139.17502,36.3135],[139.17583,36.31374],[139.1761,36.31355],[139.17858,36.3133],[139.1786,36.3133],[139.17868,36.31329],[139.1787,36.31329],[139.1788,36.31328],[139.17995,36.31317],[139.18077,36.31309],[139.18081,36.31313],[139.181,36.31332],[139.18105,36.31337],[139.18218,36.31272],[139.18249,36.31309],[139.18269,36.31298],[139.18279,36.31293],[139.18288,36.31289],[139.18294,36.31287],[139.18303,36.31285],[139.18311,36.31283],[139.18338,36.31279],[139.18337,36.31539],[139.18337,36.31545],[139.18337,36.31602],[139.18345,36.31685],[139.18346,36.31693],[139.18352,36.31766],[139.18299,36.3177],[139.18303,36.3181],[139.18304,36.3182],[139.18368,36.3181],[139.18371,36.31819],[139.18385,36.31862],[139.18413,36.31948],[139.18416,36.31956],[139.18413,36.31968],[139.18409,36.31985],[139.18413,36.31985],[139.18416,36.31985],[139.18425,36.31986],[139.18442,36.32035],[139.18413,36.32035],[139.1833,36.32034],[139.1832,36.32034],[139.18323,36.32046],[139.18329,36.32076],[139.18333,36.32095],[139.18335,36.32111],[139.18335,36.32138],[139.18334,36.32151],[139.18332,36.32164],[139.18327,36.32181],[139.18324,36.32189],[139.18333,36.32192],[139.18384,36.32206],[139.18411,36.32214],[139.18482,36.32234],[139.18484,36.32287],[139.18497,36.32338],[139.185,36.32348],[139.18522,36.32403],[139.18577,36.32395],[139.18573,36.32358],[139.18569,36.32307],[139.18567,36.32287],[139.18575,36.32271],[139.18591,36.32237],[139.18608,36.32185],[139.18618,36.32159],[139.1862,36.32154],[139.18633,36.32132],[139.18646,36.32087],[139.18647,36.32083],[139.18575,36.32083],[139.18569,36.32068],[139.18556,36.32024],[139.18531,36.3195],[139.18508,36.31877],[139.18479,36.31789],[139.18433,36.31798],[139.18423,36.318],[139.18415,36.31769],[139.1841,36.31751],[139.18405,36.3173],[139.18399,36.31689],[139.18398,36.31682],[139.18398,36.31676],[139.18397,36.31651],[139.18396,36.31624],[139.18396,36.31579],[139.18406,36.31582],[139.18416,36.31585],[139.1846,36.31599],[139.1846,36.31609],[139.1859,36.31622],[139.18578,36.31637],[139.18597,36.31643],[139.18625,36.31652],[139.1867,36.31667],[139.18677,36.31669],[139.187,36.31676],[139.18747,36.31691],[139.18843,36.31686],[139.1884,36.3168],[139.18839,36.31679],[139.18838,36.31678],[139.18821,36.31642],[139.18804,36.31612],[139.18773,36.31565],[139.18758,36.31543],[139.18734,36.3151],[139.1871,36.3148],[139.18701,36.3147],[139.18699,36.31466],[139.18693,36.31454],[139.18686,36.31439],[139.18685,36.31436],[139.18677,36.31421],[139.18676,36.31419],[139.18675,36.31415],[139.18674,36.31413],[139.18671,36.31406],[139.18668,36.31401],[139.18667,36.31397],[139.18664,36.31392],[139.18663,36.31389],[139.18661,36.31384],[139.1866,36.31381],[139.18657,36.31374],[139.18656,36.3137],[139.18655,36.31366],[139.18654,36.31362],[139.18653,36.31359],[139.18652,36.31355],[139.18651,36.31349],[139.1865,36.31346],[139.1865,36.31341],[139.18649,36.31338],[139.18649,36.31333],[139.18648,36.31327],[139.18648,36.31325],[139.18648,36.31311],[139.18647,36.31305],[139.18648,36.31293],[139.18647,36.31284],[139.18647,36.31277],[139.18647,36.31273],[139.18646,36.31269],[139.18645,36.31265],[139.18644,36.31261],[139.18643,36.31258],[139.18642,36.31254],[139.1864,36.31251],[139.18638,36.31247],[139.18637,36.31244],[139.18635,36.31241],[139.18634,36.31239],[139.18628,36.31232],[139.18614,36.3121],[139.18613,36.31208],[139.18604,36.31194],[139.18598,36.31194],[139.18542,36.31108],[139.18512,36.31061],[139.18441,36.31097],[139.1842,36.31099],[139.18407,36.311],[139.18387,36.31102],[139.1832,36.31108],[139.1832,36.31175],[139.18305,36.31177],[139.18291,36.31178],[139.18275,36.3118],[139.18264,36.31181],[139.18225,36.31184],[139.18187,36.31188],[139.18166,36.3119],[139.18149,36.31192],[139.18108,36.31196],[139.18067,36.312],[139.18064,36.312],[139.17968,36.31209],[139.17925,36.31213],[139.17924,36.31213],[139.17924,36.31213],[139.17921,36.31214],[139.17893,36.31216],[139.17873,36.31218],[139.17866,36.31219],[139.17865,36.31216],[139.17863,36.31208],[139.17861,36.31197],[139.17856,36.31185],[139.17849,36.31173],[139.17844,36.31166],[139.1784,36.31159],[139.17832,36.3115],[139.17794,36.31114],[139.17788,36.31118],[139.17709,36.31174],[139.17673,36.31199],[139.17679,36.31234],[139.1768,36.31243],[139.17508,36.3127],[139.17477,36.31261],[139.17488,36.31236],[139.1749,36.31233],[139.17509,36.31184],[139.17508,36.31168],[139.17542,36.31167],[139.17541,36.31151],[139.17541,36.31144],[139.17549,36.31144],[139.17556,36.31143],[139.17565,36.31141],[139.17573,36.31139],[139.17582,36.31136],[139.1759,36.31133],[139.17598,36.31129],[139.17608,36.31123],[139.17629,36.31107],[139.17588,36.31069],[139.17558,36.31091],[139.17541,36.31021],[139.17605,36.30979],[139.17561,36.30939],[139.17634,36.30884],[139.17644,36.30869],[139.17624,36.30852],[139.17645,36.30736],[139.17645,36.30725],[139.17649,36.30678],[139.17653,36.30632],[139.17657,36.30583],[139.17663,36.30513],[139.17666,36.30499],[139.17668,36.30477],[139.1767,36.30452],[139.17674,36.30402],[139.17675,36.30387],[139.1766,36.30388],[139.17661,36.30371],[139.17671,36.30259],[139.17671,36.30255],[139.17658,36.30262],[139.17634,36.30274],[139.17614,36.30283],[139.17595,36.30293],[139.17567,36.30307],[139.17488,36.30346],[139.17485,36.30347],[139.17484,36.30348],[139.17451,36.30364],[139.17418,36.30381],[139.17366,36.30406],[139.17328,36.30425],[139.17345,36.30431],[139.17531,36.30501],[139.17532,36.30504],[139.1745,36.30648],[139.17449,36.30651],[139.17458,36.30652],[139.175,36.30646],[139.17491,36.30746],[139.17491,36.30758],[139.17485,36.30827],[139.17482,36.30836],[139.17479,36.30847],[139.17474,36.30865],[139.17466,36.30897],[139.17448,36.30969],[139.17373,36.30958],[139.17319,36.31044],[139.17376,36.31052],[139.17381,36.31141],[139.17381,36.31154],[139.17382,36.31176],[139.17363,36.31218],[139.17357,36.31232],[139.17336,36.31278],[139.1721,36.31289],[139.172,36.31268],[139.17161,36.31279],[139.17152,36.31281],[139.17053,36.31309],[139.16946,36.31318],[139.16821,36.31328],[139.16818,36.31328],[139.16804,36.31329],[139.16772,36.31332],[139.1676,36.31334],[139.16711,36.31337],[139.16711,36.31339],[139.16713,36.31363],[139.16713,36.31367],[139.16713,36.3137],[139.16708,36.31384],[139.16707,36.31387],[139.167,36.31399],[139.167,36.314],[139.16689,36.31416],[139.16699,36.31415],[139.16709,36.31415],[139.16721,36.31414],[139.16726,36.31413],[139.16733,36.31413],[139.16738,36.31412],[139.16787,36.31408],[139.16807,36.31406],[139.16824,36.31404],[139.16841,36.31403],[139.16845,36.31402],[139.16866,36.31401],[139.16876,36.314],[139.16887,36.31399],[139.16923,36.31396],[139.16941,36.31394],[139.16959,36.31392],[139.16977,36.3139],[139.16991,36.31389],[139.17098,36.31414],[139.17127,36.31421],[139.17143,36.31376],[139.1724,36.31398],[139.17225,36.31438],[139.1722,36.31452],[139.17152,36.31631],[139.17162,36.31633],[139.1717,36.31634],[139.1717,36.31639],[139.17166,36.31665],[139.17165,36.31676],[139.17159,36.31703],[139.17148,36.31729],[139.1713,36.31738],[139.1713,36.31739],[139.17135,36.31759],[139.17136,36.31761],[139.17136,36.31768],[139.17136,36.31774],[139.17137,36.31778],[139.17137,36.31783],[139.17137,36.31785],[139.17137,36.31788],[139.17135,36.31793],[139.17134,36.31803],[139.17133,36.31807],[139.17133,36.3181],[139.17133,36.31812],[139.17131,36.31815],[139.17122,36.31821],[139.17116,36.31814],[139.17102,36.31805],[139.17083,36.31821],[139.1708,36.31823],[139.17076,36.31826],[139.17055,36.31835],[139.1705,36.31837],[139.17049,36.31842],[139.17046,36.3185],[139.17083,36.31857],[139.17081,36.31864],[139.17071,36.31902],[139.17052,36.31976],[139.1704,36.32022],[139.16932,36.32063],[139.16926,36.32065],[139.16945,36.32155],[139.16951,36.32187],[139.16955,36.32209],[139.16956,36.32213],[139.16957,36.32216],[139.16957,36.3222],[139.16956,36.32226],[139.16956,36.32234],[139.16954,36.32241],[139.1695,36.3225],[139.16946,36.32259],[139.16942,36.32267],[139.16935,36.32275],[139.16924,36.32286],[139.16914,36.32294],[139.169,36.32301],[139.16916,36.32326],[139.16917,36.32329],[139.16919,36.32364],[139.16878,36.32387],[139.16847,36.32405],[139.16828,36.32417],[139.16806,36.3243],[139.16778,36.32448],[139.16787,36.32472],[139.16793,36.32486],[139.16818,36.32524],[139.16865,36.32543],[139.1684,36.32581],[139.16813,36.32622],[139.16791,36.32658],[139.16779,36.32657],[139.16774,36.32657],[139.16769,36.32657],[139.16761,36.32656],[139.16752,36.32657],[139.16744,36.32657],[139.16737,36.32658],[139.16732,36.32659],[139.16734,36.32666],[139.16741,36.32703],[139.16703,36.32727],[139.16658,36.32757],[139.16654,36.32759],[139.16694,36.3279],[139.16749,36.32831],[139.16717,36.32869],[139.16688,36.32902],[139.16667,36.32924],[139.1664,36.32949],[139.1662,36.32967],[139.16591,36.32991],[139.16533,36.33034],[139.16504,36.33057],[139.16399,36.33121],[139.16312,36.33174],[139.16069,36.33321],[139.16043,36.33295],[139.16026,36.33275],[139.16021,36.33277],[139.1602,36.33278],[139.15915,36.33342],[139.15816,36.33402],[139.15827,36.33414],[139.15782,36.33443],[139.15704,36.33495],[139.15558,36.33592],[139.15496,36.33633]]]}},{"type":"Feature","properties":{"n":"第１種住居地域","c":5,"bcr":60,"far":200},"geometry":{"type":"Polygon","coordinates":[[[139.24181,36.27345],[139.24185,36.27349],[139.24194,36.27356],[139.24193,36.27357],[139.2418,36.27394],[139.24228,36.27398],[139.24252,36.274],[139.24271,36.27402],[139.24284,36.27404],[139.24303,36.27405],[139.24335,36.27408],[139.24345,36.27409],[139.24354,36.2741],[139.24358,36.2741],[139.24418,36.27415],[139.24468,36.27419],[139.24495,36.27422],[139.24548,36.27427],[139.24578,36.27429],[139.24582,36.27429],[139.24619,36.27433],[139.24668,36.27438],[139.24671,36.27438],[139.24736,36.27444],[139.24739,36.27444],[139.24793,36.27449],[139.24813,36.2745],[139.24848,36.27453],[139.24897,36.27458],[139.249,36.27461],[139.24898,36.27461],[139.24887,36.27471],[139.24871,36.27484],[139.24852,36.27499],[139.24829,36.27518],[139.24825,36.27521],[139.24818,36.27517],[139.24813,36.27515],[139.24804,36.27519],[139.24789,36.27533],[139.24781,36.27541],[139.24778,36.27545],[139.24771,36.2755],[139.24768,36.27558],[139.24764,36.2757],[139.24761,36.27584],[139.24756,36.27614],[139.24755,36.27622],[139.24731,36.27626],[139.24732,36.27641],[139.24731,36.2765],[139.24731,36.27653],[139.24947,36.27656],[139.2495,36.27673],[139.24958,36.27707],[139.24965,36.27741],[139.24973,36.27776],[139.24977,36.27797],[139.2498,36.27799],[139.24982,36.27807],[139.24987,36.27828],[139.24988,36.27835],[139.2499,36.27842],[139.24992,36.27854],[139.24997,36.27866],[139.24999,36.27872],[139.25001,36.27878],[139.25003,36.2788],[139.2501,36.27896],[139.25012,36.27901],[139.25014,36.27907],[139.25027,36.279],[139.2505,36.27886],[139.25095,36.27858],[139.25116,36.27844],[139.25126,36.27841],[139.25151,36.27828],[139.25181,36.27813],[139.25193,36.27808],[139.25213,36.27801],[139.25229,36.27796],[139.25268,36.27784],[139.25325,36.27772],[139.25338,36.2777],[139.25343,36.2777],[139.2539,36.27762],[139.25392,36.27761],[139.25392,36.27762],[139.25392,36.2777],[139.25392,36.27772],[139.25393,36.27774],[139.25398,36.27791],[139.25404,36.27814],[139.25405,36.27816],[139.25418,36.27863],[139.25419,36.27867],[139.25432,36.27915],[139.25439,36.27939],[139.25441,36.27946],[139.25447,36.27967],[139.25459,36.28011],[139.25462,36.2802],[139.25462,36.28021],[139.25474,36.28065],[139.25484,36.28102],[139.25485,36.28106],[139.25664,36.28075],[139.25638,36.27973],[139.25638,36.27972],[139.25621,36.27901],[139.25611,36.27857],[139.25597,36.27804],[139.25579,36.27727],[139.25628,36.27719],[139.25597,36.27658],[139.25547,36.27656],[139.25536,36.27654],[139.25517,36.27651],[139.25496,36.27647],[139.25477,36.27645],[139.25451,36.27643],[139.2541,36.27645],[139.25405,36.27617],[139.25401,36.27607],[139.25377,36.27564],[139.25362,36.27541],[139.25355,36.27532],[139.25347,36.27521],[139.25326,36.27531],[139.25315,36.27536],[139.25298,36.27544],[139.25285,36.27549],[139.25274,36.27555],[139.25266,36.27559],[139.25265,36.2756],[139.2526,36.27564],[139.25258,36.27565],[139.25255,36.27568],[139.25235,36.27589],[139.25216,36.27608],[139.25198,36.27627],[139.25193,36.27632],[139.2517,36.27656],[139.25162,36.27665],[139.25158,36.27668],[139.25158,36.27671],[139.25154,36.27681],[139.25154,36.27681],[139.25154,36.27683],[139.25154,36.27691],[139.25153,36.27703],[139.25153,36.27711],[139.25121,36.27717],[139.25086,36.27739],[139.25088,36.27707],[139.25088,36.27699],[139.25088,36.27688],[139.25088,36.27687],[139.25089,36.27673],[139.25089,36.27669],[139.25089,36.27668],[139.25089,36.27655],[139.2509,36.27651],[139.25098,36.27638],[139.25106,36.27633],[139.25114,36.27625],[139.25115,36.27624],[139.25133,36.27606],[139.2516,36.27578],[139.25174,36.27564],[139.25184,36.27554],[139.25197,36.2754],[139.252,36.27536],[139.25202,36.27534],[139.25205,36.27532],[139.25208,36.27529],[139.25212,36.27526],[139.25222,36.27518],[139.2523,36.27513],[139.25247,36.27504],[139.2525,36.27503],[139.25293,36.27484],[139.25258,36.27482],[139.25262,36.27465],[139.25265,36.27457],[139.25277,36.27424],[139.2528,36.27417],[139.25282,36.27408],[139.25286,36.27377],[139.2529,36.27351],[139.25295,36.27307],[139.2541,36.27295],[139.25416,36.27294],[139.25447,36.27284],[139.25472,36.27275],[139.25495,36.27268],[139.25521,36.27261],[139.25557,36.27252],[139.25588,36.27244],[139.25612,36.27236],[139.25624,36.27231],[139.25635,36.27226],[139.25642,36.27224],[139.25658,36.27218],[139.25704,36.27206],[139.25718,36.27276],[139.2572,36.27282],[139.25724,36.2728],[139.25773,36.27268],[139.25784,36.27265],[139.25793,36.27261],[139.25848,36.27238],[139.25893,36.27217],[139.2591,36.27209],[139.25951,36.27194],[139.25955,36.27193],[139.25974,36.27187],[139.25982,36.27185],[139.26045,36.27165],[139.26056,36.27162],[139.26059,36.27161],[139.26072,36.27157],[139.26075,36.27156],[139.26094,36.2715],[139.26102,36.27148],[139.26103,36.27148],[139.26113,36.27144],[139.26128,36.27139],[139.26139,36.27135],[139.26152,36.2713],[139.26234,36.27097],[139.2624,36.27094],[139.26266,36.27084],[139.26299,36.27071],[139.26302,36.27069],[139.26347,36.27051],[139.26364,36.27074],[139.26379,36.27098],[139.26369,36.27102],[139.26351,36.27109],[139.26338,36.27114],[139.26311,36.27125],[139.26291,36.27133],[139.26269,36.27142],[139.26262,36.27145],[139.26252,36.27149],[139.26186,36.27175],[139.26166,36.27183],[139.26127,36.27198],[139.26123,36.272],[139.26121,36.27201],[139.26125,36.27211],[139.26137,36.27256],[139.26137,36.27257],[139.26263,36.27202],[139.26356,36.2716],[139.26408,36.27138],[139.26452,36.27203],[139.26464,36.27221],[139.26478,36.2724],[139.26485,36.27248],[139.26514,36.27276],[139.26527,36.2729],[139.26543,36.2731],[139.26548,36.27319],[139.2656,36.27337],[139.26566,36.27348],[139.26569,36.27357],[139.26578,36.27411],[139.26579,36.27418],[139.26591,36.27517],[139.26586,36.27518],[139.26535,36.27524],[139.26513,36.27528],[139.2649,36.27532],[139.26473,36.27537],[139.26457,36.27543],[139.26454,36.27544],[139.26432,36.27551],[139.26418,36.27555],[139.2641,36.27557],[139.26396,36.27559],[139.26375,36.27561],[139.26352,36.27564],[139.26344,36.27566],[139.26309,36.27573],[139.26297,36.27577],[139.26288,36.2758],[139.26283,36.27582],[139.26281,36.27583],[139.26254,36.27595],[139.26252,36.27596],[139.2624,36.276],[139.26229,36.27603],[139.26228,36.276],[139.26204,36.27604],[139.26198,36.27605],[139.26192,36.27604],[139.2618,36.27603],[139.26162,36.27601],[139.26157,36.27602],[139.26087,36.27615],[139.26082,36.27617],[139.2606,36.27618],[139.25973,36.27641],[139.25921,36.27548],[139.25864,36.27446],[139.25817,36.27362],[139.25825,36.27336],[139.25868,36.27319],[139.25913,36.27297],[139.25976,36.27276],[139.25961,36.2725],[139.25958,36.2725],[139.25952,36.27252],[139.25947,36.27254],[139.25928,36.27261],[139.25912,36.27268],[139.25904,36.27272],[139.25902,36.27273],[139.25891,36.27278],[139.25876,36.27285],[139.25865,36.2729],[139.25864,36.27291],[139.25852,36.27296],[139.25838,36.27302],[139.25825,36.27308],[139.25806,36.27315],[139.2574,36.27335],[139.25753,36.2736],[139.25762,36.27375],[139.25744,36.2738],[139.25738,36.27377],[139.25716,36.27382],[139.25713,36.27383],[139.25713,36.27392],[139.25706,36.27419],[139.25696,36.27426],[139.25681,36.27444],[139.2567,36.2746],[139.25653,36.27476],[139.25612,36.27516],[139.2561,36.27518],[139.25604,36.27519],[139.2561,36.27534],[139.25629,36.27573],[139.25647,36.27608],[139.25654,36.27621],[139.25668,36.27649],[139.25693,36.27709],[139.25744,36.277],[139.25762,36.27776],[139.25772,36.27817],[139.25779,36.27842],[139.25792,36.27894],[139.25804,36.27944],[139.25805,36.27946],[139.25806,36.2795],[139.25818,36.27998],[139.25828,36.28039],[139.2583,36.28048],[139.25953,36.28029],[139.25953,36.28028],[139.25928,36.27925],[139.26,36.27913],[139.26074,36.27901],[139.26149,36.27888],[139.26115,36.27762],[139.261,36.27706],[139.26168,36.27693],[139.2618,36.27691],[139.26193,36.27688],[139.26256,36.27678],[139.26258,36.27685],[139.26261,36.27684],[139.26329,36.27673],[139.26463,36.27651],[139.26477,36.27649],[139.26525,36.27641],[139.26536,36.27639],[139.26576,36.27632],[139.26602,36.27628],[139.26624,36.27625],[139.26667,36.27618],[139.26682,36.27615],[139.26691,36.27614],[139.2671,36.27611],[139.26749,36.27604],[139.2677,36.27595],[139.26839,36.27584],[139.26922,36.2757],[139.26962,36.27563],[139.27023,36.27553],[139.27143,36.27534],[139.27142,36.27533],[139.27135,36.27509],[139.27126,36.27482],[139.27123,36.27474],[139.27122,36.27443],[139.27117,36.27408],[139.27113,36.27389],[139.2711,36.27362],[139.27108,36.27348],[139.27106,36.27337],[139.27104,36.27321],[139.27104,36.27315],[139.27103,36.27292],[139.27104,36.27274],[139.27107,36.27248],[139.27108,36.27244],[139.27116,36.2722],[139.27116,36.27219],[139.27118,36.27204],[139.27129,36.27164],[139.27135,36.27138],[139.27137,36.27132],[139.27137,36.27124],[139.27141,36.27097],[139.27145,36.27069],[139.27146,36.27057],[139.27146,36.27051],[139.27147,36.27046],[139.27147,36.27028],[139.27147,36.27021],[139.27148,36.26994],[139.27151,36.26944],[139.27153,36.26932],[139.27154,36.26925],[139.27157,36.26907],[139.27159,36.26898],[139.27159,36.26892],[139.27165,36.26865],[139.27169,36.26849],[139.2717,36.26842],[139.27172,36.26823],[139.27172,36.26816],[139.27171,36.26786],[139.27168,36.26768],[139.27162,36.26754],[139.2716,36.26749],[139.27157,36.26745],[139.27153,36.26739],[139.27152,36.26738],[139.27142,36.26725],[139.27137,36.26722],[139.27134,36.2672],[139.27131,36.26716],[139.27094,36.26733],[139.27077,36.2674],[139.2698,36.26772],[139.26973,36.2676],[139.26857,36.26809],[139.26796,36.26835],[139.26774,36.26843],[139.26727,36.26863],[139.26673,36.26886],[139.26581,36.26923],[139.26583,36.26933],[139.26531,36.26954],[139.26474,36.26979],[139.26441,36.26861],[139.26407,36.2674],[139.26391,36.26681],[139.2638,36.26625],[139.26408,36.26624],[139.2643,36.26623],[139.26449,36.2662],[139.26476,36.26617],[139.26504,36.26612],[139.26542,36.26604],[139.26571,36.26602],[139.26625,36.26598],[139.26687,36.26591],[139.26761,36.26582],[139.26809,36.26534],[139.26803,36.26536],[139.268,36.26534],[139.26798,36.26533],[139.26796,36.26532],[139.26783,36.2653],[139.26778,36.26529],[139.26774,36.26528],[139.26763,36.26525],[139.26759,36.26524],[139.26756,36.26523],[139.2675,36.26522],[139.26741,36.26522],[139.26736,36.26522],[139.26729,36.26522],[139.26724,36.26522],[139.26721,36.26522],[139.26716,36.26522],[139.26711,36.26521],[139.26689,36.26518],[139.26687,36.26516],[139.26672,36.26509],[139.26668,36.26508],[139.26663,36.26506],[139.2666,36.26506],[139.26626,36.26498],[139.26623,36.26498],[139.26621,36.26498],[139.26615,36.26498],[139.26609,36.26497],[139.2659,36.26499],[139.26559,36.265],[139.26553,36.26502],[139.26526,36.26505],[139.26493,36.2651],[139.26489,36.2651],[139.26446,36.26516],[139.26435,36.26517],[139.26432,36.26517],[139.26428,36.26518],[139.26413,36.26521],[139.26403,36.26524],[139.26371,36.26533],[139.26368,36.26534],[139.26356,36.26536],[139.26332,36.26541],[139.26329,36.26542],[139.26327,36.26543],[139.26325,36.26543],[139.26275,36.26554],[139.26268,36.26555],[139.26265,36.26556],[139.26256,36.26559],[139.2625,36.26561],[139.26242,36.26563],[139.26225,36.26568],[139.26206,36.26572],[139.26203,36.26572],[139.26196,36.26571],[139.26193,36.2657],[139.26189,36.26569],[139.26185,36.26569],[139.26179,36.26569],[139.26174,36.26569],[139.26168,36.26569],[139.26144,36.26573],[139.26137,36.26574],[139.2613,36.26576],[139.26124,36.26578],[139.26113,36.2658],[139.26103,36.26583],[139.26097,36.26584],[139.26089,36.26586],[139.26076,36.26588],[139.26072,36.26589],[139.26063,36.26589],[139.26062,36.26589],[139.26055,36.26593],[139.26045,36.26598],[139.26034,36.26605],[139.26023,36.26613],[139.26021,36.26614],[139.26007,36.26624],[139.25999,36.26631],[139.25986,36.26643],[139.25984,36.26647],[139.25983,36.26656],[139.25982,36.26657],[139.25948,36.26657],[139.2594,36.26657],[139.25932,36.26658],[139.25921,36.2666],[139.259,36.26665],[139.25899,36.26666],[139.25898,36.26667],[139.25905,36.26688],[139.25906,36.2669],[139.25905,36.26691],[139.25863,36.26702],[139.25823,36.26712],[139.25816,36.26714],[139.25807,36.26718],[139.25806,36.2672],[139.25791,36.26721],[139.25789,36.26719],[139.25788,36.2672],[139.25779,36.26727],[139.2576,36.26741],[139.25744,36.26752],[139.25742,36.26755],[139.25737,36.26759],[139.25732,36.26764],[139.25724,36.26775],[139.25719,36.26781],[139.25713,36.26787],[139.25708,36.2679],[139.25703,36.26794],[139.25699,36.26796],[139.25696,36.26797],[139.25691,36.26799],[139.25687,36.268],[139.25682,36.26803],[139.25671,36.26813],[139.25664,36.2682],[139.25648,36.26838],[139.25641,36.26848],[139.25632,36.26854],[139.25612,36.26876],[139.25605,36.26885],[139.25595,36.269],[139.25585,36.26912],[139.25582,36.26915],[139.25556,36.26943],[139.25552,36.26945],[139.25529,36.26957],[139.25522,36.26961],[139.25497,36.26975],[139.25489,36.26979],[139.25484,36.26972],[139.25473,36.26957],[139.25471,36.26958],[139.25462,36.26961],[139.25459,36.26962],[139.25456,36.26965],[139.25446,36.26975],[139.25437,36.26983],[139.25431,36.26989],[139.25414,36.27001],[139.25411,36.27003],[139.25402,36.27011],[139.25398,36.27015],[139.25397,36.27012],[139.25386,36.26996],[139.25315,36.27023],[139.25306,36.27027],[139.25305,36.27027],[139.25297,36.27028],[139.25286,36.27031],[139.25279,36.27033],[139.25263,36.27043],[139.25263,36.27072],[139.25264,36.27143],[139.25263,36.2715],[139.25262,36.27152],[139.25258,36.27155],[139.25238,36.27164],[139.25231,36.27167],[139.25211,36.27174],[139.25203,36.27177],[139.25176,36.27186],[139.25158,36.27194],[139.25148,36.272],[139.25139,36.27204],[139.2513,36.27213],[139.25125,36.27217],[139.25105,36.27227],[139.25092,36.27235],[139.25091,36.27236],[139.25088,36.27234],[139.25081,36.27229],[139.25075,36.27236],[139.25073,36.27239],[139.25068,36.27246],[139.25065,36.27249],[139.25039,36.27281],[139.2503,36.27294],[139.25022,36.27304],[139.25017,36.2731],[139.25008,36.27323],[139.24993,36.27341],[139.24991,36.27344],[139.2499,36.27345],[139.24989,36.27346],[139.24986,36.2735],[139.24983,36.27354],[139.2498,36.27358],[139.24973,36.27363],[139.24969,36.27363],[139.24962,36.27366],[139.24957,36.27369],[139.24953,36.27373],[139.2495,36.27376],[139.24939,36.27391],[139.24939,36.27393],[139.24927,36.27411],[139.24739,36.27395],[139.24678,36.27389],[139.24217,36.27348],[139.24181,36.27345]]]}},{"type":"Feature","properties":{"n":"工業専用地域","c":13,"bcr":50,"far":200},"geometry":{"type":"Polygon","coordinates":[[[139.22959,36.262],[139.22921,36.2621],[139.22911,36.26201],[139.22831,36.26165],[139.22825,36.26162],[139.22789,36.26135],[139.22781,36.26128],[139.22715,36.26106],[139.22712,36.26111],[139.22696,36.26105],[139.22691,36.26104],[139.2267,36.26097],[139.22669,36.26097],[139.22633,36.26085],[139.22609,36.26068],[139.22608,36.26068],[139.22583,36.2605],[139.22553,36.26028],[139.22531,36.26011],[139.2253,36.2601],[139.22527,36.26007],[139.22511,36.25987],[139.22507,36.25983],[139.22506,36.25981],[139.22504,36.25979],[139.22496,36.2597],[139.22485,36.25956],[139.22485,36.25956],[139.22469,36.25936],[139.22461,36.25933],[139.22427,36.25937],[139.22391,36.25941],[139.22375,36.25943],[139.22368,36.25948],[139.22368,36.25978],[139.22282,36.25977],[139.22282,36.2596],[139.22276,36.25956],[139.22224,36.25961],[139.22179,36.25966],[139.22142,36.25969],[139.22106,36.25973],[139.22063,36.25976],[139.21998,36.25982],[139.21936,36.25988],[139.21886,36.25993],[139.21836,36.25997],[139.21797,36.26001],[139.21754,36.26005],[139.21707,36.26009],[139.21701,36.26014],[139.217,36.26017],[139.21697,36.26038],[139.21697,36.26038],[139.21691,36.26071],[139.21684,36.26107],[139.21678,36.26136],[139.21678,36.26139],[139.21675,36.26156],[139.21669,36.26186],[139.21667,36.26196],[139.21667,36.26197],[139.2166,36.26235],[139.21657,36.26249],[139.21649,36.26289],[139.21642,36.26327],[139.21656,36.26357],[139.21672,36.26372],[139.21697,36.26395],[139.21716,36.26414],[139.21732,36.26428],[139.21743,36.26438],[139.21762,36.26456],[139.2178,36.26473],[139.21796,36.26487],[139.21813,36.26503],[139.21834,36.26524],[139.21844,36.26533],[139.21851,36.2654],[139.21869,36.26557],[139.21871,36.26559],[139.21849,36.26574],[139.21837,36.26584],[139.21806,36.26611],[139.21788,36.26628],[139.21776,36.26641],[139.21764,36.26655],[139.21744,36.2668],[139.21723,36.2671],[139.21713,36.26725],[139.21702,36.26739],[139.21685,36.26765],[139.21675,36.2678],[139.21665,36.26793],[139.21655,36.26806],[139.21622,36.26844],[139.21607,36.26862],[139.21592,36.26878],[139.21594,36.26881],[139.21597,36.26884],[139.21604,36.26896],[139.21614,36.2691],[139.21615,36.26912],[139.21639,36.26898],[139.21654,36.26889],[139.21661,36.26884],[139.21667,36.26879],[139.21674,36.26875],[139.21685,36.26871],[139.21703,36.26865],[139.21733,36.2686],[139.21743,36.26858],[139.21755,36.26853],[139.21773,36.2684],[139.21814,36.26902],[139.21903,36.26886],[139.21981,36.26872],[139.21955,36.268],[139.21932,36.26742],[139.2192,36.26709],[139.21996,36.26699],[139.22084,36.26669],[139.22179,36.26636],[139.22198,36.26629],[139.22172,36.26575],[139.22159,36.26548],[139.22153,36.26536],[139.2213,36.26498],[139.22091,36.26436],[139.22132,36.26427],[139.22169,36.26419],[139.22188,36.26414],[139.22211,36.2641],[139.22234,36.26406],[139.22259,36.26401],[139.22272,36.26399],[139.22291,36.26396],[139.2231,36.26393],[139.22342,36.26389],[139.22365,36.26387],[139.22372,36.26386],[139.22389,36.26386],[139.22405,36.26385],[139.22419,36.26385],[139.22437,36.26385],[139.22455,36.26386],[139.22481,36.26387],[139.22513,36.26389],[139.22513,36.2639],[139.22548,36.26392],[139.22561,36.26392],[139.22581,36.26395],[139.22626,36.26404],[139.22672,36.26414],[139.227,36.26421],[139.22733,36.2643],[139.22771,36.2644],[139.22795,36.26446],[139.22842,36.26466],[139.22865,36.26476],[139.22896,36.26488],[139.2291,36.26492],[139.22931,36.26499],[139.22953,36.26505],[139.22957,36.26505],[139.22956,36.26509],[139.22964,36.26511],[139.22986,36.26513],[139.2301,36.26513],[139.23028,36.26513],[139.23049,36.26511],[139.23093,36.26507],[139.23115,36.26505],[139.2315,36.26501],[139.23174,36.26498],[139.23196,36.26495],[139.23204,36.26493],[139.23214,36.26491],[139.23227,36.26487],[139.23235,36.26483],[139.23232,36.26461],[139.23228,36.26434],[139.23227,36.26425],[139.23226,36.26422],[139.23223,36.26403],[139.23223,36.26399],[139.23218,36.26369],[139.23215,36.26344],[139.23212,36.26321],[139.2321,36.26314],[139.23209,36.26307],[139.23203,36.26263],[139.23203,36.26262],[139.23203,36.26262],[139.23203,36.26259],[139.23194,36.26261],[139.23125,36.26264],[139.23051,36.26267],[139.23039,36.26222],[139.23029,36.26183],[139.23028,36.26181],[139.23026,36.26181],[139.22962,36.26199],[139.22959,36.262]]]}},{"type":"Feature","properties":{"n":"工業地域","c":12,"bcr":60,"far":200},"geometry":{"type":"Polygon","coordinates":[[[139.22959,36.262],[139.22962,36.26199],[139.23026,36.26181],[139.23028,36.26181],[139.23029,36.26183],[139.23039,36.26222],[139.23051,36.26267],[139.23125,36.26264],[139.23194,36.26261],[139.23203,36.26259],[139.23203,36.26262],[139.23206,36.26261],[139.23231,36.26258],[139.23258,36.26254],[139.23291,36.26249],[139.23317,36.26245],[139.23351,36.2624],[139.23361,36.26239],[139.23366,36.26238],[139.2337,36.26238],[139.23372,36.26249],[139.23374,36.26268],[139.23376,36.26282],[139.23378,36.26299],[139.23381,36.26299],[139.2339,36.26366],[139.23391,36.26369],[139.23397,36.2637],[139.23423,36.26352],[139.2344,36.26339],[139.23455,36.26328],[139.23461,36.26322],[139.23481,36.26309],[139.23517,36.26284],[139.2352,36.26282],[139.2355,36.26262],[139.23588,36.2624],[139.2361,36.26228],[139.23613,36.26227],[139.23615,36.26228],[139.23669,36.26204],[139.23687,36.26197],[139.23695,36.26194],[139.23704,36.26191],[139.23724,36.26179],[139.23752,36.26173],[139.23804,36.26156],[139.23811,36.26154],[139.23835,36.26149],[139.23867,36.26143],[139.23886,36.26141],[139.23855,36.26134],[139.23851,36.26123],[139.23842,36.26098],[139.23835,36.26083],[139.23832,36.26079],[139.23805,36.26023],[139.23735,36.26043],[139.23714,36.25999],[139.23654,36.26017],[139.23648,36.26018],[139.23644,36.26019],[139.23647,36.26027],[139.23648,36.26027],[139.23646,36.26028],[139.23615,36.26049],[139.23597,36.26063],[139.23591,36.26062],[139.23586,36.26061],[139.23543,36.26059],[139.23538,36.26059],[139.23503,36.26058],[139.23481,36.26057],[139.23461,36.26057],[139.23454,36.26057],[139.23454,36.26045],[139.23454,36.26025],[139.23447,36.26025],[139.23433,36.26024],[139.23411,36.26023],[139.23379,36.26021],[139.23361,36.2602],[139.23358,36.2602],[139.23342,36.26019],[139.23311,36.26017],[139.23285,36.26016],[139.23274,36.26015],[139.23261,36.26014],[139.23249,36.26013],[139.23225,36.26012],[139.23218,36.26012],[139.23185,36.2601],[139.23168,36.26009],[139.23094,36.26002],[139.23064,36.26],[139.23065,36.26022],[139.2304,36.26024],[139.2304,36.26027],[139.22995,36.26034],[139.22993,36.26034],[139.22972,36.2604],[139.22967,36.26043],[139.22916,36.26058],[139.22923,36.26087],[139.22924,36.26094],[139.22926,36.261],[139.22928,36.26104],[139.22929,36.26108],[139.22932,36.26113],[139.22935,36.26119],[139.22937,36.26127],[139.22942,36.26141],[139.22942,36.26141],[139.22943,36.26144],[139.22959,36.262]]]}},{"type":"Feature","properties":{"n":"第２種住居地域","c":6,"bcr":60,"far":200},"geometry":{"type":"Polygon","coordinates":[[[139.23206,36.37909],[139.23196,36.37909],[139.23187,36.37909],[139.23174,36.37908],[139.23162,36.37908],[139.2315,36.37907],[139.23143,36.37906],[139.23142,36.37906],[139.23136,36.37905],[139.23121,36.37902],[139.23102,36.37899],[139.23059,36.37891],[139.23003,36.37881],[139.22948,36.37872],[139.22947,36.37873],[139.22938,36.37871],[139.22913,36.37867],[139.22906,36.37866],[139.22902,36.37866],[139.22897,36.37865],[139.2288,36.37864],[139.22871,36.37864],[139.22859,36.37863],[139.22847,36.37862],[139.22829,36.37862],[139.22813,36.37862],[139.2281,36.37863],[139.22801,36.37867],[139.22793,36.37868],[139.22789,36.37868],[139.22771,36.37867],[139.22768,36.37867],[139.22764,36.37866],[139.22744,36.37861],[139.22724,36.37854],[139.22703,36.37851],[139.22702,36.37851],[139.22691,36.37849],[139.22675,36.37846],[139.22662,36.37843],[139.22649,36.3784],[139.22625,36.37833],[139.22624,36.37833],[139.22614,36.3783],[139.22587,36.37822],[139.22594,36.37851],[139.22597,36.37859],[139.22613,36.37903],[139.22618,36.37914],[139.22622,36.37925],[139.2263,36.37945],[139.22633,36.37955],[139.22644,36.37978],[139.22645,36.37982],[139.22657,36.38007],[139.22676,36.38032],[139.22682,36.38041],[139.22698,36.38061],[139.22712,36.38086],[139.22747,36.38128],[139.22759,36.38126],[139.22785,36.38119],[139.22808,36.38165],[139.22816,36.3818],[139.22833,36.38218],[139.22842,36.38237],[139.22854,36.38263],[139.22856,36.38266],[139.22884,36.38324],[139.22917,36.38396],[139.22945,36.38391],[139.22959,36.38389],[139.22962,36.38387],[139.22964,36.38386],[139.22969,36.38383],[139.22971,36.38381],[139.22973,36.3838],[139.22976,36.38379],[139.2298,36.38378],[139.23009,36.38373],[139.23035,36.38369],[139.23073,36.38354],[139.23079,36.3836],[139.23082,36.38362],[139.23131,36.38401],[139.23139,36.38397],[139.23146,36.38393],[139.2315,36.38391],[139.23155,36.38388],[139.2316,36.38387],[139.23167,36.38385],[139.23178,36.38382],[139.23201,36.38376],[139.23313,36.38351],[139.23294,36.38297],[139.23268,36.38222],[139.23238,36.38137],[139.23261,36.38132],[139.23356,36.38111],[139.23357,36.38113],[139.23362,36.38099],[139.23351,36.38072],[139.23347,36.38056],[139.23338,36.38029],[139.23327,36.38025],[139.23304,36.38032],[139.23288,36.38045],[139.23285,36.38046],[139.23282,36.38046],[139.23279,36.38044],[139.23266,36.38029],[139.23258,36.38016],[139.23241,36.3802],[139.2324,36.38016],[139.23238,36.38005],[139.23229,36.37971],[139.23226,36.37972],[139.23219,36.37972],[139.23216,36.37966],[139.23212,36.37936],[139.23209,36.37927],[139.23206,36.37909]]]}},{"type":"Feature","properties":{"n":"第１種住居地域","c":5,"bcr":60,"far":200},"geometry":{"type":"Polygon","coordinates":[[[139.22747,36.38128],[139.22712,36.38086],[139.22698,36.38061],[139.22682,36.38041],[139.22676,36.38032],[139.22657,36.38007],[139.22645,36.37982],[139.22644,36.37978],[139.22633,36.37955],[139.2263,36.37945],[139.22622,36.37925],[139.22618,36.37914],[139.22613,36.37903],[139.22597,36.37859],[139.22594,36.37851],[139.22587,36.37822],[139.2257,36.37817],[139.22564,36.37816],[139.22508,36.378],[139.22498,36.37797],[139.22454,36.37784],[139.2245,36.37783],[139.22443,36.37781],[139.22444,36.37787],[139.22444,36.37789],[139.22445,36.37798],[139.22445,36.37806],[139.22444,36.37823],[139.22442,36.37833],[139.22439,36.37854],[139.22437,36.37873],[139.22437,36.3788],[139.22424,36.37882],[139.22435,36.37925],[139.22443,36.37933],[139.22451,36.37951],[139.22463,36.37976],[139.22474,36.37999],[139.22509,36.37992],[139.2253,36.3803],[139.22532,36.38033],[139.22537,36.38035],[139.22543,36.38037],[139.22543,36.38059],[139.22543,36.38077],[139.22543,36.38092],[139.22544,36.381],[139.22549,36.3813],[139.22553,36.38144],[139.22584,36.38149],[139.22601,36.38153],[139.22607,36.38154],[139.22631,36.38156],[139.22644,36.38154],[139.22648,36.38154],[139.22652,36.38153],[139.22661,36.3815],[139.22677,36.38146],[139.22718,36.38133],[139.22736,36.38129],[139.22746,36.38128],[139.22747,36.38128]]]}},{"type":"Feature","properties":{"n":"第１種住居地域","c":5,"bcr":60,"far":200},"geometry":{"type":"Polygon","coordinates":[[[139.23936,36.37875],[139.23936,36.37875],[139.23929,36.37863],[139.23919,36.37862],[139.23909,36.37861],[139.23885,36.3786],[139.23855,36.37858],[139.23821,36.37856],[139.23806,36.37855],[139.23792,36.37854],[139.23781,36.37853],[139.23753,36.37851],[139.23747,36.37851],[139.23724,36.3785],[139.23667,36.37846],[139.23638,36.37844],[139.23626,36.37844],[139.23612,36.37844],[139.23606,36.37844],[139.23595,36.37844],[139.23574,36.37845],[139.2355,36.37848],[139.23525,36.37851],[139.23491,36.37858],[139.23457,36.37865],[139.23421,36.37873],[139.23383,36.37881],[139.23328,36.37893],[139.23317,36.37895],[139.23288,36.37901],[139.23281,36.37902],[139.23259,36.37905],[139.23253,36.37906],[139.23242,36.37907],[139.23235,36.37908],[139.23228,36.37908],[139.23221,36.37908],[139.23212,36.37909],[139.23206,36.37909],[139.23209,36.37927],[139.23212,36.37936],[139.23216,36.37966],[139.23219,36.37972],[139.23226,36.37972],[139.23229,36.37971],[139.23238,36.38005],[139.2324,36.38016],[139.23241,36.3802],[139.23258,36.38016],[139.23266,36.38029],[139.23279,36.38044],[139.23282,36.38046],[139.23285,36.38046],[139.23288,36.38045],[139.23304,36.38032],[139.23327,36.38025],[139.23338,36.38029],[139.23347,36.38056],[139.23351,36.38072],[139.23362,36.38099],[139.23357,36.38113],[139.23382,36.38183],[139.23383,36.38182],[139.23396,36.38217],[139.23429,36.38209],[139.23489,36.38168],[139.23494,36.38164],[139.23516,36.38149],[139.23525,36.38143],[139.23591,36.38099],[139.23605,36.38134],[139.23611,36.38148],[139.23619,36.38149],[139.23663,36.38154],[139.23675,36.38156],[139.23687,36.38156],[139.23737,36.38158],[139.23746,36.38158],[139.23753,36.38159],[139.23764,36.3816],[139.23782,36.38162],[139.23816,36.38167],[139.23827,36.3817],[139.23839,36.38172],[139.2384,36.38172],[139.23842,36.38172],[139.23843,36.38171],[139.23857,36.3816],[139.23871,36.38149],[139.23895,36.3813],[139.23896,36.38129],[139.23931,36.38102],[139.2389,36.38042],[139.2386,36.37995],[139.23849,36.37999],[139.23832,36.3796],[139.23825,36.37948],[139.23823,36.37943],[139.23815,36.37928],[139.2388,36.37901],[139.23936,36.37875]]]}},{"type":"Feature","properties":{"n":"第１種住居地域","c":5,"bcr":60,"far":200},"geometry":{"type":"Polygon","coordinates":[[[139.22235,36.37656],[139.2226,36.37662],[139.22298,36.37673],[139.22332,36.37683],[139.22413,36.37706],[139.22425,36.37709],[139.22477,36.37724],[139.22486,36.37727],[139.22533,36.3774],[139.22551,36.37745],[139.22579,36.37734],[139.22598,36.37728],[139.2261,36.3773],[139.22683,36.37711],[139.22667,36.37668],[139.22654,36.37636],[139.22639,36.37594],[139.22645,36.37592],[139.22674,36.37586],[139.22693,36.37581],[139.22709,36.37578],[139.22698,36.3755],[139.22687,36.37522],[139.22674,36.37489],[139.22668,36.37475],[139.22657,36.37446],[139.22656,36.37444],[139.22649,36.37423],[139.22641,36.374],[139.22639,36.37394],[139.22638,36.3739],[139.2263,36.3737],[139.22627,36.37361],[139.22622,36.37347],[139.2261,36.37319],[139.22603,36.37299],[139.22599,36.37289],[139.22575,36.37219],[139.22573,36.37213],[139.22562,36.3718],[139.22556,36.37161],[139.22551,36.37145],[139.22549,36.3714],[139.22547,36.37133],[139.22545,36.37127],[139.22502,36.37138],[139.22499,36.37139],[139.22473,36.37145],[139.22426,36.37156],[139.22413,36.37117],[139.2241,36.37108],[139.22399,36.3707],[139.22399,36.37068],[139.2239,36.37043],[139.22386,36.3703],[139.22385,36.37025],[139.22381,36.36996],[139.22371,36.36937],[139.22371,36.36932],[139.22367,36.36902],[139.22364,36.36889],[139.22361,36.36868],[139.2234,36.3687],[139.22285,36.36781],[139.22277,36.36769],[139.22242,36.36712],[139.22235,36.36701],[139.22228,36.36688],[139.22225,36.36684],[139.22197,36.36639],[139.22164,36.36584],[139.22128,36.36599],[139.22083,36.36617],[139.22061,36.36626],[139.22126,36.36731],[139.22221,36.36888],[139.22177,36.36895],[139.22087,36.36911],[139.22082,36.36992],[139.22004,36.36988],[139.21984,36.36994],[139.21983,36.37001],[139.21981,36.3703],[139.21979,36.37059],[139.21978,36.37072],[139.21974,36.37131],[139.21973,36.37142],[139.2197,36.37191],[139.21969,36.37211],[139.22058,36.37215],[139.22147,36.37219],[139.22261,36.37224],[139.22299,36.37294],[139.22283,36.37299],[139.22268,36.37305],[139.22258,36.37309],[139.22238,36.37316],[139.22223,36.3732],[139.22205,36.37324],[139.22178,36.37329],[139.22149,36.37336],[139.22118,36.37353],[139.22068,36.3738],[139.22076,36.37388],[139.22082,36.37399],[139.22102,36.37434],[139.22115,36.37456],[139.22118,36.37463],[139.22126,36.37497],[139.22129,36.37507],[139.22132,36.37513],[139.22145,36.37532],[139.2215,36.37539],[139.22155,36.37545],[139.22175,36.37568],[139.22205,36.37601],[139.22224,36.37629],[139.2223,36.37642],[139.22234,36.37651],[139.22235,36.37656]]]}},{"type":"Feature","properties":{"n":"第１種住居地域","c":5,"bcr":60,"far":200},"geometry":{"type":"Polygon","coordinates":[[[139.22278,36.36529],[139.22362,36.36601],[139.22435,36.36665],[139.2244,36.36669],[139.22447,36.36677],[139.22453,36.36683],[139.2246,36.36691],[139.22468,36.36701],[139.22472,36.36706],[139.2248,36.36718],[139.22481,36.3672],[139.22486,36.36727],[139.22496,36.36747],[139.22499,36.36752],[139.22502,36.36759],[139.22529,36.36824],[139.22532,36.36829],[139.22543,36.36862],[139.22552,36.36889],[139.22576,36.36959],[139.2258,36.36974],[139.22592,36.37012],[139.22594,36.37018],[139.22603,36.37048],[139.22604,36.37051],[139.22624,36.37116],[139.22625,36.37119],[139.22637,36.37155],[139.22645,36.37178],[139.22655,36.37209],[139.22687,36.373],[139.22693,36.37317],[139.22702,36.37342],[139.22709,36.37364],[139.22711,36.37369],[139.22712,36.37375],[139.22715,36.37384],[139.22722,36.37406],[139.2273,36.37427],[139.2273,36.37428],[139.22732,36.37433],[139.22737,36.37446],[139.22742,36.37458],[139.22746,36.37467],[139.22747,36.3747],[139.22771,36.37531],[139.22779,36.37551],[139.2278,36.37553],[139.22784,36.37565],[139.22788,36.37574],[139.22797,36.37598],[139.228,36.37604],[139.22801,36.37608],[139.22804,36.37616],[139.22826,36.37613],[139.22864,36.3761],[139.22867,36.37631],[139.22879,36.37708],[139.22881,36.37719],[139.22882,36.3773],[139.22887,36.37761],[139.2289,36.37779],[139.22895,36.3778],[139.22903,36.37781],[139.22926,36.37784],[139.22943,36.37787],[139.23007,36.3778],[139.23084,36.37773],[139.23135,36.37768],[139.23144,36.37823],[139.23147,36.37842],[139.23149,36.37843],[139.23151,36.37843],[139.23169,36.37845],[139.23178,36.37845],[139.23189,36.37846],[139.23202,36.37846],[139.23232,36.37844],[139.23245,36.37843],[139.23254,36.37842],[139.23262,36.37841],[139.23267,36.3784],[139.23304,36.37832],[139.23384,36.37815],[139.23436,36.37804],[139.23506,36.37789],[139.23518,36.37787],[139.23527,36.37786],[139.23536,36.37785],[139.23563,36.37782],[139.23593,36.3778],[139.23612,36.3778],[139.23628,36.3778],[139.23675,36.37783],[139.23731,36.37787],[139.23753,36.37788],[139.2378,36.3779],[139.23809,36.37792],[139.23812,36.37754],[139.23814,36.37747],[139.23819,36.37725],[139.23821,36.37716],[139.23825,36.37694],[139.2383,36.37684],[139.23851,36.37681],[139.23883,36.37675],[139.23936,36.37668],[139.23963,36.37665],[139.23995,36.37662],[139.23994,36.37637],[139.23999,36.37636],[139.24066,36.37635],[139.24101,36.37635],[139.24108,36.37634],[139.24101,36.37392],[139.23985,36.37395],[139.23636,36.37402],[139.23399,36.37406],[139.23313,36.37414],[139.23314,36.37566],[139.23235,36.37574],[139.23108,36.37586],[139.2298,36.37598],[139.22974,36.37555],[139.22968,36.37519],[139.22962,36.37481],[139.22958,36.37448],[139.22873,36.37456],[139.22888,36.37424],[139.22891,36.3741],[139.22892,36.37402],[139.22891,36.37382],[139.2289,36.37372],[139.22889,36.37358],[139.22888,36.3735],[139.22886,36.37343],[139.22885,36.3734],[139.22866,36.3729],[139.22864,36.37285],[139.22853,36.37258],[139.22844,36.37238],[139.22842,36.37233],[139.22836,36.37221],[139.22819,36.3719],[139.22803,36.37181],[139.22798,36.37178],[139.22793,36.37174],[139.22788,36.37171],[139.22776,36.37161],[139.22882,36.37129],[139.22895,36.37125],[139.2292,36.37118],[139.22934,36.37113],[139.2292,36.37091],[139.2291,36.37075],[139.22887,36.37038],[139.22879,36.37026],[139.22875,36.3702],[139.22869,36.37013],[139.22829,36.36967],[139.22822,36.36957],[139.22803,36.36935],[139.228,36.3693],[139.2279,36.36913],[139.22787,36.36909],[139.2277,36.36889],[139.22759,36.36876],[139.22746,36.36861],[139.22722,36.36836],[139.22717,36.36831],[139.22711,36.36823],[139.22681,36.36769],[139.22681,36.36769],[139.22667,36.36748],[139.22664,36.36745],[139.22658,36.36743],[139.2263,36.36733],[139.22623,36.3673],[139.22604,36.36721],[139.22581,36.36706],[139.22542,36.36679],[139.22536,36.36681],[139.22528,36.36674],[139.22532,36.36662],[139.22549,36.36628],[139.22549,36.36625],[139.22548,36.36623],[139.22546,36.36622],[139.22544,36.36621],[139.22522,36.36609],[139.22448,36.36573],[139.22428,36.36563],[139.22417,36.36557],[139.22413,36.36553],[139.22406,36.36546],[139.22386,36.36514],[139.22373,36.36491],[139.2233,36.36508],[139.22311,36.36515],[139.22278,36.36529]]]}},{"type":"Feature","properties":{"n":"準工業地域","c":11,"bcr":60,"far":200},"geometry":{"type":"Polygon","coordinates":[[[139.23936,36.37875],[139.23949,36.37901],[139.23954,36.37907],[139.23964,36.3792],[139.23975,36.37936],[139.23981,36.37944],[139.23988,36.37956],[139.2401,36.37991],[139.24126,36.37988],[139.2416,36.37987],[139.24243,36.37985],[139.24244,36.37985],[139.24277,36.37984],[139.24278,36.38026],[139.24278,36.38038],[139.24281,36.3808],[139.24283,36.38156],[139.24332,36.38155],[139.24345,36.38154],[139.24371,36.38153],[139.24382,36.38125],[139.24409,36.38057],[139.24412,36.38046],[139.24427,36.37984],[139.2443,36.37969],[139.24442,36.37924],[139.24452,36.37876],[139.24453,36.37873],[139.24454,36.37867],[139.24455,36.37853],[139.24455,36.3784],[139.2445,36.37825],[139.24443,36.37805],[139.24419,36.37747],[139.24407,36.37719],[139.24389,36.37675],[139.24356,36.37592],[139.24269,36.3739],[139.24101,36.37392],[139.24108,36.37634],[139.24101,36.37635],[139.24066,36.37635],[139.23999,36.37636],[139.23994,36.37637],[139.23995,36.37662],[139.23963,36.37665],[139.23936,36.37668],[139.23883,36.37675],[139.23851,36.37681],[139.2383,36.37684],[139.23825,36.37694],[139.23821,36.37716],[139.23819,36.37725],[139.23814,36.37747],[139.23812,36.37754],[139.23809,36.37792],[139.2378,36.3779],[139.23753,36.37788],[139.23731,36.37787],[139.23675,36.37783],[139.23628,36.3778],[139.23612,36.3778],[139.23593,36.3778],[139.23563,36.37782],[139.23536,36.37785],[139.23527,36.37786],[139.23518,36.37787],[139.23506,36.37789],[139.23436,36.37804],[139.23384,36.37815],[139.23304,36.37832],[139.23267,36.3784],[139.23262,36.37841],[139.23254,36.37842],[139.23245,36.37843],[139.23232,36.37844],[139.23202,36.37846],[139.23189,36.37846],[139.23178,36.37845],[139.23169,36.37845],[139.23151,36.37843],[139.23149,36.37843],[139.23147,36.37842],[139.23144,36.37823],[139.23135,36.37768],[139.23084,36.37773],[139.23007,36.3778],[139.22943,36.37787],[139.22926,36.37784],[139.22903,36.37781],[139.22895,36.3778],[139.2289,36.37779],[139.22887,36.37761],[139.22882,36.3773],[139.22881,36.37719],[139.22879,36.37708],[139.22867,36.37631],[139.22864,36.3761],[139.22826,36.37613],[139.22804,36.37616],[139.22801,36.37608],[139.228,36.37604],[139.22797,36.37598],[139.22788,36.37574],[139.22784,36.37565],[139.2278,36.37553],[139.22779,36.37551],[139.22771,36.37531],[139.22747,36.3747],[139.22746,36.37467],[139.22742,36.37458],[139.22737,36.37446],[139.22732,36.37433],[139.2273,36.37428],[139.2273,36.37427],[139.22722,36.37406],[139.22715,36.37384],[139.22712,36.37375],[139.22711,36.37369],[139.22709,36.37364],[139.22702,36.37342],[139.22693,36.37317],[139.22687,36.373],[139.22655,36.37209],[139.22645,36.37178],[139.22637,36.37155],[139.22625,36.37119],[139.22624,36.37116],[139.22604,36.37051],[139.22603,36.37048],[139.22594,36.37018],[139.22592,36.37012],[139.2258,36.36974],[139.22576,36.36959],[139.22552,36.36889],[139.22543,36.36862],[139.22532,36.36829],[139.22529,36.36824],[139.22502,36.36759],[139.22499,36.36752],[139.22496,36.36747],[139.22486,36.36727],[139.22481,36.3672],[139.2248,36.36718],[139.22472,36.36706],[139.22468,36.36701],[139.2246,36.36691],[139.22453,36.36683],[139.22447,36.36677],[139.2244,36.36669],[139.22435,36.36665],[139.22362,36.36601],[139.22278,36.36529],[139.22273,36.36531],[139.2225,36.3654],[139.22234,36.36552],[139.22167,36.36583],[139.22164,36.36584],[139.22197,36.36639],[139.22225,36.36684],[139.22228,36.36688],[139.22235,36.36701],[139.22242,36.36712],[139.22277,36.36769],[139.22285,36.36781],[139.2234,36.3687],[139.22361,36.36868],[139.22364,36.36889],[139.22367,36.36902],[139.22371,36.36932],[139.22371,36.36937],[139.22381,36.36996],[139.22385,36.37025],[139.22386,36.3703],[139.2239,36.37043],[139.22399,36.37068],[139.22399,36.3707],[139.2241,36.37108],[139.22413,36.37117],[139.22426,36.37156],[139.22473,36.37145],[139.22499,36.37139],[139.22502,36.37138],[139.22545,36.37127],[139.22547,36.37133],[139.22549,36.3714],[139.22551,36.37145],[139.22556,36.37161],[139.22562,36.3718],[139.22573,36.37213],[139.22575,36.37219],[139.22599,36.37289],[139.22603,36.37299],[139.2261,36.37319],[139.22622,36.37347],[139.22627,36.37361],[139.2263,36.3737],[139.22638,36.3739],[139.22639,36.37394],[139.22641,36.374],[139.22649,36.37423],[139.22656,36.37444],[139.22657,36.37446],[139.22668,36.37475],[139.22674,36.37489],[139.22687,36.37522],[139.22698,36.3755],[139.22709,36.37578],[139.22693,36.37581],[139.22674,36.37586],[139.22645,36.37592],[139.22639,36.37594],[139.22654,36.37636],[139.22667,36.37668],[139.22683,36.37711],[139.2261,36.3773],[139.22598,36.37728],[139.22579,36.37734],[139.22551,36.37745],[139.22533,36.3774],[139.22486,36.37727],[139.22477,36.37724],[139.22425,36.37709],[139.22413,36.37706],[139.22332,36.37683],[139.22298,36.37673],[139.2226,36.37662],[139.22235,36.37656],[139.22247,36.37692],[139.22254,36.37694],[139.22263,36.37709],[139.22269,36.3772],[139.2227,36.37724],[139.22272,36.37734],[139.22273,36.37746],[139.22273,36.37756],[139.22272,36.37767],[139.22269,36.37785],[139.22268,36.37787],[139.22289,36.37788],[139.22318,36.3779],[139.22324,36.37791],[139.22361,36.37797],[139.22368,36.37797],[139.2238,36.37796],[139.22444,36.37787],[139.22443,36.37781],[139.2245,36.37783],[139.22454,36.37784],[139.22498,36.37797],[139.22508,36.378],[139.22564,36.37816],[139.2257,36.37817],[139.22587,36.37822],[139.22614,36.3783],[139.22624,36.37833],[139.22625,36.37833],[139.22649,36.3784],[139.22662,36.37843],[139.22675,36.37846],[139.22691,36.37849],[139.22702,36.37851],[139.22703,36.37851],[139.22724,36.37854],[139.22744,36.37861],[139.22764,36.37866],[139.22768,36.37867],[139.22771,36.37867],[139.22789,36.37868],[139.22793,36.37868],[139.22801,36.37867],[139.2281,36.37863],[139.22813,36.37862],[139.22829,36.37862],[139.22847,36.37862],[139.22859,36.37863],[139.22871,36.37864],[139.2288,36.37864],[139.22897,36.37865],[139.22902,36.37866],[139.22906,36.37866],[139.22913,36.37867],[139.22938,36.37871],[139.22947,36.37873],[139.22948,36.37872],[139.23003,36.37881],[139.23059,36.37891],[139.23102,36.37899],[139.23121,36.37902],[139.23136,36.37905],[139.23142,36.37906],[139.23143,36.37906],[139.2315,36.37907],[139.23162,36.37908],[139.23174,36.37908],[139.23187,36.37909],[139.23196,36.37909],[139.23206,36.37909],[139.23212,36.37909],[139.23221,36.37908],[139.23228,36.37908],[139.23235,36.37908],[139.23242,36.37907],[139.23253,36.37906],[139.23259,36.37905],[139.23281,36.37902],[139.23288,36.37901],[139.23317,36.37895],[139.23328,36.37893],[139.23383,36.37881],[139.23421,36.37873],[139.23457,36.37865],[139.23491,36.37858],[139.23525,36.37851],[139.2355,36.37848],[139.23574,36.37845],[139.23595,36.37844],[139.23606,36.37844],[139.23612,36.37844],[139.23626,36.37844],[139.23638,36.37844],[139.23667,36.37846],[139.23724,36.3785],[139.23747,36.37851],[139.23753,36.37851],[139.23781,36.37853],[139.23792,36.37854],[139.23806,36.37855],[139.23821,36.37856],[139.23855,36.37858],[139.23885,36.3786],[139.23909,36.37861],[139.23919,36.37862],[139.23929,36.37863],[139.23936,36.37875],[139.23936,36.37875]]]}},{"type":"Feature","properties":{"n":"工業地域","c":12,"bcr":60,"far":200},"geometry":{"type":"Polygon","coordinates":[[[139.20417,36.3797],[139.2042,36.37993],[139.20423,36.38024],[139.20429,36.38075],[139.20435,36.38125],[139.20441,36.38164],[139.20442,36.3818],[139.20447,36.38195],[139.20466,36.38245],[139.20476,36.3829],[139.20495,36.3833],[139.2051,36.3836],[139.20535,36.38412],[139.20579,36.38513],[139.20593,36.38545],[139.20598,36.38547],[139.20715,36.38513],[139.20875,36.38467],[139.20878,36.38466],[139.20879,36.38465],[139.20885,36.38453],[139.20926,36.38442],[139.20933,36.3844],[139.20924,36.38362],[139.20925,36.38355],[139.20933,36.38322],[139.20934,36.3832],[139.20935,36.3832],[139.20938,36.38318],[139.20939,36.38317],[139.20939,36.38316],[139.20939,36.38311],[139.20939,36.3831],[139.20924,36.38282],[139.20915,36.38271],[139.20905,36.38251],[139.20901,36.38242],[139.2094,36.38229],[139.20935,36.38219],[139.20931,36.3822],[139.20923,36.38222],[139.20916,36.38224],[139.20904,36.38225],[139.20894,36.38225],[139.20891,36.38225],[139.20857,36.38223],[139.20821,36.38221],[139.20811,36.38221],[139.2078,36.3822],[139.20742,36.38218],[139.20683,36.38215],[139.20664,36.38215],[139.20649,36.38216],[139.20638,36.38218],[139.20626,36.38221],[139.20615,36.38225],[139.20606,36.3823],[139.2059,36.38241],[139.20587,36.38244],[139.20583,36.38238],[139.20577,36.38229],[139.20564,36.38208],[139.20559,36.382],[139.2054,36.3817],[139.20528,36.38149],[139.20609,36.38124],[139.20647,36.38111],[139.20687,36.38083],[139.20689,36.38081],[139.20691,36.38079],[139.20695,36.3807],[139.20697,36.38062],[139.20705,36.38039],[139.20704,36.38036],[139.20692,36.38014],[139.20684,36.38004],[139.2065,36.37981],[139.20639,36.37973],[139.2063,36.37967],[139.20629,36.37966],[139.20621,36.37956],[139.20417,36.3797]]]}},{"type":"Feature","properties":{"n":"工業地域","c":12,"bcr":60,"far":200},"geometry":{"type":"Polygon","coordinates":[[[139.2496,36.39544],[139.24978,36.39537],[139.24988,36.39534],[139.25,36.39531],[139.25009,36.39529],[139.25006,36.39536],[139.25018,36.39533],[139.25038,36.3953],[139.25062,36.39527],[139.25099,36.39523],[139.25107,36.39522],[139.25117,36.39522],[139.25143,36.39522],[139.25172,36.39523],[139.25216,36.39525],[139.25226,36.39525],[139.25284,36.39526],[139.25324,36.39527],[139.25365,36.39527],[139.25372,36.39527],[139.25371,36.39492],[139.25371,36.39487],[139.25371,36.39481],[139.2537,36.39478],[139.25369,36.39473],[139.25365,36.39459],[139.25365,36.39457],[139.25353,36.39428],[139.25352,36.39424],[139.25352,36.39421],[139.25351,36.39419],[139.25352,36.39417],[139.25352,36.39414],[139.25353,36.39413],[139.25354,36.39411],[139.25357,36.39409],[139.25359,36.39408],[139.25362,36.39407],[139.25369,36.39404],[139.25371,36.39403],[139.25375,36.39401],[139.25377,36.394],[139.25379,36.39398],[139.25381,36.39396],[139.25382,36.39394],[139.25383,36.39392],[139.25385,36.39375],[139.25385,36.39369],[139.25385,36.39367],[139.25385,36.39364],[139.25384,36.39363],[139.25384,36.39359],[139.25383,36.39355],[139.25388,36.39355],[139.25395,36.39354],[139.25398,36.39353],[139.25403,36.39352],[139.25405,36.39352],[139.25411,36.39352],[139.25413,36.3935],[139.25411,36.39321],[139.25407,36.39272],[139.25406,36.39265],[139.25412,36.39262],[139.25411,36.39241],[139.25408,36.39192],[139.25405,36.39164],[139.25403,36.39162],[139.25367,36.3916],[139.25344,36.3916],[139.25294,36.39158],[139.25278,36.39157],[139.25268,36.39157],[139.25244,36.39156],[139.25231,36.39158],[139.25176,36.39155],[139.25117,36.39154],[139.2504,36.39152],[139.24989,36.39151],[139.24969,36.39151],[139.24969,36.39151],[139.24968,36.39151],[139.24966,36.39151],[139.2495,36.39159],[139.24936,36.39163],[139.24871,36.39171],[139.24868,36.39171],[139.24865,36.3917],[139.24854,36.39171],[139.24854,36.39165],[139.24856,36.39159],[139.24858,36.39155],[139.2486,36.39148],[139.24866,36.39139],[139.24875,36.3912],[139.24876,36.39116],[139.24868,36.3912],[139.2485,36.3913],[139.24822,36.39144],[139.24822,36.39145],[139.24811,36.39151],[139.24784,36.39149],[139.24769,36.39145],[139.24764,36.39143],[139.24706,36.39124],[139.24667,36.39112],[139.24614,36.39095],[139.24573,36.39081],[139.24536,36.3907],[139.2452,36.39066],[139.24503,36.39061],[139.24502,36.39061],[139.24501,36.39061],[139.24486,36.39062],[139.24476,36.39063],[139.24471,36.39063],[139.24467,36.39063],[139.24461,36.39064],[139.24425,36.39073],[139.24399,36.39079],[139.24317,36.39097],[139.24292,36.39103],[139.24208,36.39122],[139.24202,36.39124],[139.24194,36.39125],[139.24143,36.39136],[139.2408,36.3915],[139.24069,36.39153],[139.24064,36.39154],[139.24062,36.39155],[139.24059,36.39156],[139.24054,36.39159],[139.24053,36.3916],[139.2405,36.39161],[139.24049,36.39163],[139.24049,36.39164],[139.24049,36.39164],[139.24049,36.39165],[139.24053,36.39169],[139.24058,36.39173],[139.24089,36.39202],[139.24112,36.39223],[139.24131,36.39241],[139.24135,36.39245],[139.24139,36.39249],[139.24142,36.39252],[139.24156,36.39265],[139.2416,36.39269],[139.24171,36.39279],[139.24185,36.39293],[139.24189,36.39296],[139.24213,36.39319],[139.24219,36.39324],[139.2422,36.39325],[139.24225,36.39329],[139.24228,36.39332],[139.24235,36.39338],[139.24252,36.3935],[139.24274,36.39366],[139.24282,36.39372],[139.24321,36.39401],[139.24361,36.3943],[139.24369,36.39436],[139.24398,36.39461],[139.24425,36.39486],[139.24472,36.39531],[139.24484,36.39546],[139.24491,36.39556],[139.24498,36.39567],[139.24516,36.39601],[139.24523,36.39613],[139.24524,36.39615],[139.24533,36.39632],[139.24546,36.39655],[139.24547,36.39658],[139.24548,36.39658],[139.24549,36.39659],[139.2455,36.39659],[139.2458,36.39653],[139.24623,36.39644],[139.24654,36.39638],[139.24663,36.39634],[139.24698,36.39626],[139.24705,36.39624],[139.24761,36.39608],[139.2478,36.39603],[139.2482,36.39591],[139.24835,36.39588],[139.24851,36.39583],[139.24877,36.39574],[139.24879,36.39573],[139.24899,36.39566],[139.24915,36.3956],[139.24936,36.39552],[139.24939,36.39551],[139.24946,36.39548],[139.2496,36.39542],[139.2496,36.39544]]]}}]}