{"type":"FeatureCollection","features":[{"type":"Feature","properties":{"n":"居住環境保全地区"},"geometry":{"type":"Polygon","coordinates":[[[139.24731,36.36683],[139.24728,36.36659],[139.24705,36.36519],[139.24678,36.36527],[139.24661,36.36532],[139.24661,36.36528],[139.24678,36.3647],[139.24677,36.36456],[139.24671,36.36426],[139.24674,36.36424],[139.2482,36.36413],[139.24885,36.36408],[139.24818,36.36356],[139.24817,36.36353],[139.24838,36.36352],[139.24839,36.36352],[139.25065,36.36338],[139.25068,36.3638],[139.25067,36.36418],[139.25066,36.36435],[139.25061,36.36454],[139.25054,36.36471],[139.25045,36.36489],[139.25036,36.36503],[139.2503,36.36511],[139.25024,36.36517],[139.24998,36.36539],[139.24983,36.36554],[139.24972,36.36567],[139.24957,36.36588],[139.24951,36.36595],[139.24929,36.36634],[139.24917,36.36658],[139.24915,36.36661],[139.24911,36.36663],[139.2483,36.36673],[139.24735,36.36683],[139.24731,36.36683]]]}},{"type":"Feature","properties":{"n":"居住環境保全地区"},"geometry":{"type":"Polygon","coordinates":[[[139.2547,36.33207],[139.2547,36.33191],[139.25465,36.33167],[139.25451,36.33124],[139.2544,36.3309],[139.25438,36.33067],[139.25437,36.33051],[139.25434,36.33039],[139.25427,36.33042],[139.25378,36.33042],[139.25375,36.32973],[139.25375,36.32938],[139.2538,36.32926],[139.25379,36.3291],[139.25377,36.32889],[139.25365,36.32865],[139.2535,36.32843],[139.25348,36.32837],[139.25348,36.32828],[139.25352,36.32811],[139.25353,36.32801],[139.2535,36.3279],[139.25351,36.32781],[139.25362,36.32759],[139.25362,36.32748],[139.25395,36.32752],[139.25398,36.32749],[139.25427,36.32753],[139.25429,36.32744],[139.25436,36.32731],[139.25439,36.32721],[139.2543,36.32712],[139.25425,36.32691],[139.2545,36.32685],[139.25456,36.32684],[139.25455,36.32681],[139.25549,36.32667],[139.25553,36.32666],[139.25561,36.32664],[139.25659,36.32648],[139.25677,36.32645],[139.25651,36.32548],[139.25701,36.32554],[139.2576,36.32561],[139.25798,36.32563],[139.25799,36.32566],[139.25762,36.32598],[139.25733,36.32623],[139.25686,36.32665],[139.25629,36.32716],[139.25614,36.32729],[139.25589,36.32748],[139.25583,36.32752],[139.25571,36.32756],[139.25582,36.32781],[139.25591,36.3282],[139.25593,36.32836],[139.25597,36.32858],[139.256,36.32899],[139.25601,36.3291],[139.25641,36.32905],[139.25645,36.32907],[139.25647,36.32924],[139.25647,36.32934],[139.25645,36.32952],[139.25645,36.32971],[139.25644,36.32977],[139.25641,36.32984],[139.25636,36.32993],[139.25632,36.32996],[139.25626,36.32999],[139.25621,36.33001],[139.25612,36.33003],[139.25583,36.33007],[139.25561,36.3301],[139.2555,36.33013],[139.25529,36.33016],[139.25522,36.33017],[139.25513,36.33018],[139.25505,36.33015],[139.25507,36.33025],[139.25508,36.33028],[139.25512,36.33069],[139.25517,36.33109],[139.25521,36.33142],[139.25524,36.33162],[139.25525,36.33176],[139.25524,36.33199],[139.25523,36.33204],[139.25516,36.33204],[139.25497,36.33205],[139.2547,36.33207]]]}},{"type":"Feature","properties":{"n":"居住環境保全地区"},"geometry":{"type":"Polygon","coordinates":[[[139.25976,36.32395],[139.25972,36.32385],[139.2597,36.32379],[139.25966,36.32361],[139.25963,36.32339],[139.25959,36.32312],[139.25957,36.32299],[139.25957,36.32292],[139.25967,36.3229],[139.25992,36.32285],[139.25997,36.32284],[139.26009,36.32282],[139.26014,36.32281],[139.26033,36.32277],[139.26044,36.32275],[139.26061,36.32272],[139.26068,36.32271],[139.26078,36.3227],[139.2609,36.32268],[139.26095,36.32268],[139.2611,36.32266],[139.26137,36.32263],[139.26144,36.32263],[139.26151,36.32262],[139.26164,36.3226],[139.26173,36.3226],[139.26209,36.3226],[139.26223,36.32261],[139.26265,36.32262],[139.26273,36.32263],[139.26286,36.32263],[139.26288,36.32264],[139.26298,36.32265],[139.26304,36.32266],[139.26314,36.32268],[139.26317,36.32269],[139.26319,36.32269],[139.26348,36.32266],[139.26352,36.32266],[139.26385,36.32263],[139.26393,36.32263],[139.26409,36.32262],[139.26413,36.32261],[139.26416,36.32261],[139.26453,36.32258],[139.26455,36.32258],[139.26466,36.32258],[139.26481,36.32256],[139.26485,36.32256],[139.26486,36.32255],[139.26487,36.32254],[139.26488,36.32253],[139.26489,36.32252],[139.2649,36.32249],[139.26492,36.32247],[139.26505,36.32247],[139.26514,36.32248],[139.2653,36.32251],[139.26547,36.32254],[139.2655,36.32255],[139.26553,36.32255],[139.26562,36.32254],[139.26563,36.32249],[139.26584,36.32249],[139.26589,36.32249],[139.26623,36.32251],[139.26648,36.32249],[139.26673,36.32246],[139.26684,36.32245],[139.26691,36.32254],[139.26696,36.32263],[139.2669,36.32273],[139.26674,36.323],[139.26659,36.32323],[139.26642,36.32353],[139.26613,36.324],[139.26608,36.32409],[139.26522,36.32386],[139.26506,36.32411],[139.26497,36.32424],[139.2648,36.32445],[139.26469,36.32457],[139.26457,36.32468],[139.26447,36.32479],[139.26444,36.32488],[139.26443,36.32491],[139.26436,36.32525],[139.26434,36.32528],[139.26424,36.32555],[139.26419,36.3257],[139.26417,36.32583],[139.26415,36.32594],[139.26414,36.32598],[139.26404,36.32597],[139.264,36.32596],[139.26374,36.32594],[139.26352,36.32593],[139.26341,36.32593],[139.26316,36.32593],[139.26288,36.32592],[139.26281,36.32591],[139.26246,36.32588],[139.26239,36.32588],[139.26232,36.32588],[139.26225,36.32588],[139.26219,36.32589],[139.26173,36.32594],[139.26159,36.32596],[139.26161,36.32592],[139.26176,36.3256],[139.26187,36.32536],[139.26191,36.32527],[139.26204,36.32499],[139.26215,36.32476],[139.26223,36.32458],[139.26225,36.32453],[139.26227,36.32449],[139.26228,36.32444],[139.26228,36.3244],[139.26228,36.32438],[139.26228,36.32438],[139.26226,36.32435],[139.26214,36.32434],[139.26206,36.32433],[139.26202,36.32433],[139.26199,36.32433],[139.26194,36.32433],[139.26191,36.32433],[139.26188,36.32433],[139.26182,36.32434],[139.26178,36.32435],[139.26176,36.32435],[139.26173,36.32435],[139.26172,36.32435],[139.26169,36.32435],[139.26167,36.32435],[139.26161,36.32434],[139.26159,36.32435],[139.26155,36.32435],[139.26152,36.32436],[139.26137,36.32441],[139.26132,36.32442],[139.26129,36.32443],[139.26127,36.32443],[139.26099,36.32448],[139.2608,36.32452],[139.26075,36.32453],[139.2607,36.32455],[139.26065,36.32457],[139.26044,36.32465],[139.2604,36.32467],[139.26037,36.32461],[139.26029,36.32443],[139.26028,36.3244],[139.26024,36.32435],[139.26009,36.32419],[139.26,36.32417],[139.25993,36.32416],[139.25996,36.32405],[139.26,36.324],[139.26,36.32399],[139.25999,36.32391],[139.25987,36.32392],[139.25982,36.32393],[139.25976,36.32395]]]}},{"type":"Feature","properties":{"n":"居住環境保全地区"},"geometry":{"type":"Polygon","coordinates":[[[139.27233,36.36392],[139.27225,36.36393],[139.27222,36.36393],[139.27108,36.36409],[139.271,36.36411],[139.26977,36.36429],[139.2686,36.36447],[139.2686,36.36448],[139.26865,36.36466],[139.26869,36.36488],[139.26874,36.36511],[139.26876,36.36514],[139.2689,36.36577],[139.26891,36.36581],[139.26894,36.36596],[139.2689,36.36597],[139.26832,36.36606],[139.2683,36.36605],[139.26826,36.3659],[139.26826,36.36587],[139.26817,36.36547],[139.26817,36.36544],[139.26819,36.36544],[139.26816,36.36534],[139.26808,36.36534],[139.26759,36.36538],[139.26758,36.36538],[139.26757,36.36534],[139.2675,36.36474],[139.26755,36.36467],[139.26797,36.36457],[139.26777,36.36371],[139.26773,36.36348],[139.26772,36.36344],[139.26773,36.36331],[139.26772,36.36325],[139.26749,36.36256],[139.26748,36.36252],[139.2674,36.36238],[139.26726,36.36219],[139.26725,36.36216],[139.26726,36.36214],[139.26736,36.36185],[139.26738,36.3618],[139.26736,36.36172],[139.26763,36.36166],[139.26824,36.36153],[139.26878,36.3614],[139.26918,36.3613],[139.26922,36.36128],[139.26965,36.36116],[139.27031,36.36096],[139.2703,36.36092],[139.27027,36.36076],[139.27027,36.36073],[139.27027,36.3607],[139.27028,36.36066],[139.27039,36.3604],[139.27042,36.36035],[139.27067,36.36028],[139.27073,36.36027],[139.2711,36.36024],[139.27144,36.36023],[139.27147,36.36053],[139.27147,36.36061],[139.27152,36.36072],[139.27164,36.36103],[139.27164,36.36104],[139.27166,36.36112],[139.27174,36.36147],[139.27176,36.36154],[139.27178,36.36163],[139.27194,36.3623],[139.27204,36.36267],[139.27208,36.36284],[139.27209,36.36287],[139.27228,36.36371],[139.27233,36.36392]]]}},{"type":"Feature","properties":{"n":"居住環境保全地区"},"geometry":{"type":"Polygon","coordinates":[[[139.25754,36.34271],[139.25735,36.34177],[139.25717,36.34096],[139.25705,36.34037],[139.257,36.34018],[139.25696,36.33998],[139.257,36.33995],[139.2574,36.33989],[139.25745,36.33989],[139.25742,36.33984],[139.2574,36.3397],[139.25739,36.3396],[139.25738,36.33951],[139.25739,36.33942],[139.2574,36.33935],[139.2574,36.33924],[139.25741,36.33914],[139.25743,36.33899],[139.25742,36.33865],[139.2574,36.33858],[139.25741,36.33844],[139.25741,36.33833],[139.2574,36.33824],[139.25738,36.33812],[139.2573,36.33776],[139.25715,36.33777],[139.25708,36.33778],[139.25703,36.33778],[139.257,36.33774],[139.257,36.33767],[139.257,36.33764],[139.25701,36.33759],[139.25704,36.33752],[139.25707,36.33746],[139.25707,36.33735],[139.25661,36.33741],[139.25654,36.33741],[139.25651,36.33736],[139.25646,36.3372],[139.25644,36.33713],[139.25644,36.33704],[139.25644,36.33689],[139.25645,36.33672],[139.25644,36.33657],[139.25643,36.33645],[139.25641,36.33627],[139.25639,36.33608],[139.25631,36.336],[139.25615,36.33599],[139.25602,36.33614],[139.25594,36.33618],[139.25575,36.33589],[139.25563,36.33564],[139.25561,36.33543],[139.25559,36.33514],[139.2556,36.3351],[139.25558,36.33472],[139.25554,36.33431],[139.25555,36.33424],[139.2556,36.33391],[139.25564,36.33391],[139.25602,36.33403],[139.2561,36.33413],[139.25617,36.33415],[139.25622,36.33415],[139.25649,36.33424],[139.25663,36.33427],[139.25671,36.33428],[139.25696,36.33431],[139.25698,36.33416],[139.25705,36.33392],[139.25709,36.33371],[139.25727,36.3337],[139.25753,36.3337],[139.25758,36.33334],[139.25765,36.3333],[139.25766,36.33299],[139.25799,36.333],[139.25801,36.33278],[139.25803,36.33276],[139.25887,36.33297],[139.2589,36.33294],[139.25952,36.33286],[139.25978,36.33282],[139.25983,36.33283],[139.25983,36.33342],[139.25982,36.3336],[139.2599,36.33354],[139.26085,36.33283],[139.26114,36.33264],[139.26179,36.33224],[139.26188,36.33219],[139.26188,36.33223],[139.26183,36.33297],[139.26164,36.33297],[139.26143,36.33345],[139.26135,36.33368],[139.26136,36.33397],[139.26138,36.33418],[139.26142,36.33477],[139.26148,36.33502],[139.26146,36.33508],[139.2615,36.33546],[139.26154,36.33573],[139.26156,36.33573],[139.26165,36.33573],[139.26166,36.33575],[139.26164,36.33604],[139.26163,36.33608],[139.26163,36.33615],[139.26163,36.33617],[139.26163,36.33619],[139.26165,36.33638],[139.26165,36.33643],[139.26167,36.33673],[139.26167,36.33674],[139.26167,36.33676],[139.26166,36.33677],[139.26165,36.33678],[139.26165,36.33679],[139.26162,36.33683],[139.2616,36.33686],[139.26159,36.33687],[139.26159,36.33687],[139.26158,36.33689],[139.26157,36.33693],[139.26153,36.3372],[139.26152,36.33721],[139.26151,36.33725],[139.26151,36.33726],[139.26151,36.33726],[139.26145,36.33757],[139.26142,36.33778],[139.26138,36.3378],[139.26127,36.33782],[139.26085,36.33788],[139.26017,36.33798],[139.25999,36.33801],[139.26009,36.33809],[139.26016,36.3382],[139.2602,36.33833],[139.26024,36.33876],[139.26026,36.33907],[139.26029,36.3394],[139.26031,36.33953],[139.26033,36.33989],[139.26039,36.34053],[139.26045,36.34112],[139.26048,36.34134],[139.25889,36.34136],[139.25806,36.34136],[139.25807,36.34192],[139.25808,36.34264],[139.25805,36.34267],[139.2579,36.34267],[139.25781,36.34267],[139.25773,36.34268],[139.25754,36.34271]]]}},{"type":"Feature","properties":{"n":"居住環境保全地区"},"geometry":{"type":"Polygon","coordinates":[[[139.26042,36.3565],[139.26038,36.35581],[139.26031,36.35475],[139.26026,36.35406],[139.26029,36.35401],[139.26088,36.35392],[139.261,36.35388],[139.26044,36.35352],[139.25976,36.35306],[139.25845,36.3522],[139.25762,36.35166],[139.25733,36.35146],[139.2568,36.35112],[139.25624,36.35075],[139.25582,36.35047],[139.25578,36.35034],[139.25557,36.34943],[139.25543,36.34888],[139.25539,36.34867],[139.25534,36.34845],[139.25532,36.34835],[139.25515,36.34765],[139.25505,36.34715],[139.2548,36.34608],[139.25464,36.34525],[139.25468,36.34525],[139.25466,36.34513],[139.25453,36.34448],[139.25459,36.34439],[139.25534,36.34427],[139.25602,36.3442],[139.25662,36.34415],[139.257,36.34416],[139.25763,36.34414],[139.25801,36.34413],[139.25807,36.34412],[139.25827,36.34412],[139.25851,36.34412],[139.25882,36.34414],[139.25887,36.34414],[139.25934,36.34418],[139.25984,36.34423],[139.25994,36.34426],[139.26,36.34427],[139.26004,36.3443],[139.26004,36.34449],[139.26003,36.34464],[139.26003,36.34472],[139.26003,36.34475],[139.26003,36.34487],[139.26003,36.34501],[139.26003,36.34507],[139.26002,36.34517],[139.25999,36.34525],[139.25996,36.34539],[139.25987,36.3455],[139.25973,36.34569],[139.25967,36.34585],[139.25964,36.34599],[139.25965,36.34618],[139.25966,36.34627],[139.25968,36.34637],[139.25971,36.34649],[139.2598,36.34673],[139.25998,36.3472],[139.26012,36.34754],[139.26015,36.3476],[139.26024,36.3478],[139.26035,36.34804],[139.26047,36.34827],[139.26065,36.3486],[139.26083,36.34892],[139.26098,36.34917],[139.26108,36.34934],[139.2612,36.3496],[139.26141,36.35],[139.2614,36.35008],[139.26154,36.35023],[139.26175,36.35043],[139.26197,36.35064],[139.26225,36.35091],[139.26251,36.35113],[139.26274,36.35135],[139.263,36.35165],[139.2631,36.35173],[139.26321,36.35181],[139.26333,36.35188],[139.26354,36.35203],[139.26366,36.35215],[139.26374,36.3524],[139.26394,36.3533],[139.26399,36.35351],[139.26399,36.35369],[139.26394,36.35393],[139.26385,36.35423],[139.26372,36.35482],[139.26359,36.35538],[139.26353,36.35552],[139.26342,36.35561],[139.26372,36.35579],[139.26371,36.35582],[139.26356,36.3558],[139.26327,36.35571],[139.26278,36.35569],[139.26265,36.35565],[139.26244,36.35557],[139.26181,36.35554],[139.26174,36.35557],[139.26104,36.35573],[139.26096,36.35574],[139.26099,36.35578],[139.26102,36.3559],[139.26106,36.356],[139.26105,36.3561],[139.26102,36.35624],[139.26098,36.35647],[139.26042,36.3565]]]}},{"type":"Feature","properties":{"n":"居住環境保全地区"},"geometry":{"type":"Polygon","coordinates":[[[139.26018,36.36855],[139.26012,36.36856],[139.25924,36.36872],[139.25925,36.36874],[139.25945,36.36925],[139.25947,36.36973],[139.25947,36.36985],[139.25825,36.3699],[139.2576,36.36992],[139.25682,36.36995],[139.25602,36.36944],[139.25582,36.36931],[139.25545,36.36938],[139.25457,36.36952],[139.25398,36.36966],[139.25384,36.36966],[139.25377,36.36966],[139.25363,36.36966],[139.25314,36.36967],[139.25274,36.36968],[139.25257,36.36968],[139.25254,36.36968],[139.25206,36.36971],[139.25185,36.36972],[139.25185,36.36972],[139.25185,36.36971],[139.2519,36.36925],[139.2519,36.36923],[139.25198,36.36853],[139.25201,36.36844],[139.25207,36.36783],[139.25216,36.36707],[139.25218,36.36682],[139.25182,36.36654],[139.2522,36.36654],[139.25227,36.36655],[139.25227,36.36648],[139.25236,36.36609],[139.25265,36.36483],[139.25265,36.36475],[139.25274,36.36429],[139.25278,36.36398],[139.25279,36.36359],[139.25271,36.36312],[139.25263,36.36313],[139.25251,36.36273],[139.25248,36.36253],[139.25244,36.36238],[139.25245,36.36228],[139.25248,36.36208],[139.25241,36.36178],[139.25224,36.36125],[139.25201,36.36049],[139.25195,36.36034],[139.25153,36.36008],[139.25136,36.35999],[139.25133,36.35997],[139.25131,36.35996],[139.25131,36.35994],[139.2513,36.35986],[139.25131,36.35969],[139.25132,36.35928],[139.25132,36.35921],[139.25135,36.35841],[139.25133,36.35829],[139.25133,36.35824],[139.25128,36.35814],[139.25131,36.35794],[139.25178,36.35785],[139.2518,36.35781],[139.25182,36.35765],[139.25184,36.35759],[139.2518,36.35745],[139.25181,36.35736],[139.25196,36.35727],[139.25259,36.35727],[139.25265,36.3573],[139.25384,36.35733],[139.25384,36.35735],[139.25378,36.3583],[139.25378,36.35835],[139.25445,36.35837],[139.25445,36.35836],[139.25504,36.35837],[139.25505,36.35838],[139.255,36.35935],[139.255,36.35938],[139.25496,36.36037],[139.2555,36.36028],[139.25554,36.36031],[139.25557,36.36104],[139.25558,36.36109],[139.2556,36.36113],[139.2558,36.36142],[139.25582,36.36149],[139.25596,36.3614],[139.25604,36.36135],[139.25637,36.36108],[139.25656,36.36095],[139.25686,36.36078],[139.25737,36.36051],[139.25774,36.36032],[139.25811,36.36016],[139.25829,36.3601],[139.25837,36.36008],[139.25858,36.36008],[139.25857,36.36064],[139.25858,36.36071],[139.25861,36.36086],[139.25864,36.36099],[139.25875,36.3614],[139.2588,36.36137],[139.25887,36.36134],[139.25917,36.36128],[139.25926,36.36126],[139.25935,36.36124],[139.25947,36.36205],[139.2595,36.36206],[139.2595,36.36212],[139.25951,36.36223],[139.25954,36.36246],[139.25954,36.3625],[139.25954,36.36262],[139.25959,36.36262],[139.25965,36.36262],[139.26038,36.3626],[139.26041,36.36262],[139.26031,36.363],[139.26017,36.36354],[139.26011,36.36377],[139.26004,36.3641],[139.26005,36.36417],[139.26008,36.36426],[139.26017,36.36458],[139.26031,36.36504],[139.26044,36.36548],[139.26047,36.36565],[139.26049,36.36583],[139.26047,36.36586],[139.25979,36.36584],[139.25968,36.36583],[139.25916,36.36582],[139.2591,36.36583],[139.25896,36.36585],[139.259,36.36599],[139.25902,36.36613],[139.25905,36.36633],[139.25906,36.36647],[139.25907,36.3666],[139.25905,36.36677],[139.25904,36.36688],[139.25903,36.36691],[139.25901,36.36696],[139.25897,36.367],[139.25958,36.36714],[139.25993,36.36728],[139.25994,36.36729],[139.25997,36.36743],[139.26,36.36757],[139.26001,36.36767],[139.26002,36.36784],[139.26002,36.36788],[139.26004,36.3679],[139.26018,36.36855]]]}},{"type":"Feature","properties":{"n":"産業共生地区"},"geometry":{"type":"Polygon","coordinates":[[[139.26405,36.32661],[139.26376,36.3266],[139.26313,36.32658],[139.26283,36.32657],[139.26254,36.32656],[139.26214,36.32655],[139.26206,36.32656],[139.26194,36.32657],[139.26172,36.3266],[139.26157,36.32661],[139.26147,36.32662],[139.26142,36.32662],[139.26138,36.32662],[139.26128,36.32662],[139.26124,36.32671],[139.26108,36.32706],[139.26107,36.32708],[139.26106,36.32708],[139.26104,36.32709],[139.26103,36.32709],[139.26102,36.32709],[139.26093,36.32707],[139.26028,36.3269],[139.25976,36.32674],[139.25757,36.32618],[139.25754,36.32615],[139.25856,36.32526],[139.25869,36.32512],[139.25878,36.32501],[139.25885,36.32493],[139.2594,36.32416],[139.25946,36.32409],[139.25951,36.32405],[139.25958,36.32401],[139.25968,36.32397],[139.25976,36.32395],[139.25982,36.32393],[139.25987,36.32392],[139.25999,36.32391],[139.26,36.32399],[139.26,36.324],[139.25996,36.32405],[139.25993,36.32416],[139.26,36.32417],[139.26009,36.32419],[139.26024,36.32435],[139.26028,36.3244],[139.26029,36.32443],[139.26037,36.32461],[139.2604,36.32467],[139.26044,36.32465],[139.26065,36.32457],[139.2607,36.32455],[139.26075,36.32453],[139.2608,36.32452],[139.26099,36.32448],[139.26127,36.32443],[139.26129,36.32443],[139.26132,36.32442],[139.26137,36.32441],[139.26152,36.32436],[139.26155,36.32435],[139.26159,36.32435],[139.26161,36.32434],[139.26167,36.32435],[139.26169,36.32435],[139.26172,36.32435],[139.26173,36.32435],[139.26176,36.32435],[139.26178,36.32435],[139.26182,36.32434],[139.26188,36.32433],[139.26191,36.32433],[139.26194,36.32433],[139.26199,36.32433],[139.26202,36.32433],[139.26206,36.32433],[139.26214,36.32434],[139.26226,36.32435],[139.26228,36.32438],[139.26228,36.32438],[139.26228,36.3244],[139.26228,36.32444],[139.26227,36.32449],[139.26225,36.32453],[139.26223,36.32458],[139.26215,36.32476],[139.26204,36.32499],[139.26191,36.32527],[139.26187,36.32536],[139.26176,36.3256],[139.26161,36.32592],[139.26159,36.32596],[139.26173,36.32594],[139.26219,36.32589],[139.26225,36.32588],[139.26232,36.32588],[139.26239,36.32588],[139.26246,36.32588],[139.26281,36.32591],[139.26288,36.32592],[139.26316,36.32593],[139.26341,36.32593],[139.26352,36.32593],[139.26374,36.32594],[139.264,36.32596],[139.26404,36.32597],[139.26414,36.32598],[139.26414,36.32603],[139.26413,36.32611],[139.26412,36.32618],[139.26411,36.32631],[139.26409,36.32646],[139.26405,36.32661]]]}},{"type":"Feature","properties":{"n":"産業共生地区"},"geometry":{"type":"Polygon","coordinates":[[[139.26424,36.32555],[139.26434,36.32528],[139.26436,36.32525],[139.26443,36.32491],[139.26444,36.32488],[139.26447,36.32479],[139.26457,36.32468],[139.26469,36.32457],[139.2648,36.32445],[139.26497,36.32424],[139.26506,36.32411],[139.26522,36.32386],[139.26608,36.32409],[139.26613,36.324],[139.26642,36.32353],[139.26659,36.32323],[139.26674,36.323],[139.2669,36.32273],[139.26696,36.32263],[139.26691,36.32254],[139.26684,36.32245],[139.26673,36.32246],[139.26648,36.32249],[139.26623,36.32251],[139.26589,36.32249],[139.26584,36.32249],[139.26563,36.32249],[139.26571,36.32225],[139.26579,36.32202],[139.26578,36.32183],[139.26569,36.32177],[139.26566,36.32174],[139.2655,36.32077],[139.26602,36.32068],[139.26599,36.32062],[139.26553,36.31934],[139.2655,36.31924],[139.26563,36.3192],[139.26652,36.31893],[139.26694,36.31879],[139.26719,36.31871],[139.26742,36.31865],[139.26747,36.31886],[139.26754,36.31889],[139.26754,36.31893],[139.26748,36.31895],[139.26756,36.31918],[139.26759,36.31929],[139.26766,36.31958],[139.2677,36.31972],[139.26777,36.31992],[139.26785,36.3203],[139.26795,36.32072],[139.26797,36.32092],[139.26803,36.32115],[139.26822,36.32115],[139.26849,36.32114],[139.26873,36.32113],[139.26892,36.32113],[139.26942,36.32111],[139.26948,36.32111],[139.26946,36.32139],[139.26944,36.32182],[139.26941,36.32211],[139.26941,36.32221],[139.26938,36.32249],[139.26938,36.32264],[139.26935,36.32293],[139.26934,36.32308],[139.26933,36.32315],[139.26929,36.32336],[139.26927,36.32352],[139.26926,36.32356],[139.26923,36.32372],[139.26921,36.32385],[139.26919,36.32396],[139.26918,36.32411],[139.26915,36.32412],[139.26903,36.32424],[139.26894,36.32432],[139.26887,36.32437],[139.26884,36.32445],[139.26876,36.32446],[139.2687,36.32447],[139.26851,36.3245],[139.2683,36.32454],[139.26783,36.32464],[139.26778,36.32467],[139.26729,36.32478],[139.26707,36.32484],[139.26693,36.32488],[139.26598,36.32504],[139.26563,36.32511],[139.26538,36.32517],[139.26518,36.32522],[139.26502,36.32526],[139.26493,36.32529],[139.26476,36.32535],[139.26453,36.32543],[139.26424,36.32555]]]}},{"type":"Feature","properties":{"n":"産業共生地区"},"geometry":{"type":"Polygon","coordinates":[[[139.26736,36.36172],[139.2669,36.36183],[139.26682,36.36184],[139.26574,36.36208],[139.26597,36.36053],[139.26597,36.36047],[139.26607,36.35974],[139.2662,36.35881],[139.2662,36.35868],[139.26494,36.35889],[139.26498,36.35853],[139.26505,36.35798],[139.26513,36.35738],[139.26521,36.35678],[139.26522,36.35666],[139.26485,36.35641],[139.26428,36.35603],[139.26517,36.35585],[139.26595,36.35569],[139.26615,36.35567],[139.26619,36.35567],[139.26644,36.35566],[139.26791,36.35568],[139.26803,36.35567],[139.26862,36.35568],[139.26898,36.3557],[139.26898,36.3557],[139.26909,36.35629],[139.26899,36.35661],[139.26889,36.35692],[139.26893,36.35697],[139.26869,36.35711],[139.26863,36.35725],[139.26859,36.35733],[139.26857,36.35741],[139.26855,36.35751],[139.26854,36.35766],[139.26857,36.35766],[139.26854,36.35787],[139.26854,36.35809],[139.26856,36.3583],[139.26862,36.35837],[139.26863,36.3584],[139.26862,36.35852],[139.26861,36.3586],[139.26859,36.35871],[139.26859,36.35878],[139.26859,36.35885],[139.26866,36.35905],[139.26829,36.35941],[139.26811,36.35959],[139.26793,36.35979],[139.26772,36.36002],[139.26755,36.3602],[139.26744,36.36033],[139.26737,36.36043],[139.2673,36.36056],[139.26727,36.36062],[139.26717,36.36087],[139.26758,36.36081],[139.26807,36.36075],[139.26824,36.36073],[139.26863,36.36066],[139.26901,36.36059],[139.26928,36.36054],[139.26969,36.36049],[139.26979,36.36046],[139.26991,36.36043],[139.27042,36.36035],[139.27039,36.3604],[139.27028,36.36066],[139.27027,36.3607],[139.27027,36.36073],[139.27027,36.36076],[139.2703,36.36092],[139.27031,36.36096],[139.26965,36.36116],[139.26922,36.36128],[139.26918,36.3613],[139.26878,36.3614],[139.26824,36.36153],[139.26763,36.36166],[139.26736,36.36172]]]}},{"type":"Feature","properties":{"n":"産業共生地区"},"geometry":{"type":"Polygon","coordinates":[[[139.27233,36.36392],[139.27249,36.36463],[139.27265,36.36527],[139.27284,36.36607],[139.273,36.36676],[139.27305,36.36717],[139.27308,36.3678],[139.27309,36.36791],[139.27308,36.36806],[139.27303,36.36827],[139.27302,36.36845],[139.27306,36.36862],[139.2731,36.36879],[139.27312,36.36885],[139.27311,36.36889],[139.27199,36.36862],[139.27201,36.36855],[139.2717,36.36847],[139.27059,36.36821],[139.27042,36.36815],[139.2705,36.36796],[139.27052,36.3679],[139.27053,36.36784],[139.27053,36.36777],[139.27052,36.36773],[139.27045,36.36742],[139.27036,36.36702],[139.27027,36.36668],[139.26889,36.36689],[139.2684,36.36696],[139.26725,36.36714],[139.2673,36.36719],[139.26734,36.36723],[139.26746,36.3673],[139.26734,36.36746],[139.26694,36.36753],[139.26688,36.36754],[139.26688,36.36754],[139.26681,36.36755],[139.26681,36.36755],[139.26657,36.36758],[139.26634,36.36761],[139.26621,36.36762],[139.26621,36.36762],[139.26621,36.36762],[139.2662,36.36753],[139.26616,36.36719],[139.26612,36.36688],[139.26597,36.36555],[139.26601,36.36551],[139.26638,36.36548],[139.26675,36.36546],[139.26693,36.36541],[139.26721,36.36539],[139.2675,36.36537],[139.26758,36.36538],[139.26759,36.36538],[139.26808,36.36534],[139.26816,36.36534],[139.26819,36.36544],[139.26817,36.36544],[139.26817,36.36547],[139.26826,36.36587],[139.26826,36.3659],[139.2683,36.36605],[139.26832,36.36606],[139.2689,36.36597],[139.26894,36.36596],[139.26891,36.36581],[139.2689,36.36577],[139.26876,36.36514],[139.26874,36.36511],[139.26869,36.36488],[139.26865,36.36466],[139.2686,36.36448],[139.2686,36.36447],[139.26977,36.36429],[139.271,36.36411],[139.27108,36.36409],[139.27222,36.36393],[139.27225,36.36393],[139.27233,36.36392]]]}},{"type":"Feature","properties":{"n":"田園居住地区"},"geometry":{"type":"Polygon","coordinates":[[[139.24148,36.35417],[139.24146,36.35412],[139.24146,36.35412],[139.24148,36.35408],[139.24148,36.35408],[139.24148,36.35407],[139.24146,36.35404],[139.24143,36.35398],[139.24141,36.35392],[139.2414,36.3539],[139.24139,36.35386],[139.24138,36.3538],[139.24137,36.35375],[139.24137,36.35371],[139.24137,36.3536],[139.24137,36.35358],[139.24137,36.35324],[139.24137,36.35298],[139.24137,36.35288],[139.24138,36.35272],[139.24138,36.35225],[139.24137,36.35194],[139.24138,36.35186],[139.24138,36.35155],[139.24138,36.35139],[139.24138,36.35127],[139.24138,36.35108],[139.24139,36.351],[139.24139,36.35004],[139.2414,36.34944],[139.2414,36.34939],[139.24151,36.34939],[139.24158,36.34939],[139.24215,36.3494],[139.24251,36.3494],[139.24263,36.3494],[139.24304,36.3494],[139.24325,36.3494],[139.24332,36.3494],[139.24332,36.34946],[139.24331,36.34968],[139.24333,36.35005],[139.24332,36.35039],[139.24332,36.35055],[139.24332,36.35067],[139.24332,36.35071],[139.24332,36.35071],[139.24332,36.35072],[139.24324,36.35076],[139.24302,36.35091],[139.24287,36.351],[139.24271,36.351],[139.2426,36.351],[139.24258,36.35102],[139.24257,36.35115],[139.24257,36.35135],[139.24257,36.35139],[139.24257,36.35141],[139.24255,36.35143],[139.24253,36.35146],[139.2425,36.35148],[139.24247,36.35149],[139.24242,36.35152],[139.24235,36.35156],[139.24232,36.35159],[139.24229,36.35162],[139.24229,36.35163],[139.24229,36.35166],[139.24229,36.35181],[139.24231,36.35189],[139.24238,36.35215],[139.24247,36.35223],[139.24252,36.35227],[139.24254,36.35229],[139.24255,36.35232],[139.24255,36.3524],[139.24255,36.35259],[139.24255,36.35263],[139.24254,36.35324],[139.24254,36.35375],[139.24254,36.35397],[139.24256,36.35404],[139.24247,36.35405],[139.24186,36.35409],[139.24181,36.3541],[139.24171,36.35411],[139.24165,36.35412],[139.24158,36.35414],[139.24148,36.35417]]]}},{"type":"Feature","properties":{"n":"田園居住地区"},"geometry":{"type":"Polygon","coordinates":[[[139.26621,36.36762],[139.26621,36.36762],[139.26609,36.36764],[139.26584,36.36766],[139.26564,36.3677],[139.26542,36.36774],[139.26524,36.36778],[139.26497,36.36784],[139.26469,36.36789],[139.26435,36.36795],[139.26421,36.36797],[139.26401,36.36801],[139.2638,36.36806],[139.26366,36.36809],[139.26349,36.36815],[139.26334,36.3682],[139.26318,36.36814],[139.26309,36.36815],[139.26289,36.36818],[139.26246,36.36825],[139.26224,36.36828],[139.26202,36.3683],[139.26181,36.36833],[139.26158,36.36835],[139.26137,36.36837],[139.26105,36.3684],[139.26073,36.36846],[139.26032,36.36852],[139.26018,36.36855],[139.26004,36.3679],[139.26002,36.36788],[139.26002,36.36784],[139.26001,36.36767],[139.26,36.36757],[139.25997,36.36743],[139.25994,36.36729],[139.25993,36.36728],[139.25958,36.36714],[139.25897,36.367],[139.25901,36.36696],[139.25903,36.36691],[139.25904,36.36688],[139.25905,36.36677],[139.25907,36.3666],[139.25906,36.36647],[139.25905,36.36633],[139.25902,36.36613],[139.259,36.36599],[139.25896,36.36585],[139.2591,36.36583],[139.25916,36.36582],[139.25968,36.36583],[139.25979,36.36584],[139.26047,36.36586],[139.26049,36.36583],[139.26047,36.36565],[139.26044,36.36548],[139.26031,36.36504],[139.26017,36.36458],[139.26008,36.36426],[139.26005,36.36417],[139.26004,36.3641],[139.26011,36.36377],[139.26017,36.36354],[139.26031,36.363],[139.26041,36.36262],[139.26038,36.3626],[139.25965,36.36262],[139.25959,36.36262],[139.25954,36.36262],[139.25954,36.3625],[139.25954,36.36246],[139.25951,36.36223],[139.2595,36.36212],[139.2595,36.36206],[139.25947,36.36205],[139.25935,36.36124],[139.25926,36.36126],[139.25917,36.36128],[139.25887,36.36134],[139.2588,36.36137],[139.25875,36.3614],[139.25864,36.36099],[139.25861,36.36086],[139.25858,36.36071],[139.25857,36.36064],[139.25858,36.36008],[139.25837,36.36008],[139.25829,36.3601],[139.25811,36.36016],[139.25774,36.36032],[139.25737,36.36051],[139.25686,36.36078],[139.25656,36.36095],[139.25637,36.36108],[139.25604,36.36135],[139.25596,36.3614],[139.25582,36.36149],[139.2558,36.36142],[139.2556,36.36113],[139.25558,36.36109],[139.25557,36.36104],[139.25554,36.36031],[139.2555,36.36028],[139.25496,36.36037],[139.255,36.35938],[139.255,36.35935],[139.25505,36.35838],[139.25504,36.35837],[139.25445,36.35836],[139.25445,36.35837],[139.25378,36.35835],[139.25378,36.3583],[139.25384,36.35735],[139.25384,36.35733],[139.25265,36.3573],[139.25259,36.35727],[139.25196,36.35727],[139.25181,36.35736],[139.2518,36.35745],[139.25184,36.35759],[139.25182,36.35765],[139.2518,36.35781],[139.25178,36.35785],[139.25131,36.35794],[139.25128,36.35814],[139.25133,36.35824],[139.25133,36.35829],[139.25135,36.35841],[139.25132,36.35921],[139.25132,36.35928],[139.25131,36.35969],[139.2513,36.35986],[139.25131,36.35994],[139.25131,36.35996],[139.25133,36.35997],[139.25136,36.35999],[139.25153,36.36008],[139.25195,36.36034],[139.25201,36.36049],[139.25224,36.36125],[139.25241,36.36178],[139.25248,36.36208],[139.25245,36.36228],[139.25244,36.36238],[139.25248,36.36253],[139.25251,36.36273],[139.25263,36.36313],[139.25271,36.36312],[139.25279,36.36359],[139.25278,36.36398],[139.25274,36.36429],[139.25265,36.36475],[139.25265,36.36483],[139.25236,36.36609],[139.25227,36.36648],[139.25227,36.36655],[139.2522,36.36654],[139.25182,36.36654],[139.25218,36.36682],[139.25216,36.36707],[139.25207,36.36783],[139.25201,36.36844],[139.25198,36.36853],[139.2519,36.36923],[139.2519,36.36925],[139.25185,36.36971],[139.25185,36.36972],[139.25179,36.36971],[139.2516,36.36972],[139.25137,36.36972],[139.25111,36.36972],[139.25095,36.36972],[139.25094,36.36972],[139.25068,36.36972],[139.25062,36.36973],[139.24988,36.36972],[139.24954,36.36972],[139.24939,36.36972],[139.24913,36.36974],[139.24854,36.36977],[139.24842,36.36978],[139.24826,36.36979],[139.24801,36.36982],[139.24786,36.36983],[139.24781,36.36983],[139.24775,36.36984],[139.24675,36.36995],[139.24665,36.36995],[139.24659,36.36996],[139.24634,36.36999],[139.24431,36.37021],[139.24427,36.37021],[139.24423,36.37021],[139.24376,36.37027],[139.24321,36.37032],[139.24311,36.37034],[139.24305,36.37034],[139.24298,36.37035],[139.24287,36.37037],[139.24266,36.37039],[139.24244,36.37041],[139.24203,36.37046],[139.24209,36.37084],[139.24199,36.37085],[139.24192,36.37053],[139.24156,36.37062],[139.24128,36.37068],[139.24105,36.37074],[139.24097,36.37076],[139.24087,36.37077],[139.24067,36.37078],[139.23983,36.37079],[139.23978,36.3708],[139.23972,36.3708],[139.23969,36.36965],[139.23968,36.3694],[139.23961,36.3694],[139.23923,36.36941],[139.23848,36.36943],[139.2374,36.36945],[139.23697,36.36945],[139.23625,36.36946],[139.23618,36.36946],[139.23615,36.36847],[139.23615,36.36818],[139.23615,36.36808],[139.23614,36.36781],[139.23613,36.36762],[139.23611,36.36725],[139.2359,36.36738],[139.23582,36.36727],[139.23577,36.36718],[139.23573,36.36713],[139.23568,36.36709],[139.23562,36.36704],[139.23556,36.36699],[139.23552,36.36696],[139.2355,36.36693],[139.23548,36.3669],[139.2354,36.36674],[139.23529,36.36653],[139.23519,36.36634],[139.23502,36.36599],[139.23483,36.36563],[139.2346,36.36517],[139.23443,36.36484],[139.23396,36.36394],[139.23499,36.36359],[139.23503,36.36358],[139.23503,36.36358],[139.23503,36.36356],[139.23501,36.36353],[139.23485,36.3632],[139.23474,36.363],[139.23441,36.36236],[139.23418,36.36191],[139.23416,36.36186],[139.23413,36.3618],[139.23409,36.36172],[139.23381,36.3618],[139.23362,36.36109],[139.23357,36.36087],[139.23352,36.3607],[139.23346,36.36046],[139.2334,36.36023],[139.23337,36.36012],[139.23333,36.35997],[139.23321,36.35956],[139.23318,36.35943],[139.23315,36.35933],[139.23312,36.35924],[139.2331,36.35918],[139.23304,36.359],[139.23297,36.35884],[139.23381,36.35848],[139.23467,36.35812],[139.23507,36.35798],[139.23507,36.358],[139.23547,36.35784],[139.23571,36.35774],[139.23571,36.35782],[139.23572,36.35785],[139.23577,36.35906],[139.23574,36.35908],[139.23576,36.3591],[139.23587,36.35928],[139.23586,36.35932],[139.2356,36.35943],[139.2355,36.35946],[139.23522,36.35957],[139.23518,36.35958],[139.23514,36.3596],[139.23513,36.3596],[139.23513,36.35961],[139.23512,36.35961],[139.23512,36.35962],[139.23513,36.35964],[139.23514,36.35967],[139.23521,36.35979],[139.2353,36.35997],[139.23532,36.36],[139.23532,36.36006],[139.23528,36.36007],[139.23517,36.36011],[139.2351,36.36013],[139.23504,36.36015],[139.2347,36.36025],[139.23469,36.36026],[139.23469,36.36027],[139.23469,36.36028],[139.23469,36.36029],[139.23491,36.36072],[139.23495,36.36079],[139.23522,36.36132],[139.23523,36.36133],[139.23524,36.36133],[139.23524,36.36133],[139.23525,36.36133],[139.23631,36.36098],[139.23641,36.36095],[139.23737,36.36062],[139.23737,36.36061],[139.23725,36.36039],[139.23717,36.36022],[139.23716,36.36019],[139.23712,36.36014],[139.23702,36.35993],[139.23705,36.35986],[139.23709,36.35988],[139.2371,36.35988],[139.23722,36.35989],[139.23728,36.35989],[139.23737,36.35989],[139.23741,36.35989],[139.23764,36.35986],[139.23769,36.35985],[139.2378,36.35984],[139.23788,36.35983],[139.23789,36.35984],[139.23789,36.35984],[139.23789,36.35985],[139.23789,36.35985],[139.23789,36.35985],[139.23789,36.35985],[139.23789,36.35985],[139.23789,36.35985],[139.23789,36.35985],[139.23789,36.35986],[139.23789,36.35986],[139.23789,36.35986],[139.23789,36.35986],[139.23789,36.35986],[139.23789,36.35986],[139.2379,36.35986],[139.2379,36.35986],[139.2379,36.35986],[139.2379,36.35986],[139.2379,36.35987],[139.23799,36.35997],[139.23811,36.36012],[139.23815,36.36016],[139.2382,36.36022],[139.23825,36.36027],[139.23828,36.3603],[139.23842,36.36035],[139.23851,36.36037],[139.23853,36.36038],[139.23855,36.36041],[139.23856,36.36043],[139.23857,36.36047],[139.2386,36.3606],[139.23863,36.3607],[139.23868,36.36092],[139.23871,36.36108],[139.23873,36.36115],[139.23874,36.36123],[139.23877,36.36136],[139.23879,36.36139],[139.2388,36.36144],[139.23882,36.36154],[139.23882,36.36155],[139.23883,36.36157],[139.23883,36.36159],[139.23883,36.36161],[139.23881,36.36171],[139.23881,36.36173],[139.23881,36.36175],[139.23881,36.36175],[139.23881,36.36175],[139.23881,36.36176],[139.23881,36.36176],[139.23881,36.36176],[139.23881,36.36176],[139.23881,36.36177],[139.23881,36.36177],[139.23881,36.36179],[139.23881,36.36181],[139.23881,36.36181],[139.23881,36.36181],[139.23881,36.36182],[139.23881,36.36182],[139.23881,36.36182],[139.23881,36.36184],[139.23881,36.36186],[139.23883,36.36191],[139.23893,36.3625],[139.23895,36.36258],[139.23891,36.36258],[139.23884,36.36259],[139.23876,36.36261],[139.23866,36.36263],[139.23857,36.36266],[139.23836,36.36272],[139.23831,36.36273],[139.23823,36.36275],[139.23823,36.36275],[139.23826,36.36296],[139.23825,36.36311],[139.23828,36.36323],[139.23836,36.36336],[139.23837,36.36337],[139.23841,36.36341],[139.23851,36.3635],[139.23858,36.36354],[139.23869,36.36364],[139.2387,36.36365],[139.2387,36.36366],[139.23869,36.36371],[139.23868,36.36379],[139.23866,36.36389],[139.23865,36.36393],[139.23865,36.364],[139.23866,36.36405],[139.23866,36.36407],[139.23868,36.36409],[139.2387,36.36412],[139.23872,36.36414],[139.23874,36.36416],[139.23878,36.36418],[139.2387,36.36423],[139.23874,36.36431],[139.23874,36.36434],[139.2387,36.36451],[139.2387,36.36453],[139.23875,36.36463],[139.23877,36.36462],[139.23887,36.36484],[139.2389,36.3649],[139.23891,36.36494],[139.23895,36.36509],[139.23898,36.36522],[139.23898,36.36523],[139.239,36.36537],[139.23902,36.36548],[139.23898,36.3655],[139.23898,36.36551],[139.2388,36.36562],[139.23793,36.36616],[139.23788,36.36619],[139.23787,36.3662],[139.23751,36.36642],[139.23747,36.36644],[139.23729,36.36655],[139.23727,36.36652],[139.23711,36.36662],[139.23693,36.36674],[139.23681,36.36681],[139.23668,36.36688],[139.23665,36.3669],[139.23665,36.36691],[139.23666,36.36691],[139.23671,36.367],[139.23672,36.36701],[139.2369,36.36696],[139.23708,36.36692],[139.23723,36.36688],[139.23761,36.36679],[139.23766,36.36678],[139.23769,36.36677],[139.23803,36.36669],[139.2383,36.36662],[139.23832,36.36667],[139.23835,36.36674],[139.2384,36.36686],[139.23845,36.36697],[139.23848,36.36706],[139.23871,36.36701],[139.23924,36.3669],[139.2393,36.36688],[139.23931,36.36694],[139.23933,36.36711],[139.23936,36.36721],[139.23955,36.36781],[139.23959,36.36783],[139.23963,36.3679],[139.23966,36.36795],[139.23972,36.36804],[139.23973,36.36806],[139.23973,36.36807],[139.23973,36.36809],[139.23975,36.36853],[139.23975,36.36855],[139.23975,36.36857],[139.23972,36.36865],[139.23972,36.36866],[139.23972,36.36867],[139.23972,36.36877],[139.23971,36.36911],[139.23972,36.36922],[139.23972,36.36925],[139.23972,36.36926],[139.23973,36.36927],[139.23974,36.36929],[139.23975,36.3693],[139.23978,36.36931],[139.24004,36.36936],[139.24008,36.36937],[139.24034,36.3694],[139.24035,36.3694],[139.24038,36.3694],[139.2404,36.3694],[139.24043,36.3694],[139.24045,36.36939],[139.24079,36.36936],[139.2408,36.36936],[139.24081,36.36936],[139.24082,36.36935],[139.24082,36.36935],[139.24083,36.36925],[139.24083,36.36919],[139.24084,36.36914],[139.24084,36.36909],[139.24086,36.36905],[139.24088,36.36903],[139.24095,36.36898],[139.24099,36.36895],[139.24102,36.36893],[139.24125,36.36887],[139.24156,36.36878],[139.24161,36.36876],[139.24161,36.36876],[139.24162,36.36875],[139.24162,36.36875],[139.24162,36.36874],[139.24161,36.3687],[139.24158,36.36852],[139.24155,36.36836],[139.24155,36.36835],[139.24151,36.36814],[139.2415,36.36808],[139.24149,36.36806],[139.24146,36.3679],[139.24142,36.36772],[139.24138,36.36753],[139.24138,36.36751],[139.2415,36.36749],[139.24203,36.36742],[139.24211,36.36741],[139.24223,36.36739],[139.24245,36.36737],[139.24245,36.36736],[139.24279,36.36734],[139.24325,36.3673],[139.24333,36.3673],[139.24334,36.36731],[139.24334,36.36733],[139.24335,36.36734],[139.24336,36.36735],[139.24337,36.36736],[139.24339,36.36737],[139.24342,36.36738],[139.24344,36.36739],[139.24347,36.3674],[139.24348,36.3674],[139.2435,36.3674],[139.24355,36.3674],[139.24367,36.3674],[139.24374,36.36739],[139.24377,36.36739],[139.24383,36.36738],[139.24405,36.36734],[139.24409,36.36733],[139.24413,36.36732],[139.24419,36.36729],[139.24427,36.36725],[139.24442,36.36717],[139.24445,36.36716],[139.24448,36.36715],[139.2445,36.36714],[139.24453,36.36713],[139.24469,36.36711],[139.24473,36.36711],[139.24474,36.36711],[139.24475,36.3671],[139.24475,36.3671],[139.24473,36.36696],[139.24469,36.36677],[139.24468,36.36673],[139.24468,36.3667],[139.24465,36.36649],[139.24462,36.36631],[139.24462,36.36631],[139.2446,36.36616],[139.2446,36.36616],[139.24459,36.36609],[139.24459,36.36607],[139.24455,36.36587],[139.24455,36.36587],[139.24453,36.36577],[139.24448,36.36568],[139.24448,36.36567],[139.24442,36.36554],[139.24439,36.36549],[139.24431,36.36534],[139.2443,36.36533],[139.24425,36.36524],[139.24425,36.36523],[139.24423,36.36519],[139.24487,36.3651],[139.24489,36.36507],[139.24487,36.36493],[139.24487,36.36493],[139.24487,36.36491],[139.24487,36.36488],[139.24484,36.36469],[139.24484,36.36469],[139.2448,36.3644],[139.24479,36.36437],[139.24478,36.36433],[139.24478,36.3643],[139.24473,36.36399],[139.24473,36.36398],[139.24469,36.36376],[139.24455,36.36377],[139.24453,36.36368],[139.2445,36.36357],[139.24445,36.36337],[139.24444,36.3633],[139.24444,36.36321],[139.24442,36.36299],[139.2444,36.36271],[139.24439,36.36254],[139.24437,36.36233],[139.24436,36.36217],[139.24437,36.36206],[139.24437,36.36204],[139.24439,36.36182],[139.2444,36.36157],[139.24442,36.36115],[139.24444,36.36083],[139.24407,36.3605],[139.24398,36.36042],[139.24396,36.36041],[139.24394,36.36041],[139.24388,36.36039],[139.24385,36.36038],[139.24383,36.36037],[139.24382,36.36036],[139.24347,36.36006],[139.24324,36.35985],[139.24321,36.35983],[139.24319,36.35976],[139.2431,36.35967],[139.24308,36.35965],[139.2429,36.35955],[139.24266,36.3594],[139.24213,36.35898],[139.24193,36.35874],[139.24182,36.35865],[139.24148,36.35838],[139.24147,36.35837],[139.24142,36.35832],[139.2413,36.35823],[139.24098,36.35791],[139.24061,36.35761],[139.2405,36.35756],[139.24016,36.35729],[139.23996,36.35711],[139.23895,36.35629],[139.23879,36.35616],[139.23869,36.35608],[139.2387,36.35606],[139.23817,36.35562],[139.23723,36.35485],[139.23699,36.35465],[139.23638,36.35419],[139.23594,36.35384],[139.23587,36.35385],[139.23517,36.35328],[139.23507,36.35321],[139.2349,36.35307],[139.23487,36.35305],[139.23486,36.35304],[139.23483,36.35304],[139.23467,36.35312],[139.23464,36.35313],[139.23463,36.35314],[139.23463,36.35316],[139.23463,36.35317],[139.23465,36.35321],[139.23496,36.35384],[139.23515,36.35423],[139.23526,36.35444],[139.23535,36.35463],[139.23539,36.3547],[139.23538,36.35471],[139.23527,36.35472],[139.2352,36.35473],[139.23485,36.35477],[139.23459,36.35481],[139.23436,36.35484],[139.23434,36.35483],[139.23428,36.35481],[139.23402,36.3547],[139.23373,36.35502],[139.23367,36.35508],[139.23355,36.35502],[139.23335,36.35492],[139.23293,36.3547],[139.23279,36.35463],[139.23263,36.35457],[139.23263,36.35446],[139.2327,36.35442],[139.23272,36.3544],[139.23274,36.35438],[139.2328,36.35432],[139.23293,36.35417],[139.233,36.3541],[139.23307,36.35402],[139.23324,36.35384],[139.23339,36.35368],[139.2334,36.35367],[139.2334,36.35367],[139.23339,36.35367],[139.2331,36.35375],[139.23292,36.35379],[139.23273,36.35385],[139.23251,36.35391],[139.23247,36.35392],[139.23244,36.35392],[139.23241,36.35393],[139.2323,36.35397],[139.23186,36.35411],[139.23171,36.35416],[139.23154,36.35409],[139.23144,36.35405],[139.2314,36.35403],[139.23114,36.35393],[139.23113,36.35392],[139.23089,36.35383],[139.23087,36.35382],[139.23088,36.35375],[139.23083,36.35372],[139.23077,36.3537],[139.2307,36.35344],[139.23065,36.35319],[139.23056,36.35282],[139.23038,36.3521],[139.23017,36.35129],[139.23001,36.35065],[139.23103,36.35048],[139.231,36.35035],[139.2309,36.34999],[139.23084,36.34976],[139.23077,36.34948],[139.23085,36.34943],[139.23024,36.34887],[139.22999,36.34865],[139.23001,36.3486],[139.23008,36.34849],[139.22986,36.34828],[139.22933,36.3478],[139.22883,36.34735],[139.22887,36.34732],[139.22888,36.34727],[139.22903,36.34716],[139.22912,36.34712],[139.2292,36.34709],[139.22929,36.34706],[139.22937,36.34704],[139.22946,36.34701],[139.22958,36.347],[139.22958,36.34669],[139.22958,36.34638],[139.22956,36.34636],[139.22917,36.34636],[139.22915,36.34634],[139.22873,36.34634],[139.22873,36.34573],[139.22873,36.34531],[139.22873,36.34516],[139.2287,36.34515],[139.2287,36.34447],[139.22871,36.34393],[139.22871,36.34351],[139.22871,36.34345],[139.22871,36.34302],[139.22869,36.34244],[139.22866,36.34173],[139.22865,36.34132],[139.22864,36.34119],[139.22862,36.34067],[139.22881,36.34047],[139.22883,36.34017],[139.22851,36.34004],[139.22867,36.33987],[139.22885,36.3397],[139.22885,36.33968],[139.22885,36.33966],[139.22885,36.33939],[139.22885,36.3392],[139.22885,36.339],[139.22885,36.3388],[139.22884,36.33867],[139.22884,36.33852],[139.22884,36.33826],[139.22884,36.33796],[139.22883,36.33766],[139.22883,36.33733],[139.22883,36.33691],[139.22882,36.33687],[139.22882,36.33685],[139.22881,36.33685],[139.2288,36.33684],[139.22874,36.33684],[139.22855,36.33684],[139.22821,36.33684],[139.22771,36.33684],[139.22764,36.33678],[139.22756,36.33677],[139.22756,36.33645],[139.22757,36.33612],[139.22757,36.33532],[139.22757,36.33468],[139.22703,36.33468],[139.22702,36.33467],[139.22694,36.33455],[139.22681,36.33434],[139.22672,36.33422],[139.22665,36.33414],[139.22655,36.33402],[139.22654,36.33399],[139.22651,36.33391],[139.22647,36.33386],[139.22641,36.33379],[139.22637,36.33376],[139.22634,36.33374],[139.22631,36.33373],[139.22625,36.33373],[139.22606,36.33371],[139.22601,36.33364],[139.22602,36.33349],[139.22602,36.33347],[139.22597,36.33339],[139.22595,36.33338],[139.22592,36.33336],[139.2259,36.33321],[139.22589,36.33319],[139.22589,36.33289],[139.22589,36.33285],[139.22588,36.33283],[139.22587,36.33281],[139.22582,36.33277],[139.22575,36.3327],[139.22572,36.33268],[139.22569,36.33265],[139.22552,36.3325],[139.22547,36.33245],[139.22541,36.33241],[139.22539,36.33237],[139.22539,36.33229],[139.22535,36.3322],[139.22525,36.33206],[139.22518,36.33204],[139.22492,36.33198],[139.22503,36.33172],[139.22542,36.3308],[139.22562,36.33034],[139.22568,36.33036],[139.22601,36.3296],[139.22705,36.3299],[139.22728,36.32933],[139.22736,36.32916],[139.22757,36.3287],[139.22771,36.32838],[139.22773,36.32835],[139.22775,36.32833],[139.22778,36.32832],[139.2278,36.32832],[139.22782,36.32832],[139.22788,36.32834],[139.22844,36.32849],[139.22856,36.32852],[139.22857,36.32852],[139.22858,36.32851],[139.22859,36.3285],[139.2286,36.32846],[139.22865,36.32835],[139.22872,36.3282],[139.22887,36.32784],[139.22895,36.32765],[139.22896,36.32765],[139.22862,36.32847],[139.2286,36.32851],[139.2286,36.32859],[139.22831,36.32929],[139.22831,36.3293],[139.22831,36.32931],[139.22831,36.32931],[139.22832,36.32932],[139.22833,36.32933],[139.22854,36.32938],[139.2286,36.3294],[139.22872,36.32943],[139.22901,36.32952],[139.22937,36.32962],[139.2294,36.32963],[139.22949,36.32965],[139.22952,36.32965],[139.22884,36.33121],[139.22867,36.33165],[139.22864,36.33171],[139.22859,36.3317],[139.22854,36.33167],[139.22845,36.33164],[139.22832,36.3316],[139.22828,36.33159],[139.22822,36.33157],[139.22803,36.33154],[139.22795,36.33152],[139.22784,36.3315],[139.22777,36.33147],[139.22751,36.33139],[139.22724,36.33129],[139.22719,36.33127],[139.22711,36.33125],[139.22698,36.33121],[139.22662,36.33111],[139.22662,36.33111],[139.22661,36.33111],[139.2266,36.33111],[139.2266,36.33112],[139.22659,36.33113],[139.22658,36.33116],[139.22614,36.33219],[139.22612,36.33222],[139.2261,36.33229],[139.22607,36.33236],[139.22606,36.33241],[139.22605,36.33247],[139.22604,36.3325],[139.22604,36.33252],[139.22602,36.33293],[139.22602,36.33295],[139.22601,36.33327],[139.22603,36.33328],[139.2266,36.33359],[139.22709,36.33384],[139.2272,36.3339],[139.22744,36.33402],[139.22787,36.33425],[139.22792,36.33427],[139.22828,36.33446],[139.22837,36.33451],[139.22849,36.33457],[139.22855,36.33459],[139.22895,36.3348],[139.22899,36.33482],[139.2291,36.33488],[139.22928,36.33498],[139.2294,36.33504],[139.22946,36.33508],[139.22959,36.33514],[139.22976,36.33524],[139.23015,36.33544],[139.23021,36.33547],[139.23023,36.33548],[139.23065,36.33569],[139.23086,36.33581],[139.23091,36.33583],[139.23102,36.33588],[139.23111,36.33593],[139.23137,36.33607],[139.23155,36.33617],[139.2316,36.33619],[139.23163,36.33621],[139.23164,36.33621],[139.23185,36.33618],[139.23185,36.33617],[139.23187,36.33615],[139.23191,36.33609],[139.23192,36.33608],[139.23192,36.33607],[139.23194,36.33606],[139.23196,36.33604],[139.23196,36.33604],[139.23198,36.33603],[139.2328,36.33486],[139.23289,36.33473],[139.23299,36.33459],[139.23303,36.33448],[139.23338,36.33382],[139.23398,36.3326],[139.23422,36.33212],[139.23437,36.33178],[139.23437,36.33172],[139.23438,36.33168],[139.2346,36.33114],[139.23462,36.3311],[139.23482,36.33059],[139.23485,36.33054],[139.2349,36.3304],[139.23496,36.33027],[139.23499,36.3302],[139.23519,36.32972],[139.23523,36.32961],[139.23564,36.32864],[139.2357,36.32849],[139.23573,36.32843],[139.23597,36.32781],[139.23632,36.32695],[139.23662,36.32622],[139.23672,36.32593],[139.23694,36.32538],[139.23735,36.32438],[139.23744,36.32416],[139.23734,36.32405],[139.23728,36.32402],[139.23713,36.32396],[139.23687,36.32385],[139.23672,36.32378],[139.2364,36.32362],[139.23621,36.32349],[139.23589,36.32331],[139.23552,36.3231],[139.23546,36.32307],[139.23528,36.32297],[139.23514,36.3229],[139.23497,36.3228],[139.23457,36.32257],[139.23449,36.32254],[139.23422,36.32238],[139.23374,36.32211],[139.23345,36.32195],[139.23297,36.32168],[139.23264,36.3215],[139.23231,36.32134],[139.23224,36.32135],[139.23233,36.32113],[139.23244,36.32118],[139.23254,36.32122],[139.23265,36.32127],[139.23294,36.32142],[139.23357,36.32177],[139.23361,36.32177],[139.2338,36.32192],[139.23507,36.32263],[139.23532,36.32277],[139.23568,36.32297],[139.23634,36.32333],[139.23653,36.32341],[139.23671,36.3235],[139.23705,36.32366],[139.23726,36.32375],[139.23746,36.32383],[139.23762,36.32383],[139.23765,36.32377],[139.23797,36.32298],[139.23808,36.32274],[139.23881,36.32096],[139.23884,36.32091],[139.23894,36.32069],[139.23906,36.32041],[139.23912,36.32028],[139.23928,36.31989],[139.23929,36.31988],[139.23931,36.31981],[139.23932,36.31979],[139.23933,36.31975],[139.23934,36.31972],[139.23937,36.31968],[139.23938,36.31965],[139.23947,36.31943],[139.2395,36.31937],[139.23968,36.31893],[139.23972,36.31882],[139.23983,36.31847],[139.23999,36.31807],[139.24002,36.31792],[139.24016,36.31756],[139.24021,36.31744],[139.24032,36.31713],[139.24045,36.31696],[139.24061,36.31654],[139.24074,36.31618],[139.24097,36.31552],[139.2413,36.31557],[139.24159,36.31559],[139.24148,36.31581],[139.24139,36.31598],[139.24124,36.31626],[139.2412,36.31634],[139.24107,36.31661],[139.24104,36.31667],[139.24088,36.31706],[139.24085,36.31715],[139.24081,36.31724],[139.24077,36.31736],[139.24071,36.31749],[139.24064,36.31761],[139.24033,36.31826],[139.24021,36.31851],[139.24017,36.31861],[139.23983,36.31942],[139.2398,36.3195],[139.23969,36.31978],[139.23957,36.32008],[139.23945,36.32037],[139.23943,36.32042],[139.23939,36.32049],[139.23928,36.32074],[139.2392,36.32095],[139.23914,36.3211],[139.23896,36.32154],[139.23881,36.3219],[139.23878,36.32197],[139.23873,36.3221],[139.23853,36.32257],[139.23836,36.32299],[139.23834,36.32305],[139.23832,36.3231],[139.23812,36.32357],[139.23805,36.32374],[139.23792,36.32406],[139.23793,36.32408],[139.23798,36.32411],[139.2383,36.32424],[139.23859,36.32439],[139.23866,36.32444],[139.23885,36.32453],[139.239,36.32459],[139.23899,36.32461],[139.23952,36.32479],[139.23953,36.32477],[139.23956,36.32478],[139.23968,36.32482],[139.23984,36.32488],[139.23991,36.3249],[139.24017,36.32499],[139.24023,36.32501],[139.24049,36.3251],[139.24057,36.32513],[139.24076,36.3252],[139.24111,36.32531],[139.24121,36.32534],[139.24127,36.32536],[139.24133,36.32538],[139.24143,36.32542],[139.2415,36.32546],[139.24158,36.32549],[139.24162,36.32552],[139.24167,36.32555],[139.24171,36.32557],[139.24174,36.3256],[139.24182,36.32566],[139.24192,36.32575],[139.242,36.32583],[139.24207,36.32592],[139.24214,36.32602],[139.24221,36.32614],[139.24226,36.32621],[139.24238,36.32638],[139.24242,36.32644],[139.24249,36.32652],[139.24254,36.32658],[139.24257,36.32661],[139.24266,36.32668],[139.2428,36.32679],[139.24291,36.32686],[139.24297,36.3269],[139.24303,36.32694],[139.24309,36.32696],[139.24317,36.32699],[139.24335,36.32706],[139.24352,36.32713],[139.24368,36.32719],[139.24394,36.32729],[139.24406,36.32733],[139.24422,36.32739],[139.24428,36.32742],[139.24473,36.32759],[139.24474,36.3276],[139.2448,36.32762],[139.2454,36.32785],[139.24542,36.32786],[139.2455,36.32787],[139.24556,36.32789],[139.2456,36.32789],[139.24579,36.32792],[139.24594,36.32794],[139.24625,36.32798],[139.2465,36.32801],[139.24663,36.32803],[139.24673,36.32804],[139.2469,36.32805],[139.24702,36.32807],[139.2473,36.32814],[139.24733,36.32815],[139.24754,36.32817],[139.24773,36.32819],[139.24786,36.32821],[139.24824,36.32823],[139.24843,36.32824],[139.24847,36.32822],[139.24849,36.32818],[139.24851,36.32814],[139.24852,36.32808],[139.2485,36.32793],[139.24848,36.3277],[139.24844,36.3272],[139.24843,36.32715],[139.24842,36.32707],[139.2484,36.32701],[139.2484,36.32698],[139.24837,36.32665],[139.24834,36.32624],[139.24833,36.32611],[139.24832,36.32594],[139.24831,36.3259],[139.24831,36.32589],[139.2483,36.32588],[139.24822,36.32578],[139.24821,36.32577],[139.24821,36.32577],[139.24817,36.32576],[139.24788,36.32566],[139.2478,36.32563],[139.24764,36.32595],[139.24745,36.32633],[139.24713,36.32623],[139.24695,36.32617],[139.24689,36.32621],[139.24688,36.32623],[139.24685,36.3263],[139.2468,36.3264],[139.24674,36.32651],[139.2467,36.32662],[139.24668,36.32662],[139.24666,36.32663],[139.24648,36.327],[139.24646,36.32706],[139.24635,36.32702],[139.24611,36.32695],[139.24598,36.32691],[139.24569,36.32681],[139.24533,36.3267],[139.24503,36.32661],[139.24493,36.32657],[139.24491,36.3266],[139.24486,36.32658],[139.24478,36.32673],[139.24467,36.32669],[139.24461,36.32667],[139.24456,36.32665],[139.2444,36.3266],[139.24429,36.32656],[139.24421,36.32654],[139.24401,36.32649],[139.24395,36.32648],[139.24387,36.32645],[139.24376,36.32642],[139.24363,36.3264],[139.24356,36.32638],[139.24349,36.32637],[139.24335,36.32634],[139.24332,36.32634],[139.24328,36.32633],[139.24324,36.32632],[139.24321,36.32631],[139.24317,36.32629],[139.24309,36.32625],[139.24301,36.3262],[139.24285,36.32612],[139.24283,36.32607],[139.24281,36.32596],[139.24285,36.3259],[139.24302,36.32555],[139.24327,36.32502],[139.24332,36.32493],[139.2434,36.32477],[139.24342,36.32472],[139.24356,36.32442],[139.2436,36.32434],[139.24361,36.32435],[139.24371,36.32436],[139.24402,36.32438],[139.24411,36.3244],[139.24423,36.32441],[139.24441,36.32445],[139.24454,36.32447],[139.2446,36.32449],[139.24474,36.32451],[139.24478,36.32451],[139.24484,36.32452],[139.24515,36.32452],[139.24519,36.32452],[139.24523,36.32456],[139.24523,36.3246],[139.24571,36.32468],[139.24575,36.32472],[139.24573,36.32476],[139.24574,36.32477],[139.24589,36.32478],[139.24596,36.32479],[139.24598,36.32479],[139.246,36.32478],[139.24601,36.32477],[139.24602,36.32476],[139.24603,36.32475],[139.24604,36.32474],[139.24607,36.32473],[139.24637,36.3247],[139.24645,36.32469],[139.24648,36.3248],[139.24658,36.32494],[139.24671,36.3251],[139.24681,36.32514],[139.24696,36.3251],[139.2471,36.32504],[139.24727,36.325],[139.24737,36.32494],[139.24743,36.32492],[139.24754,36.32483],[139.24763,36.32477],[139.24783,36.32458],[139.24788,36.32453],[139.24804,36.32436],[139.2481,36.3243],[139.24819,36.32419],[139.24828,36.3241],[139.24828,36.32405],[139.24827,36.32396],[139.24825,36.32386],[139.24825,36.32385],[139.24838,36.32384],[139.24842,36.32384],[139.24847,36.32375],[139.24853,36.32362],[139.24859,36.32349],[139.24861,36.32344],[139.24864,36.3234],[139.24867,36.32337],[139.24871,36.32333],[139.24885,36.32319],[139.24897,36.32308],[139.24899,36.32306],[139.24902,36.32304],[139.24913,36.32293],[139.24917,36.32291],[139.24919,36.32289],[139.24972,36.32268],[139.24993,36.32259],[139.2501,36.32251],[139.2502,36.32246],[139.25029,36.32241],[139.25034,36.32238],[139.25041,36.32235],[139.25052,36.3223],[139.25063,36.32225],[139.25092,36.32214],[139.25098,36.32212],[139.251,36.32212],[139.25104,36.3221],[139.25105,36.32209],[139.25106,36.32209],[139.25125,36.3219],[139.25128,36.32188],[139.25129,36.32186],[139.25132,36.32183],[139.25134,36.32182],[139.25139,36.32176],[139.2514,36.32174],[139.25141,36.32173],[139.25141,36.32173],[139.25141,36.32168],[139.25142,36.32164],[139.25143,36.3216],[139.25144,36.32158],[139.25145,36.32154],[139.25147,36.3215],[139.25149,36.32146],[139.25152,36.3214],[139.25152,36.32139],[139.25152,36.32137],[139.25156,36.32128],[139.25158,36.32126],[139.2516,36.32122],[139.25162,36.32116],[139.25166,36.32108],[139.25167,36.32106],[139.25167,36.32105],[139.25171,36.32095],[139.25172,36.32094],[139.25174,36.32091],[139.25176,36.32087],[139.25178,36.32082],[139.25178,36.3208],[139.25178,36.32078],[139.25178,36.32072],[139.25176,36.32053],[139.25176,36.32051],[139.25177,36.32046],[139.25177,36.32041],[139.25178,36.32039],[139.25179,36.32036],[139.25179,36.32033],[139.25183,36.32017],[139.25186,36.32006],[139.25187,36.32002],[139.25189,36.31998],[139.25191,36.31995],[139.25194,36.3199],[139.25195,36.31991],[139.25205,36.31981],[139.25209,36.31977],[139.2521,36.31976],[139.2521,36.31975],[139.2521,36.31973],[139.2521,36.31971],[139.2521,36.3197],[139.25209,36.31969],[139.25208,36.31968],[139.25205,36.31966],[139.25203,36.31965],[139.25199,36.31964],[139.25203,36.31956],[139.25214,36.31938],[139.25221,36.31926],[139.25227,36.31916],[139.25231,36.31908],[139.25234,36.31902],[139.25243,36.3188],[139.25244,36.31877],[139.25245,36.31874],[139.25249,36.31866],[139.25251,36.3186],[139.25258,36.31843],[139.25264,36.31827],[139.25277,36.31799],[139.25284,36.31783],[139.25284,36.31782],[139.25284,36.31782],[139.25283,36.31781],[139.25283,36.31781],[139.25271,36.31781],[139.25189,36.3178],[139.25163,36.3178],[139.25162,36.3178],[139.25161,36.31781],[139.2516,36.31782],[139.25157,36.31785],[139.25149,36.31793],[139.25139,36.31804],[139.25132,36.31811],[139.25129,36.31814],[139.25124,36.31819],[139.25123,36.31821],[139.25122,36.31823],[139.2512,36.31826],[139.25119,36.31831],[139.25115,36.31856],[139.25114,36.31862],[139.25113,36.31868],[139.25109,36.31883],[139.25107,36.3189],[139.25106,36.31894],[139.25104,36.31897],[139.251,36.31903],[139.25099,36.31905],[139.25095,36.3191],[139.25092,36.31913],[139.25087,36.31918],[139.25082,36.31923],[139.25076,36.31918],[139.25038,36.31887],[139.25016,36.3187],[139.24995,36.31856],[139.24977,36.31844],[139.24956,36.31832],[139.24929,36.31815],[139.24924,36.31812],[139.24918,36.31808],[139.24904,36.31799],[139.249,36.31796],[139.24877,36.31782],[139.24869,36.31776],[139.24842,36.3176],[139.24796,36.31733],[139.24765,36.31714],[139.2476,36.31711],[139.24755,36.31709],[139.2475,36.31706],[139.24742,36.31704],[139.2473,36.31699],[139.24722,36.31695],[139.24715,36.31693],[139.24714,36.31693],[139.247,36.31687],[139.24668,36.3167],[139.24658,36.31664],[139.24625,36.31646],[139.24623,36.31643],[139.24614,36.31635],[139.24612,36.31633],[139.24604,36.31628],[139.24595,36.31623],[139.24582,36.31609],[139.24582,36.31605],[139.24583,36.31606],[139.24592,36.31607],[139.24639,36.31613],[139.24675,36.31616],[139.24711,36.31621],[139.24808,36.31632],[139.24837,36.31635],[139.24887,36.3164],[139.24944,36.31647],[139.25013,36.31655],[139.25097,36.31665],[139.25138,36.3167],[139.25164,36.31673],[139.25173,36.31672],[139.25202,36.31674],[139.25253,36.31677],[139.2527,36.31678],[139.25289,36.3168],[139.25321,36.31681],[139.25333,36.31683],[139.25348,36.31686],[139.25358,36.31688],[139.25367,36.31692],[139.25389,36.31706],[139.2541,36.3172],[139.25406,36.31737],[139.25404,36.31748],[139.254,36.31762],[139.25395,36.31779],[139.25386,36.31806],[139.25383,36.31816],[139.25359,36.3185],[139.25332,36.31887],[139.25375,36.319],[139.25385,36.31904],[139.25391,36.31906],[139.25393,36.31907],[139.25395,36.31908],[139.25403,36.31908],[139.25411,36.31909],[139.25413,36.31909],[139.25421,36.31914],[139.25426,36.31917],[139.25437,36.31924],[139.25443,36.31928],[139.25453,36.31937],[139.25459,36.31942],[139.25472,36.31947],[139.25484,36.31952],[139.25489,36.31953],[139.25489,36.31954],[139.25491,36.31971],[139.25492,36.31974],[139.255,36.31989],[139.25504,36.31998],[139.25506,36.32002],[139.25509,36.32008],[139.25514,36.32011],[139.25529,36.32022],[139.25544,36.32033],[139.2555,36.32037],[139.25553,36.32038],[139.25556,36.32039],[139.25565,36.3204],[139.25594,36.32044],[139.25624,36.32049],[139.25671,36.32056],[139.25689,36.32058],[139.25692,36.32058],[139.25701,36.32061],[139.25724,36.32069],[139.25735,36.32072],[139.25747,36.32075],[139.25757,36.32078],[139.25779,36.32084],[139.25796,36.32088],[139.25798,36.32088],[139.25825,36.32084],[139.25856,36.3208],[139.25901,36.32072],[139.25916,36.32069],[139.25928,36.32066],[139.25946,36.3206],[139.25967,36.32055],[139.26132,36.32014],[139.26153,36.32009],[139.26194,36.32001],[139.2621,36.31998],[139.26288,36.31976],[139.26358,36.31959],[139.26363,36.31957],[139.26491,36.31941],[139.26543,36.31928],[139.2655,36.31924],[139.26553,36.31934],[139.26599,36.32062],[139.26602,36.32068],[139.2655,36.32077],[139.26566,36.32174],[139.26569,36.32177],[139.26578,36.32183],[139.26579,36.32202],[139.26571,36.32225],[139.26563,36.32249],[139.26562,36.32254],[139.26553,36.32255],[139.2655,36.32255],[139.26547,36.32254],[139.2653,36.32251],[139.26514,36.32248],[139.26505,36.32247],[139.26492,36.32247],[139.2649,36.32249],[139.26489,36.32252],[139.26488,36.32253],[139.26487,36.32254],[139.26486,36.32255],[139.26485,36.32256],[139.26481,36.32256],[139.26466,36.32258],[139.26455,36.32258],[139.26453,36.32258],[139.26416,36.32261],[139.26413,36.32261],[139.26409,36.32262],[139.26393,36.32263],[139.26385,36.32263],[139.26352,36.32266],[139.26348,36.32266],[139.26319,36.32269],[139.26317,36.32269],[139.26314,36.32268],[139.26304,36.32266],[139.26298,36.32265],[139.26288,36.32264],[139.26286,36.32263],[139.26273,36.32263],[139.26265,36.32262],[139.26223,36.32261],[139.26209,36.3226],[139.26173,36.3226],[139.26164,36.3226],[139.26151,36.32262],[139.26144,36.32263],[139.26137,36.32263],[139.2611,36.32266],[139.26095,36.32268],[139.2609,36.32268],[139.26078,36.3227],[139.26068,36.32271],[139.26061,36.32272],[139.26044,36.32275],[139.26033,36.32277],[139.26014,36.32281],[139.26009,36.32282],[139.25997,36.32284],[139.25992,36.32285],[139.25967,36.3229],[139.25957,36.32292],[139.25957,36.32299],[139.25959,36.32312],[139.25963,36.32339],[139.25966,36.32361],[139.2597,36.32379],[139.25972,36.32385],[139.25976,36.32395],[139.25968,36.32397],[139.25958,36.32401],[139.25951,36.32405],[139.25946,36.32409],[139.2594,36.32416],[139.25885,36.32493],[139.25878,36.32501],[139.25869,36.32512],[139.25856,36.32526],[139.25754,36.32615],[139.25757,36.32618],[139.25976,36.32674],[139.26028,36.3269],[139.26093,36.32707],[139.26102,36.32709],[139.26103,36.32709],[139.26104,36.32709],[139.26106,36.32708],[139.26107,36.32708],[139.26108,36.32706],[139.26124,36.32671],[139.26128,36.32662],[139.26138,36.32662],[139.26142,36.32662],[139.26147,36.32662],[139.26157,36.32661],[139.26172,36.3266],[139.26194,36.32657],[139.26206,36.32656],[139.26214,36.32655],[139.26254,36.32656],[139.26283,36.32657],[139.26313,36.32658],[139.26376,36.3266],[139.26405,36.32661],[139.26405,36.32663],[139.26402,36.32674],[139.264,36.32684],[139.26396,36.32717],[139.26395,36.32749],[139.26394,36.32793],[139.26392,36.32858],[139.26392,36.32878],[139.26393,36.32897],[139.26376,36.3292],[139.26365,36.32935],[139.26358,36.32942],[139.26344,36.32954],[139.26321,36.32968],[139.26311,36.32973],[139.26303,36.32975],[139.26303,36.33004],[139.26307,36.33032],[139.26325,36.33029],[139.26327,36.33066],[139.2633,36.33079],[139.2629,36.33083],[139.26288,36.33065],[139.26281,36.33064],[139.26278,36.33061],[139.26278,36.33055],[139.2628,36.33051],[139.26283,36.33049],[139.26284,36.33046],[139.26284,36.33044],[139.26283,36.33038],[139.26287,36.33037],[139.26283,36.3301],[139.26277,36.32984],[139.26266,36.32988],[139.26265,36.32988],[139.2626,36.32989],[139.26251,36.32994],[139.26223,36.33012],[139.26202,36.33024],[139.26194,36.3303],[139.26194,36.33032],[139.26205,36.33053],[139.26208,36.33054],[139.26211,36.33055],[139.26214,36.33058],[139.26219,36.33066],[139.26225,36.33077],[139.26228,36.33086],[139.26232,36.33099],[139.26233,36.33108],[139.26235,36.33117],[139.26237,36.33131],[139.26244,36.33157],[139.26249,36.33169],[139.2625,36.33184],[139.2625,36.33191],[139.26252,36.33214],[139.26254,36.33236],[139.26255,36.33249],[139.26258,36.33261],[139.26262,36.33272],[139.26275,36.3328],[139.26287,36.33287],[139.263,36.33298],[139.26319,36.33314],[139.26335,36.33332],[139.26345,36.33342],[139.26353,36.33352],[139.2636,36.33363],[139.26374,36.33389],[139.26386,36.33414],[139.26393,36.33427],[139.26404,36.3345],[139.26408,36.33465],[139.26409,36.33478],[139.2641,36.33496],[139.26412,36.33527],[139.26411,36.33541],[139.2641,36.3356],[139.2641,36.33571],[139.26409,36.33577],[139.26412,36.33586],[139.26415,36.33597],[139.26421,36.33613],[139.2643,36.33635],[139.26433,36.33642],[139.2644,36.33656],[139.26449,36.33671],[139.26457,36.33678],[139.26464,36.33685],[139.26476,36.33692],[139.26497,36.33704],[139.26519,36.33718],[139.26538,36.33732],[139.2654,36.33738],[139.26541,36.33753],[139.26545,36.3379],[139.26546,36.33822],[139.26545,36.33839],[139.26545,36.33852],[139.26546,36.33866],[139.26546,36.33873],[139.26545,36.33877],[139.26544,36.33882],[139.2654,36.3389],[139.26532,36.33903],[139.26506,36.33945],[139.26492,36.33965],[139.26485,36.33974],[139.26482,36.33979],[139.2648,36.33981],[139.26478,36.33983],[139.26471,36.33993],[139.26465,36.34005],[139.2646,36.34016],[139.26457,36.34021],[139.26454,36.34024],[139.26452,36.34026],[139.26448,36.34027],[139.26445,36.34029],[139.26442,36.34031],[139.26437,36.3404],[139.26434,36.34048],[139.26431,36.34067],[139.26431,36.34073],[139.26428,36.34093],[139.26427,36.34099],[139.26427,36.34127],[139.26428,36.34138],[139.26409,36.34195],[139.26405,36.34214],[139.264,36.34217],[139.26393,36.34248],[139.26392,36.34288],[139.26393,36.34289],[139.26409,36.34328],[139.2641,36.34333],[139.2641,36.34338],[139.26408,36.34345],[139.26403,36.34388],[139.26403,36.34389],[139.26402,36.34429],[139.26459,36.34433],[139.26464,36.34516],[139.26466,36.34534],[139.26467,36.3455],[139.26468,36.34566],[139.26475,36.3465],[139.26477,36.34691],[139.26483,36.34765],[139.26482,36.34802],[139.26559,36.34789],[139.26711,36.34767],[139.26716,36.34816],[139.2672,36.34856],[139.26724,36.34856],[139.26727,36.34872],[139.26737,36.34903],[139.26755,36.34953],[139.2677,36.34987],[139.26772,36.34997],[139.26777,36.35015],[139.26785,36.35043],[139.26804,36.35125],[139.26802,36.35126],[139.26805,36.3514],[139.26812,36.35187],[139.26812,36.35212],[139.26872,36.35207],[139.2687,36.35238],[139.26877,36.35251],[139.269,36.35272],[139.26886,36.35284],[139.26863,36.3531],[139.26863,36.35325],[139.26871,36.35325],[139.26871,36.35334],[139.26875,36.35338],[139.26894,36.35343],[139.26893,36.35353],[139.26878,36.35366],[139.26877,36.35389],[139.26879,36.35409],[139.26882,36.35433],[139.2688,36.35466],[139.26878,36.35505],[139.26889,36.35505],[139.26889,36.35518],[139.2689,36.35528],[139.26891,36.35537],[139.26894,36.35551],[139.26895,36.35559],[139.26898,36.3557],[139.26862,36.35568],[139.26803,36.35567],[139.26791,36.35568],[139.26644,36.35566],[139.26619,36.35567],[139.26615,36.35567],[139.26595,36.35569],[139.26517,36.35585],[139.26428,36.35603],[139.26485,36.35641],[139.26522,36.35666],[139.26521,36.35678],[139.26513,36.35738],[139.26505,36.35798],[139.26498,36.35853],[139.26494,36.35889],[139.2662,36.35868],[139.2662,36.35881],[139.26607,36.35974],[139.26597,36.36047],[139.26597,36.36053],[139.26574,36.36208],[139.26682,36.36184],[139.2669,36.36183],[139.26736,36.36172],[139.26738,36.3618],[139.26736,36.36185],[139.26726,36.36214],[139.26725,36.36216],[139.26726,36.36219],[139.2674,36.36238],[139.26748,36.36252],[139.26749,36.36256],[139.26772,36.36325],[139.26773,36.36331],[139.26772,36.36344],[139.26773,36.36348],[139.26777,36.36371],[139.26797,36.36457],[139.26755,36.36467],[139.2675,36.36474],[139.26757,36.36534],[139.26758,36.36538],[139.2675,36.36537],[139.26721,36.36539],[139.26693,36.36541],[139.26675,36.36546],[139.26638,36.36548],[139.26601,36.36551],[139.26597,36.36555],[139.26612,36.36688],[139.26616,36.36719],[139.2662,36.36753],[139.26621,36.36762]],[[139.23315,36.337],[139.23337,36.33712],[139.2335,36.33718],[139.23353,36.3372],[139.23355,36.33721],[139.23377,36.33732],[139.23392,36.3374],[139.23445,36.33768],[139.23449,36.3377],[139.2345,36.33771],[139.23471,36.33782],[139.23472,36.33782],[139.23483,36.33788],[139.23501,36.33797],[139.2352,36.33807],[139.23529,36.33812],[139.23532,36.33814],[139.23554,36.33826],[139.236,36.3385],[139.23629,36.33865],[139.23654,36.33878],[139.23662,36.33882],[139.23666,36.33884],[139.23677,36.3389],[139.23685,36.33895],[139.23723,36.33914],[139.23772,36.3394],[139.23764,36.33918],[139.23761,36.33908],[139.23761,36.33901],[139.2376,36.33888],[139.23757,36.33851],[139.23758,36.33848],[139.2376,36.33846],[139.23761,36.33841],[139.23761,36.33819],[139.23761,36.33802],[139.23759,36.3379],[139.23757,36.33784],[139.23788,36.33782],[139.23801,36.33782],[139.23804,36.3378],[139.23803,36.33774],[139.23803,36.33769],[139.23803,36.33763],[139.23803,36.33759],[139.23803,36.3375],[139.23802,36.33742],[139.23801,36.33733],[139.23801,36.33725],[139.23801,36.33721],[139.23801,36.33719],[139.23806,36.33719],[139.2384,36.33718],[139.23886,36.33716],[139.23894,36.33716],[139.23918,36.33718],[139.23933,36.33718],[139.23953,36.3372],[139.23975,36.3372],[139.2397,36.33674],[139.23968,36.33651],[139.23965,36.33632],[139.23963,36.33604],[139.23963,36.33603],[139.23963,36.33598],[139.23963,36.33598],[139.23964,36.33593],[139.23964,36.33588],[139.23965,36.33582],[139.23966,36.3357],[139.23968,36.33555],[139.23969,36.33554],[139.23966,36.33554],[139.23953,36.33556],[139.23931,36.33558],[139.23898,36.33561],[139.2386,36.33566],[139.23858,36.33556],[139.23858,36.33554],[139.23863,36.33528],[139.23866,36.33514],[139.23867,36.33507],[139.23871,36.3349],[139.23871,36.33487],[139.2387,36.33477],[139.23871,36.33475],[139.23871,36.33473],[139.23872,36.3347],[139.2389,36.33441],[139.23894,36.33434],[139.23896,36.33426],[139.23901,36.33412],[139.23903,36.33409],[139.23907,36.33397],[139.23915,36.33381],[139.23928,36.33358],[139.23935,36.33345],[139.23937,36.33343],[139.23942,36.33339],[139.23952,36.3332],[139.23957,36.33312],[139.23976,36.33277],[139.23986,36.33254],[139.23987,36.33251],[139.23991,36.33252],[139.24043,36.33271],[139.24057,36.33247],[139.24052,36.33244],[139.24069,36.33216],[139.2409,36.33181],[139.24095,36.33172],[139.2411,36.33147],[139.24132,36.33108],[139.24142,36.3309],[139.24147,36.33081],[139.24151,36.33074],[139.24182,36.33019],[139.24194,36.32998],[139.24198,36.32989],[139.242,36.32986],[139.2421,36.32968],[139.24212,36.32965],[139.24223,36.32946],[139.24238,36.32919],[139.24244,36.32907],[139.24245,36.32906],[139.24263,36.32902],[139.2432,36.32924],[139.24333,36.32928],[139.24373,36.32943],[139.24369,36.3295],[139.24361,36.32964],[139.2435,36.32983],[139.24333,36.33011],[139.24318,36.33038],[139.24317,36.33039],[139.2434,36.33048],[139.24362,36.33056],[139.2437,36.33059],[139.24367,36.33065],[139.24355,36.33085],[139.24337,36.33116],[139.24328,36.33131],[139.24324,36.3314],[139.24315,36.33155],[139.24312,36.33158],[139.24308,36.33162],[139.24275,36.33194],[139.24255,36.33214],[139.24249,36.3322],[139.24244,36.33224],[139.2424,36.33229],[139.24234,36.33235],[139.24218,36.3325],[139.2421,36.33259],[139.24208,36.33261],[139.24199,36.33269],[139.24193,36.33275],[139.24185,36.33283],[139.2418,36.33287],[139.24175,36.33293],[139.24166,36.33302],[139.24159,36.33309],[139.24155,36.33312],[139.24152,36.33315],[139.2415,36.33318],[139.24147,36.33324],[139.24142,36.33333],[139.24136,36.33342],[139.24134,36.33345],[139.24132,36.3335],[139.24129,36.33359],[139.24128,36.33364],[139.24121,36.33384],[139.24119,36.33391],[139.24113,36.33408],[139.2411,36.3342],[139.24108,36.33424],[139.24104,36.33433],[139.24103,36.33435],[139.24099,36.3344],[139.24097,36.33445],[139.24095,36.3345],[139.24094,36.33452],[139.24092,36.33462],[139.2409,36.33474],[139.24089,36.33483],[139.24087,36.33495],[139.24086,36.33501],[139.24086,36.33505],[139.24085,36.33509],[139.24086,36.33512],[139.24087,36.3352],[139.24089,36.33525],[139.24093,36.33533],[139.24099,36.33533],[139.24109,36.33534],[139.24115,36.33542],[139.24115,36.33543],[139.24115,36.33545],[139.24115,36.33546],[139.24132,36.33567],[139.24136,36.33571],[139.24142,36.33578],[139.24145,36.33582],[139.24147,36.33584],[139.24143,36.33586],[139.24141,36.33587],[139.2414,36.33588],[139.24139,36.33588],[139.24139,36.33589],[139.24141,36.33591],[139.24141,36.33592],[139.24142,36.33595],[139.24144,36.3361],[139.24147,36.33628],[139.24148,36.33637],[139.24149,36.33643],[139.2415,36.33652],[139.24152,36.3366],[139.24154,36.33667],[139.24157,36.33677],[139.24167,36.33704],[139.2417,36.33713],[139.24171,36.33719],[139.24168,36.33722],[139.24166,36.33723],[139.24159,36.33727],[139.2415,36.33729],[139.2414,36.33732],[139.24132,36.33734],[139.24124,36.33736],[139.24123,36.33736],[139.24121,36.33737],[139.24118,36.33744],[139.24116,36.33754],[139.24113,36.33761],[139.2411,36.33779],[139.24107,36.33789],[139.241,36.33807],[139.24094,36.3382],[139.24091,36.33826],[139.24088,36.33828],[139.24086,36.33828],[139.24059,36.33825],[139.24052,36.33825],[139.24051,36.33832],[139.2405,36.33843],[139.24048,36.33851],[139.24047,36.33853],[139.24032,36.33885],[139.24028,36.33893],[139.24022,36.33905],[139.24014,36.33923],[139.24008,36.33936],[139.24005,36.33943],[139.24,36.33953],[139.23998,36.33959],[139.23997,36.33962],[139.23995,36.33971],[139.23992,36.33986],[139.23991,36.33996],[139.23991,36.34],[139.23991,36.34011],[139.23991,36.34021],[139.23991,36.34035],[139.23992,36.34054],[139.23996,36.34057],[139.24072,36.34097],[139.24078,36.341],[139.24081,36.34102],[139.24096,36.34109],[139.24128,36.34126],[139.24144,36.34135],[139.24162,36.34143],[139.24165,36.34145],[139.24167,36.34147],[139.24196,36.34161],[139.24221,36.34174],[139.2427,36.342],[139.2429,36.3421],[139.24315,36.34224],[139.24322,36.34227],[139.24323,36.34228],[139.24339,36.34237],[139.24355,36.34246],[139.24358,36.34247],[139.24389,36.34264],[139.24401,36.3427],[139.24407,36.34273],[139.24412,36.34276],[139.24424,36.34283],[139.2447,36.34312],[139.24476,36.34318],[139.24513,36.34342],[139.24537,36.34357],[139.24544,36.34362],[139.24545,36.34362],[139.24559,36.34371],[139.24585,36.3439],[139.24594,36.34396],[139.2461,36.34407],[139.24628,36.34418],[139.24646,36.3443],[139.24681,36.34453],[139.24687,36.34457],[139.2469,36.34459],[139.24719,36.34478],[139.24768,36.34511],[139.24775,36.34515],[139.24795,36.34528],[139.24855,36.34568],[139.24859,36.3457],[139.24873,36.34579],[139.24905,36.34565],[139.24919,36.34559],[139.24952,36.34545],[139.24965,36.3454],[139.24953,36.34487],[139.24938,36.34416],[139.24933,36.34393],[139.24929,36.34391],[139.24917,36.34392],[139.24858,36.344],[139.24837,36.34404],[139.24828,36.34405],[139.24827,36.34401],[139.24828,36.344],[139.24829,36.344],[139.24813,36.34329],[139.24803,36.34286],[139.24803,36.34283],[139.24802,36.34281],[139.24802,36.34273],[139.24802,36.34269],[139.24803,36.34251],[139.24802,36.34246],[139.24798,36.34192],[139.24798,36.34191],[139.24797,36.3419],[139.24796,36.34189],[139.24797,36.34185],[139.24799,36.34185],[139.24803,36.34184],[139.24798,36.34164],[139.24785,36.34078],[139.24786,36.34068],[139.24783,36.34037],[139.24746,36.34041],[139.24744,36.3403],[139.24735,36.33987],[139.24698,36.33992],[139.24696,36.33992],[139.24691,36.33993],[139.24675,36.33995],[139.24656,36.33998],[139.24655,36.33998],[139.24654,36.34],[139.24654,36.34],[139.24657,36.34018],[139.2466,36.34029],[139.2466,36.3403],[139.24662,36.34034],[139.24662,36.34037],[139.24673,36.34085],[139.24673,36.34086],[139.24668,36.34087],[139.24635,36.34091],[139.24592,36.34098],[139.24587,36.34098],[139.24577,36.34098],[139.24579,36.34091],[139.24589,36.34056],[139.24599,36.34018],[139.246,36.34014],[139.246,36.34009],[139.24597,36.34004],[139.24597,36.34004],[139.24585,36.34006],[139.24577,36.34006],[139.2457,36.34005],[139.24562,36.34004],[139.24554,36.34002],[139.24548,36.33999],[139.24547,36.33999],[139.24524,36.33992],[139.24516,36.33989],[139.24509,36.33986],[139.24502,36.33983],[139.24498,36.33981],[139.24487,36.33974],[139.24475,36.33965],[139.24465,36.33961],[139.24462,36.33959],[139.24464,36.33954],[139.24464,36.33954],[139.24465,36.33953],[139.24466,36.33953],[139.24466,36.3395],[139.24469,36.33933],[139.2447,36.3393],[139.24475,36.3392],[139.24476,36.33915],[139.24477,36.33911],[139.24478,36.33903],[139.2448,36.33879],[139.2448,36.33876],[139.24481,36.33864],[139.24482,36.3386],[139.24482,36.33858],[139.24483,36.33856],[139.24484,36.33854],[139.24486,36.33851],[139.24487,36.33849],[139.24489,36.33847],[139.24492,36.33845],[139.24496,36.33842],[139.24503,36.33839],[139.24505,36.33838],[139.24506,36.33837],[139.24507,36.33835],[139.24508,36.33834],[139.24509,36.33832],[139.2451,36.33828],[139.24513,36.3382],[139.24513,36.33819],[139.24513,36.33818],[139.24516,36.33815],[139.24518,36.33814],[139.24521,36.33813],[139.24525,36.3381],[139.24529,36.33806],[139.24532,36.33803],[139.24534,36.33799],[139.24535,36.33797],[139.24537,36.33787],[139.2454,36.33774],[139.24545,36.33751],[139.24547,36.33741],[139.24547,36.33737],[139.24547,36.33729],[139.2456,36.33728],[139.24565,36.33728],[139.24571,36.33727],[139.24582,36.33725],[139.24606,36.33719],[139.24609,36.33716],[139.24608,36.33712],[139.24608,36.33709],[139.24605,36.33695],[139.24603,36.33687],[139.24602,36.33682],[139.24601,36.33679],[139.24598,36.33671],[139.24591,36.33657],[139.24587,36.33645],[139.24587,36.33643],[139.24583,36.3363],[139.2458,36.33619],[139.24576,36.33604],[139.24575,36.33596],[139.24583,36.33595],[139.24588,36.33576],[139.24592,36.33561],[139.246,36.33528],[139.24602,36.33525],[139.24603,36.33524],[139.24605,36.33523],[139.24606,36.33522],[139.24609,36.33522],[139.24611,36.33521],[139.24616,36.3352],[139.24632,36.33517],[139.24641,36.33515],[139.24643,36.33515],[139.24644,36.33514],[139.24646,36.33513],[139.24647,36.33512],[139.24648,36.33511],[139.24649,36.33508],[139.24657,36.33492],[139.24657,36.33491],[139.24661,36.33484],[139.24663,36.33483],[139.24668,36.33481],[139.24674,36.33477],[139.24678,36.33474],[139.2468,36.33472],[139.24684,36.33467],[139.24695,36.33452],[139.24702,36.33443],[139.24704,36.33441],[139.24723,36.33415],[139.2474,36.33399],[139.24757,36.33381],[139.24761,36.33377],[139.24766,36.33373],[139.24778,36.33363],[139.2478,36.33363],[139.24797,36.33356],[139.24801,36.33355],[139.24803,36.33353],[139.24806,36.33351],[139.24809,36.33349],[139.2481,36.33347],[139.24812,36.33344],[139.24821,36.33328],[139.24821,36.33325],[139.24825,36.33321],[139.24834,36.33322],[139.24835,36.33321],[139.2484,36.33319],[139.24841,36.33319],[139.24844,36.33314],[139.24847,36.33308],[139.24852,36.33296],[139.24852,36.33295],[139.24854,36.33293],[139.24855,36.33292],[139.24859,36.33289],[139.24861,36.33288],[139.24871,36.33283],[139.24878,36.3328],[139.24881,36.33277],[139.24882,36.33276],[139.24883,36.33274],[139.24884,36.3327],[139.24886,36.33261],[139.2489,36.33245],[139.2489,36.33235],[139.24894,36.33215],[139.249,36.33186],[139.24908,36.33146],[139.24909,36.33145],[139.2491,36.33141],[139.2492,36.3313],[139.24921,36.33128],[139.24923,36.33123],[139.24932,36.33099],[139.24927,36.33098],[139.24905,36.33092],[139.24906,36.33086],[139.24917,36.33077],[139.24922,36.33073],[139.24926,36.3307],[139.24929,36.33067],[139.2495,36.33044],[139.24952,36.33041],[139.24961,36.33031],[139.24967,36.33025],[139.24969,36.33024],[139.24995,36.3303],[139.25,36.33031],[139.25007,36.33031],[139.2503,36.33032],[139.25034,36.33023],[139.2505,36.3299],[139.25064,36.32962],[139.25068,36.32952],[139.25077,36.32934],[139.25078,36.32931],[139.25086,36.32907],[139.25088,36.32901],[139.25094,36.32878],[139.25098,36.32867],[139.25099,36.32864],[139.25099,36.32862],[139.25099,36.32859],[139.251,36.32855],[139.25088,36.32858],[139.25083,36.32859],[139.25077,36.32859],[139.2507,36.3286],[139.25064,36.32861],[139.25052,36.3286],[139.2505,36.3286],[139.25045,36.3286],[139.25034,36.32859],[139.25026,36.32858],[139.25019,36.32857],[139.25007,36.32855],[139.24997,36.32853],[139.2499,36.32851],[139.24955,36.32845],[139.24948,36.32843],[139.24938,36.32842],[139.24926,36.3284],[139.24903,36.32837],[139.24883,36.32835],[139.24859,36.32834],[139.24845,36.32834],[139.24833,36.32833],[139.2481,36.32832],[139.24801,36.32832],[139.24787,36.32831],[139.24778,36.32831],[139.24769,36.3283],[139.24759,36.32828],[139.24728,36.32824],[139.24698,36.3282],[139.2467,36.32816],[139.24668,36.32816],[139.24663,36.32815],[139.24634,36.3281],[139.24631,36.3281],[139.24624,36.32809],[139.24619,36.32808],[139.24615,36.32807],[139.24609,36.32806],[139.24557,36.32798],[139.2455,36.32797],[139.24545,36.32796],[139.24541,36.32795],[139.24532,36.32793],[139.24523,36.3279],[139.2451,36.32786],[139.24471,36.32771],[139.24467,36.32769],[139.24393,36.32741],[139.24383,36.32737],[139.2436,36.32728],[139.24345,36.32723],[139.24337,36.3272],[139.2431,36.3271],[139.24309,36.3271],[139.24298,36.32705],[139.24298,36.32705],[139.24298,36.32704],[139.24297,36.32703],[139.2428,36.32694],[139.24275,36.32692],[139.24257,36.32685],[139.24247,36.32681],[139.24242,36.32679],[139.24245,36.32675],[139.24246,36.32673],[139.24238,36.32667],[139.24235,36.32663],[139.24226,36.32649],[139.24224,36.32644],[139.24214,36.32628],[139.24209,36.3262],[139.24194,36.32599],[139.24188,36.3259],[139.24183,36.32585],[139.24177,36.32579],[139.24167,36.32571],[139.24164,36.32569],[139.24155,36.32563],[139.24151,36.3256],[139.2414,36.32555],[139.24132,36.32552],[139.24124,36.32548],[139.24113,36.32545],[139.241,36.3254],[139.24097,36.32539],[139.24086,36.32535],[139.2405,36.32523],[139.24042,36.3252],[139.23966,36.32494],[139.23928,36.32481],[139.23921,36.32478],[139.23892,36.32468],[139.23876,36.32463],[139.2387,36.3246],[139.23843,36.32447],[139.23835,36.32443],[139.23807,36.3243],[139.23788,36.32422],[139.23783,36.32425],[139.23743,36.32524],[139.23739,36.32532],[139.23735,36.32542],[139.2371,36.32603],[139.23703,36.32618],[139.23698,36.3263],[139.23696,36.32635],[139.23687,36.32658],[139.23676,36.32684],[139.23642,36.32769],[139.23638,36.32778],[139.23619,36.32823],[139.23609,36.3285],[139.23602,36.32871],[139.23601,36.32874],[139.23597,36.32882],[139.23582,36.32921],[139.23573,36.32941],[139.23571,36.32947],[139.23549,36.32996],[139.23535,36.33033],[139.23533,36.33033],[139.23532,36.33034],[139.23531,36.33035],[139.23505,36.33101],[139.23488,36.33142],[139.23487,36.33149],[139.2348,36.33167],[139.2347,36.33192],[139.23466,36.33205],[139.23459,36.33227],[139.2345,36.33259],[139.23438,36.33287],[139.23434,36.33298],[139.23431,36.33306],[139.23419,36.33326],[139.23398,36.33372],[139.23387,36.33398],[139.23378,36.33419],[139.23367,36.33443],[139.23357,36.33465],[139.23347,36.33486],[139.23345,36.33496],[139.2334,36.33506],[139.2333,36.33524],[139.23316,36.3355],[139.23314,36.3355],[139.23307,36.33562],[139.2329,36.3359],[139.2328,36.33606],[139.23276,36.33612],[139.23266,36.33628],[139.23261,36.33634],[139.23259,36.33638],[139.2325,36.33648],[139.23248,36.3365],[139.23247,36.33651],[139.23247,36.33658],[139.23248,36.33663],[139.23248,36.33666],[139.23287,36.33685],[139.23315,36.337]],[[139.22908,36.33946],[139.22936,36.33916],[139.22957,36.33894],[139.22976,36.33873],[139.22993,36.33854],[139.23007,36.33839],[139.23016,36.33828],[139.23031,36.33813],[139.23046,36.33794],[139.23061,36.33777],[139.23069,36.33767],[139.23083,36.33751],[139.23096,36.33736],[139.23106,36.33724],[139.23115,36.33713],[139.23134,36.33689],[139.23139,36.33682],[139.23141,36.33677],[139.23145,36.33669],[139.23148,36.33665],[139.23149,36.33663],[139.23161,36.3365],[139.23162,36.33648],[139.23163,36.33648],[139.23163,36.33647],[139.2316,36.33638],[139.23133,36.33624],[139.23116,36.33614],[139.2311,36.33611],[139.23091,36.33598],[139.23083,36.33591],[139.23026,36.33561],[139.23018,36.33558],[139.23015,36.33556],[139.22984,36.33541],[139.22969,36.33532],[139.22948,36.33522],[139.22935,36.33514],[139.22919,36.33506],[139.22907,36.335],[139.22881,36.33486],[139.22879,36.33485],[139.22877,36.33484],[139.22861,36.33476],[139.22856,36.33473],[139.22852,36.33471],[139.2285,36.3347],[139.22844,36.33465],[139.22806,36.33445],[139.22773,36.33428],[139.22766,36.33431],[139.22766,36.33459],[139.22766,36.33469],[139.22766,36.33512],[139.22769,36.33514],[139.22787,36.33509],[139.22808,36.33504],[139.2284,36.33497],[139.22842,36.33504],[139.22842,36.33505],[139.22843,36.33507],[139.22844,36.33511],[139.22844,36.33515],[139.22845,36.33518],[139.22845,36.33526],[139.22845,36.33531],[139.22843,36.33538],[139.22843,36.33541],[139.22842,36.33543],[139.22842,36.33546],[139.22843,36.33547],[139.22843,36.3355],[139.22844,36.33553],[139.22846,36.33556],[139.22848,36.3356],[139.2285,36.33567],[139.22852,36.33573],[139.22853,36.33576],[139.22855,36.3358],[139.22858,36.33586],[139.22861,36.3359],[139.22866,36.33594],[139.22874,36.33601],[139.22876,36.33604],[139.22877,36.33605],[139.22879,36.33607],[139.2288,36.33609],[139.2288,36.33613],[139.2288,36.33617],[139.2288,36.3362],[139.22879,36.33626],[139.22878,36.33631],[139.22878,36.33635],[139.22878,36.33639],[139.22878,36.33642],[139.22879,36.33646],[139.22882,36.33655],[139.22885,36.33666],[139.22887,36.33671],[139.22889,36.33675],[139.2289,36.33678],[139.22891,36.33679],[139.22889,36.3368],[139.22884,36.33686],[139.22885,36.33687],[139.22886,36.3372],[139.22886,36.33723],[139.22886,36.33739],[139.22885,36.33755],[139.22885,36.33768],[139.22886,36.33785],[139.22886,36.33794],[139.22886,36.338],[139.22887,36.33829],[139.22887,36.33876],[139.22887,36.33882],[139.22887,36.3389],[139.22888,36.33941],[139.22888,36.33958],[139.22888,36.33966],[139.22888,36.33968],[139.22887,36.33969],[139.22894,36.33962],[139.22908,36.33946]],[[139.23976,36.34074],[139.23976,36.34059],[139.23903,36.3402],[139.23896,36.34017],[139.23855,36.33995],[139.23816,36.33974],[139.23792,36.33962],[139.23771,36.33951],[139.23762,36.33948],[139.23731,36.33932],[139.23727,36.33929],[139.23664,36.33896],[139.23659,36.33894],[139.2362,36.33873],[139.23604,36.33865],[139.23586,36.33855],[139.23577,36.33851],[139.23568,36.33846],[139.23554,36.33839],[139.23551,36.33837],[139.23543,36.33833],[139.23529,36.33826],[139.23516,36.33818],[139.23496,36.33808],[139.2346,36.33789],[139.234,36.33758],[139.23373,36.33744],[139.23349,36.33731],[139.2333,36.33722],[139.23327,36.3372],[139.2331,36.33712],[139.23276,36.33698],[139.23261,36.33691],[139.23256,36.33689],[139.23238,36.33679],[139.23224,36.33683],[139.23219,36.33692],[139.23218,36.33693],[139.23217,36.33693],[139.23213,36.33694],[139.232,36.3371],[139.23198,36.33713],[139.23195,36.33717],[139.2319,36.33723],[139.2318,36.33735],[139.23175,36.33741],[139.23166,36.33752],[139.2316,36.33758],[139.23157,36.33762],[139.23135,36.33787],[139.2312,36.33804],[139.23092,36.33833],[139.23077,36.33848],[139.2306,36.33864],[139.23057,36.33867],[139.23028,36.33894],[139.22963,36.33955],[139.22957,36.33962],[139.22949,36.33969],[139.22904,36.3402],[139.22893,36.34032],[139.22892,36.34033],[139.22892,36.34033],[139.22892,36.34034],[139.22893,36.34035],[139.22894,36.34036],[139.22907,36.34044],[139.2294,36.34064],[139.22947,36.34067],[139.22953,36.34069],[139.22967,36.34072],[139.22976,36.34074],[139.22994,36.34077],[139.23004,36.34078],[139.2301,36.34079],[139.23017,36.34079],[139.2304,36.3408],[139.2306,36.3408],[139.23072,36.3408],[139.23091,36.3408],[139.23125,36.34079],[139.23162,36.34079],[139.23174,36.34079],[139.23177,36.34079],[139.23183,36.34079],[139.23244,36.34078],[139.23294,36.34077],[139.23338,36.34077],[139.2337,36.34077],[139.23378,36.34077],[139.23382,36.34077],[139.23408,36.34077],[139.23415,36.34076],[139.23426,36.34076],[139.23489,36.34076],[139.2355,36.34077],[139.23558,36.34077],[139.23631,36.34077],[139.23653,36.34077],[139.23665,36.34077],[139.23679,36.34077],[139.23691,36.34077],[139.23758,36.34077],[139.23768,36.34076],[139.23805,36.34076],[139.23872,36.34076],[139.2397,36.34077],[139.23971,36.34076],[139.23976,36.34074]],[[139.24428,36.34774],[139.24464,36.34759],[139.24556,36.3472],[139.24593,36.34704],[139.2461,36.34696],[139.24644,36.34682],[139.24779,36.34621],[139.24792,36.34615],[139.24828,36.34599],[139.2485,36.34589],[139.24861,36.34585],[139.24858,36.34583],[139.2483,36.34565],[139.24803,36.34547],[139.24784,36.34534],[139.24769,36.34524],[139.24764,36.3452],[139.24747,36.34509],[139.24722,36.34492],[139.24708,36.34483],[139.24661,36.34452],[139.2465,36.34445],[139.24637,36.34437],[139.24631,36.34432],[139.24629,36.34431],[139.24605,36.34415],[139.24577,36.34397],[139.24527,36.34364],[139.24477,36.34331],[139.24474,36.34329],[139.24461,36.34321],[139.24448,36.34312],[139.24428,36.34301],[139.24411,36.3429],[139.24405,36.34286],[139.24401,36.34284],[139.24399,36.34282],[139.24313,36.34236],[139.24302,36.3423],[139.24289,36.34223],[139.24277,36.34217],[139.24274,36.34216],[139.24266,36.34211],[139.24249,36.34202],[139.24225,36.3419],[139.24217,36.34185],[139.24215,36.34184],[139.242,36.34177],[139.24197,36.34175],[139.24156,36.34154],[139.24153,36.34152],[139.24103,36.34126],[139.24098,36.34123],[139.24076,36.34112],[139.23995,36.34069],[139.23993,36.34069],[139.23992,36.34069],[139.23991,36.34069],[139.23988,36.34071],[139.23986,36.34072],[139.23983,36.34077],[139.23982,36.3408],[139.23981,36.34082],[139.23981,36.34084],[139.23981,36.34093],[139.23981,36.341],[139.2398,36.34176],[139.23981,36.34177],[139.2398,36.34188],[139.2398,36.34196],[139.2398,36.34219],[139.2398,36.34249],[139.2398,36.34298],[139.23979,36.34304],[139.23979,36.34387],[139.23978,36.34417],[139.2398,36.34419],[139.23981,36.3442],[139.23999,36.3442],[139.24012,36.3442],[139.24035,36.3442],[139.24035,36.34424],[139.24035,36.34425],[139.24039,36.34428],[139.24042,36.34429],[139.24047,36.34431],[139.2405,36.34434],[139.24053,36.34436],[139.24055,36.34437],[139.2406,36.34441],[139.24064,36.34445],[139.24066,36.34449],[139.24065,36.34498],[139.24065,36.34563],[139.241,36.34563],[139.24144,36.34563],[139.24151,36.34563],[139.24152,36.34563],[139.24152,36.34574],[139.24152,36.34628],[139.24151,36.34643],[139.24151,36.34657],[139.24151,36.3466],[139.24151,36.34672],[139.24151,36.34685],[139.24151,36.3469],[139.24151,36.34702],[139.24151,36.34711],[139.24241,36.34711],[139.24245,36.34711],[139.24247,36.34714],[139.24249,36.34718],[139.24257,36.34733],[139.24259,36.34736],[139.24262,36.34741],[139.24266,36.34753],[139.24266,36.34754],[139.24266,36.34757],[139.24266,36.3476],[139.24265,36.34763],[139.24264,36.34766],[139.2426,36.34777],[139.24259,36.34779],[139.24259,36.3478],[139.2426,36.3478],[139.24261,36.3478],[139.24277,36.34779],[139.24282,36.34778],[139.24297,36.34777],[139.24304,36.34776],[139.24319,36.34775],[139.2432,36.34785],[139.24321,36.34794],[139.24324,36.3481],[139.24325,36.34815],[139.24409,36.34782],[139.24427,36.34774],[139.24428,36.34774]],[[139.23442,36.35095],[139.2344,36.35092],[139.23432,36.35081],[139.23422,36.35067],[139.23396,36.35028],[139.23395,36.35027],[139.23402,36.35024],[139.23405,36.35023],[139.23446,36.35003],[139.23452,36.35001],[139.23466,36.34994],[139.23489,36.34983],[139.2349,36.34982],[139.23491,36.34981],[139.23492,36.34979],[139.23494,36.34966],[139.23495,36.34961],[139.23495,36.34955],[139.23496,36.34947],[139.23502,36.34932],[139.23482,36.34927],[139.2347,36.34924],[139.23462,36.34922],[139.23463,36.3492],[139.23471,36.34907],[139.23478,36.34896],[139.23483,36.34886],[139.23489,36.34875],[139.2349,36.34871],[139.23496,36.34855],[139.23499,36.34848],[139.23501,36.34843],[139.2351,36.34821],[139.23513,36.34811],[139.23516,36.34805],[139.2352,36.34794],[139.23522,36.34788],[139.23532,36.34763],[139.23533,36.34761],[139.23537,36.34752],[139.23542,36.34744],[139.23554,36.34744],[139.23576,36.34747],[139.23592,36.3475],[139.23616,36.34753],[139.23647,36.34756],[139.23661,36.34757],[139.23675,36.34758],[139.23681,36.34759],[139.23712,36.34759],[139.23714,36.34759],[139.23722,36.34759],[139.23729,36.34759],[139.23733,36.34759],[139.23742,36.34759],[139.23744,36.34758],[139.23757,36.34754],[139.23766,36.34751],[139.23779,36.34752],[139.2378,36.34752],[139.23783,36.3475],[139.23784,36.34748],[139.23785,36.34747],[139.23786,36.34744],[139.23788,36.34737],[139.23789,36.34731],[139.2379,36.34727],[139.2379,36.34726],[139.2379,36.34723],[139.2379,36.34721],[139.2379,36.3472],[139.23788,36.34718],[139.23788,36.34718],[139.23782,36.34712],[139.23777,36.34707],[139.23776,36.34705],[139.23774,36.34703],[139.23773,36.34699],[139.23771,36.34695],[139.23769,36.34686],[139.23772,36.3468],[139.23777,36.34673],[139.23778,36.34671],[139.2378,36.34667],[139.23782,36.34662],[139.23782,36.34659],[139.23782,36.34658],[139.23783,36.34655],[139.23784,36.34651],[139.23785,36.34641],[139.23796,36.3464],[139.23822,36.34636],[139.23859,36.34636],[139.2386,36.34635],[139.23861,36.34633],[139.23861,36.34632],[139.23861,36.34598],[139.23862,36.34572],[139.2386,36.34569],[139.23855,36.34569],[139.23845,36.34569],[139.23831,36.34569],[139.23829,36.34569],[139.23813,36.34568],[139.23763,36.34564],[139.23708,36.3456],[139.2368,36.34558],[139.23658,36.34556],[139.23651,36.34556],[139.23638,36.34557],[139.23636,36.34549],[139.23636,36.34544],[139.23634,36.34536],[139.23632,36.34526],[139.23631,36.3452],[139.23629,36.34514],[139.23628,36.34506],[139.23627,36.34499],[139.23627,36.34498],[139.23626,36.3449],[139.23625,36.34486],[139.23623,36.34479],[139.2362,36.3447],[139.2362,36.34467],[139.23628,36.34466],[139.2365,36.34465],[139.23651,36.34464],[139.23652,36.34463],[139.23653,36.34462],[139.23653,36.34461],[139.23655,36.34305],[139.23654,36.34303],[139.23654,36.34303],[139.23654,36.34302],[139.23653,36.34302],[139.23652,36.34301],[139.23596,36.34298],[139.23592,36.34298],[139.23589,36.34298],[139.23585,36.343],[139.23582,36.34301],[139.23581,36.34302],[139.23581,36.34303],[139.2358,36.34304],[139.2358,36.34305],[139.23572,36.34307],[139.23571,36.34307],[139.2357,36.34307],[139.23565,36.34307],[139.23527,36.3431],[139.23514,36.34311],[139.23497,36.34312],[139.23487,36.34313],[139.23484,36.34314],[139.23474,36.34315],[139.23473,36.34314],[139.23471,36.34311],[139.23466,36.34303],[139.23459,36.34293],[139.23447,36.34276],[139.23442,36.34269],[139.23439,36.34264],[139.23436,36.34257],[139.23435,36.34254],[139.23434,36.34252],[139.23433,36.3425],[139.23431,36.34228],[139.23431,36.34228],[139.2343,36.34227],[139.23429,36.34226],[139.23402,36.34226],[139.23368,36.34227],[139.23353,36.34227],[139.23283,36.34228],[139.23261,36.34228],[139.23251,36.34228],[139.23251,36.34227],[139.23245,36.34216],[139.23245,36.34204],[139.23245,36.34203],[139.23244,36.34203],[139.23244,36.34202],[139.23242,36.34202],[139.23234,36.34203],[139.23206,36.34208],[139.23192,36.34211],[139.23182,36.34214],[139.23181,36.34214],[139.2318,36.34215],[139.23181,36.34216],[139.23182,36.34224],[139.23186,36.34241],[139.23189,36.34253],[139.2319,36.34258],[139.23201,36.34294],[139.23203,36.34299],[139.23207,36.3431],[139.23214,36.34333],[139.23224,36.34358],[139.23214,36.3436],[139.23201,36.34365],[139.23193,36.34367],[139.23177,36.34373],[139.23175,36.34374],[139.23169,36.34377],[139.23162,36.34379],[139.23153,36.34382],[139.23144,36.34385],[139.23115,36.34395],[139.23101,36.344],[139.231,36.344],[139.23097,36.344],[139.23087,36.344],[139.23075,36.34402],[139.23065,36.34402],[139.23055,36.34403],[139.23008,36.34404],[139.22997,36.34404],[139.22965,36.34405],[139.22963,36.34406],[139.22965,36.34449],[139.22966,36.34456],[139.22923,36.34499],[139.22923,36.34518],[139.22923,36.34528],[139.22923,36.34629],[139.22929,36.34633],[139.22962,36.34634],[139.22962,36.34634],[139.22962,36.34693],[139.22999,36.3469],[139.23018,36.34687],[139.23035,36.34686],[139.23045,36.34684],[139.23095,36.34679],[139.23097,36.34679],[139.23111,36.34678],[139.23126,36.34676],[139.23132,36.34676],[139.23135,36.34675],[139.23139,36.34674],[139.23144,36.34673],[139.23147,36.34673],[139.23151,36.34672],[139.23154,36.34671],[139.23157,36.34669],[139.23161,36.34668],[139.23162,36.34667],[139.23168,36.34664],[139.23173,36.34662],[139.23177,36.34659],[139.23194,36.34647],[139.232,36.34644],[139.232,36.34643],[139.23204,36.34641],[139.23208,36.34639],[139.23212,36.34637],[139.23218,36.34634],[139.23223,36.34632],[139.23229,36.34629],[139.2324,36.34626],[139.23256,36.34623],[139.23261,36.34621],[139.23263,36.34628],[139.23263,36.34629],[139.23262,36.3463],[139.23262,36.34631],[139.23262,36.34632],[139.23263,36.34671],[139.23263,36.34676],[139.23264,36.34735],[139.23264,36.34739],[139.23266,36.34799],[139.23267,36.34838],[139.23267,36.34872],[139.23269,36.34873],[139.23308,36.34872],[139.23308,36.34872],[139.23315,36.34872],[139.2335,36.34872],[139.2335,36.34878],[139.23351,36.34888],[139.23351,36.34903],[139.23352,36.34917],[139.23352,36.34926],[139.23352,36.34969],[139.23353,36.34973],[139.23352,36.34976],[139.23352,36.3498],[139.2335,36.34988],[139.23366,36.34998],[139.23367,36.34998],[139.23367,36.34999],[139.23365,36.35001],[139.23357,36.35006],[139.23354,36.35008],[139.23349,36.35012],[139.2333,36.35024],[139.23317,36.35033],[139.23314,36.35036],[139.23312,36.35038],[139.23309,36.35041],[139.23307,36.35043],[139.23292,36.35067],[139.23283,36.35081],[139.23272,36.35099],[139.2328,36.35107],[139.23289,36.35114],[139.23296,36.35121],[139.23305,36.35129],[139.2331,36.35133],[139.23319,36.35131],[139.23443,36.35097],[139.23442,36.35095]],[[139.24648,36.3615],[139.24649,36.3614],[139.2465,36.36137],[139.24651,36.36132],[139.24652,36.3612],[139.24663,36.36049],[139.24661,36.36046],[139.2466,36.36042],[139.24663,36.3604],[139.2467,36.35995],[139.24668,36.35993],[139.24668,36.35991],[139.24669,36.35985],[139.2467,36.35982],[139.24672,36.35982],[139.24676,36.3596],[139.24686,36.35887],[139.24686,36.35876],[139.24704,36.35877],[139.24744,36.35881],[139.24776,36.35884],[139.24807,36.35888],[139.24813,36.35888],[139.24827,36.3589],[139.24865,36.35894],[139.24876,36.35895],[139.24912,36.35898],[139.24939,36.35901],[139.24943,36.35902],[139.24974,36.35905],[139.24988,36.35906],[139.24989,36.35906],[139.24989,36.35906],[139.24987,36.35905],[139.24983,36.35899],[139.24979,36.35895],[139.24974,36.35888],[139.24968,36.3588],[139.24959,36.35866],[139.24952,36.35855],[139.24951,36.35853],[139.24948,36.35847],[139.24943,36.35837],[139.24941,36.35832],[139.24937,36.35819],[139.24935,36.35815],[139.24934,36.3581],[139.24932,36.35803],[139.24925,36.35778],[139.24923,36.35769],[139.24914,36.35733],[139.24911,36.35724],[139.2491,36.35721],[139.24905,36.35703],[139.24904,36.35695],[139.24901,36.35681],[139.249,36.35677],[139.24893,36.35651],[139.24889,36.35638],[139.24889,36.35636],[139.24899,36.35635],[139.24924,36.35633],[139.24945,36.35631],[139.24957,36.3563],[139.24958,36.3563],[139.24958,36.35629],[139.24959,36.35623],[139.24959,36.35619],[139.24959,36.35612],[139.24958,36.356],[139.24958,36.35596],[139.24959,36.35591],[139.24959,36.35579],[139.2496,36.35577],[139.24961,36.35569],[139.24964,36.35555],[139.24965,36.3555],[139.24965,36.35549],[139.24965,36.35548],[139.24963,36.35538],[139.24962,36.3553],[139.24962,36.35529],[139.24958,36.35523],[139.24958,36.3552],[139.24958,36.3552],[139.24958,36.35519],[139.24955,36.35516],[139.24948,36.35507],[139.24946,36.35504],[139.24944,36.35501],[139.24942,36.35497],[139.24939,36.35491],[139.24937,36.35486],[139.24936,36.35483],[139.24934,36.35478],[139.24934,36.35477],[139.24934,36.35476],[139.24935,36.35463],[139.24935,36.35462],[139.24934,36.35458],[139.24933,36.35453],[139.2493,36.35442],[139.24929,36.35439],[139.24928,36.35435],[139.24927,36.3543],[139.24927,36.35425],[139.24927,36.35419],[139.24927,36.35417],[139.24928,36.3541],[139.24934,36.35399],[139.24937,36.35393],[139.24944,36.3538],[139.2495,36.35367],[139.24952,36.35365],[139.24952,36.35364],[139.24955,36.35361],[139.24957,36.35358],[139.2496,36.35356],[139.24965,36.35353],[139.2497,36.35349],[139.24973,36.35346],[139.2498,36.35339],[139.24993,36.35328],[139.24996,36.35325],[139.24997,36.35323],[139.25,36.3532],[139.25009,36.35302],[139.25013,36.35297],[139.25014,36.35296],[139.2502,36.35288],[139.25025,36.35283],[139.25026,36.35281],[139.25028,36.35277],[139.2503,36.35273],[139.25031,36.35269],[139.25032,36.35262],[139.25034,36.35257],[139.25037,36.35249],[139.25045,36.35237],[139.25048,36.35229],[139.25049,36.35227],[139.25049,36.35226],[139.25047,36.3522],[139.25041,36.35207],[139.25038,36.35202],[139.25036,36.35196],[139.25036,36.35185],[139.25037,36.35181],[139.25038,36.35178],[139.25038,36.35176],[139.25039,36.35175],[139.25042,36.35172],[139.25043,36.35171],[139.25046,36.35169],[139.25051,36.35166],[139.25061,36.3516],[139.25065,36.35157],[139.25071,36.35154],[139.25076,36.3515],[139.25078,36.35149],[139.2508,36.35147],[139.25081,36.35145],[139.25082,36.35142],[139.25087,36.35131],[139.25091,36.35118],[139.25093,36.35116],[139.25095,36.35113],[139.25098,36.3511],[139.25111,36.35099],[139.25113,36.35097],[139.25114,36.35095],[139.25115,36.35091],[139.25118,36.35079],[139.2512,36.35074],[139.25123,36.3507],[139.25132,36.35052],[139.25132,36.35051],[139.25132,36.35051],[139.25132,36.3505],[139.25108,36.3504],[139.25106,36.35023],[139.25105,36.35018],[139.25099,36.34986],[139.25098,36.34978],[139.25097,36.34964],[139.25096,36.34958],[139.25103,36.34952],[139.25142,36.3495],[139.25157,36.34949],[139.25163,36.34948],[139.25194,36.34947],[139.25201,36.34947],[139.25227,36.34946],[139.25239,36.34945],[139.25262,36.34944],[139.25273,36.34943],[139.25274,36.34942],[139.25276,36.34942],[139.25278,36.34941],[139.2528,36.3494],[139.2528,36.3494],[139.25281,36.34939],[139.25284,36.34932],[139.25286,36.34925],[139.25287,36.34918],[139.25289,36.34907],[139.2529,36.34903],[139.25291,36.34898],[139.25291,36.34896],[139.25292,36.34889],[139.25292,36.34885],[139.25291,36.34881],[139.25291,36.34877],[139.2529,36.34872],[139.25288,36.34868],[139.25291,36.34856],[139.25293,36.34853],[139.25294,36.34849],[139.25295,36.34842],[139.25295,36.34837],[139.25295,36.34831],[139.25294,36.34818],[139.25291,36.34798],[139.2529,36.34783],[139.25287,36.34766],[139.25285,36.34754],[139.25282,36.3474],[139.25279,36.34728],[139.25276,36.34717],[139.25271,36.34702],[139.25269,36.34697],[139.25267,36.34691],[139.25262,36.3468],[139.25254,36.34667],[139.25243,36.34652],[139.25232,36.34637],[139.25227,36.34632],[139.25225,36.3463],[139.25223,36.34628],[139.25221,36.34627],[139.25219,36.34627],[139.25217,36.34627],[139.25214,36.34628],[139.25193,36.34638],[139.25189,36.3464],[139.25183,36.34643],[139.25181,36.34635],[139.25179,36.34631],[139.25178,36.34627],[139.25175,36.34624],[139.25172,36.34622],[139.25168,36.34621],[139.25164,36.34619],[139.25159,36.34618],[139.25152,36.34616],[139.25139,36.34614],[139.25134,36.34614],[139.25132,36.34614],[139.25123,36.34615],[139.25114,36.34616],[139.25108,36.34617],[139.25102,36.34617],[139.25089,36.34617],[139.25075,36.34616],[139.25069,36.34616],[139.25063,36.34616],[139.25021,36.34616],[139.25002,36.34615],[139.24986,36.34615],[139.2498,36.34615],[139.2498,36.34615],[139.2498,36.34613],[139.24976,36.34603],[139.24975,36.34599],[139.24971,36.34583],[139.24968,36.34563],[139.24928,36.34579],[139.24895,36.34594],[139.24882,36.346],[139.2485,36.34614],[139.2473,36.34668],[139.24668,36.34695],[139.24667,36.34696],[139.24536,36.34752],[139.24428,36.34797],[139.24426,36.34798],[139.24416,36.34802],[139.24328,36.34837],[139.2433,36.34846],[139.24331,36.34849],[139.24331,36.3485],[139.24332,36.34852],[139.24224,36.34897],[139.24133,36.34933],[139.24055,36.34962],[139.23928,36.35006],[139.239,36.35017],[139.239,36.35025],[139.23899,36.3503],[139.23894,36.3503],[139.23878,36.35032],[139.23831,36.35039],[139.2383,36.35039],[139.23827,36.35039],[139.23826,36.3504],[139.23819,36.35043],[139.23819,36.35044],[139.23817,36.35044],[139.23812,36.35045],[139.23807,36.35045],[139.23805,36.35046],[139.23794,36.35047],[139.23787,36.35048],[139.23784,36.35049],[139.23767,36.35051],[139.23755,36.35053],[139.23747,36.35055],[139.23737,36.35056],[139.23719,36.35058],[139.23706,36.35061],[139.23648,36.35077],[139.23645,36.35078],[139.23638,36.3508],[139.23613,36.35087],[139.23611,36.35088],[139.23591,36.35093],[139.2359,36.35091],[139.23577,36.35094],[139.2358,36.35109],[139.2358,36.3511],[139.2358,36.3511],[139.2358,36.35112],[139.2358,36.35114],[139.23579,36.35115],[139.23575,36.35117],[139.23574,36.35117],[139.23551,36.35123],[139.23544,36.35126],[139.23541,36.35127],[139.23535,36.35129],[139.23532,36.3513],[139.23531,36.3513],[139.23516,36.35132],[139.23502,36.35134],[139.23496,36.35136],[139.23477,36.35139],[139.23474,36.3514],[139.23467,36.35141],[139.23466,36.35139],[139.23463,36.35138],[139.23463,36.35134],[139.23459,36.35127],[139.23455,36.35118],[139.23331,36.35152],[139.23346,36.35164],[139.23346,36.35165],[139.23347,36.35166],[139.23347,36.35167],[139.23348,36.35168],[139.23352,36.35172],[139.23349,36.35171],[139.23357,36.35178],[139.23367,36.35186],[139.23392,36.35209],[139.23411,36.35225],[139.23431,36.35241],[139.23475,36.35275],[139.23496,36.35294],[139.23514,36.35306],[139.23526,36.35317],[139.23559,36.35343],[139.23602,36.35379],[139.23608,36.35377],[139.23616,36.35376],[139.2362,36.35376],[139.23625,36.35375],[139.23683,36.35362],[139.23691,36.3536],[139.23692,36.3536],[139.23693,36.3536],[139.23698,36.35358],[139.23715,36.35355],[139.23748,36.35347],[139.23753,36.35346],[139.2376,36.35345],[139.23783,36.3534],[139.23789,36.35338],[139.23804,36.35335],[139.23814,36.35333],[139.23825,36.3533],[139.23845,36.35325],[139.23858,36.35323],[139.23896,36.35314],[139.23911,36.35311],[139.23947,36.35303],[139.23959,36.353],[139.23971,36.35298],[139.23969,36.35305],[139.23966,36.35319],[139.23964,36.35323],[139.23943,36.35408],[139.23943,36.35409],[139.23943,36.35413],[139.23896,36.35493],[139.23865,36.35548],[139.23853,36.35569],[139.23852,36.35571],[139.23852,36.35572],[139.23852,36.35572],[139.23853,36.35573],[139.23854,36.35575],[139.23857,36.35577],[139.23867,36.35585],[139.23876,36.35591],[139.23883,36.35596],[139.23886,36.35598],[139.2389,36.356],[139.23891,36.35601],[139.23892,36.35602],[139.23894,36.35602],[139.23895,36.35602],[139.23904,36.35606],[139.23907,36.35608],[139.2391,36.35611],[139.23918,36.3562],[139.23922,36.35623],[139.23929,36.35629],[139.23928,36.35634],[139.23929,36.35636],[139.23946,36.35651],[139.23957,36.3566],[139.23968,36.35668],[139.23981,36.35679],[139.23993,36.35687],[139.24042,36.35721],[139.24044,36.35724],[139.24071,36.35743],[139.24078,36.35749],[139.24135,36.35794],[139.2417,36.35823],[139.24199,36.35847],[139.2423,36.35872],[139.24233,36.35874],[139.2425,36.35888],[139.24274,36.35907],[139.24349,36.3597],[139.24356,36.35975],[139.24424,36.36038],[139.24433,36.36047],[139.24446,36.36059],[139.24471,36.36081],[139.24476,36.36086],[139.24488,36.36095],[139.24508,36.36111],[139.24563,36.36154],[139.24632,36.36208],[139.24639,36.3621],[139.24647,36.36154],[139.24648,36.3615]],[[139.25032,36.32849],[139.25038,36.3285],[139.25048,36.32851],[139.25057,36.32851],[139.25066,36.3285],[139.25073,36.3285],[139.25082,36.32849],[139.25088,36.32848],[139.25091,36.32847],[139.25093,36.32847],[139.25088,36.32834],[139.25087,36.32832],[139.25087,36.32818],[139.25088,36.32796],[139.25087,36.32789],[139.25087,36.32783],[139.25086,36.32775],[139.25085,36.32766],[139.25081,36.32759],[139.25071,36.32747],[139.25069,36.32745],[139.25066,36.32738],[139.25065,36.32732],[139.25064,36.3272],[139.25061,36.32694],[139.25059,36.32658],[139.25058,36.3265],[139.25055,36.32608],[139.2505,36.32543],[139.25047,36.3254],[139.24954,36.32545],[139.24955,36.32561],[139.2496,36.32627],[139.2496,36.32629],[139.24962,36.3265],[139.24963,36.32657],[139.24977,36.32705],[139.24977,36.32716],[139.24976,36.32735],[139.24975,36.32748],[139.24974,36.32764],[139.24973,36.32769],[139.2496,36.32792],[139.24958,36.32797],[139.24952,36.32823],[139.2495,36.32832],[139.24952,36.32835],[139.24993,36.32843],[139.25015,36.32847],[139.25032,36.32849]],[[139.25523,36.33204],[139.25524,36.33199],[139.25525,36.33176],[139.25524,36.33162],[139.25521,36.33142],[139.25517,36.33109],[139.25512,36.33069],[139.25508,36.33028],[139.25507,36.33025],[139.25505,36.33015],[139.25513,36.33018],[139.25522,36.33017],[139.25529,36.33016],[139.2555,36.33013],[139.25561,36.3301],[139.25583,36.33007],[139.25612,36.33003],[139.25621,36.33001],[139.25626,36.32999],[139.25632,36.32996],[139.25636,36.32993],[139.25641,36.32984],[139.25644,36.32977],[139.25645,36.32971],[139.25645,36.32952],[139.25647,36.32934],[139.25647,36.32924],[139.25645,36.32907],[139.25641,36.32905],[139.25601,36.3291],[139.256,36.32899],[139.25597,36.32858],[139.25593,36.32836],[139.25591,36.3282],[139.25582,36.32781],[139.25571,36.32756],[139.25583,36.32752],[139.25589,36.32748],[139.25614,36.32729],[139.25629,36.32716],[139.25686,36.32665],[139.25733,36.32623],[139.25762,36.32598],[139.25799,36.32566],[139.25798,36.32563],[139.2576,36.32561],[139.25701,36.32554],[139.25651,36.32548],[139.25677,36.32645],[139.25659,36.32648],[139.25561,36.32664],[139.25553,36.32666],[139.25549,36.32667],[139.25455,36.32681],[139.25456,36.32684],[139.2545,36.32685],[139.25425,36.32691],[139.2543,36.32712],[139.25439,36.32721],[139.25436,36.32731],[139.25429,36.32744],[139.25427,36.32753],[139.25398,36.32749],[139.25395,36.32752],[139.25362,36.32748],[139.25362,36.32759],[139.25351,36.32781],[139.2535,36.3279],[139.25353,36.32801],[139.25352,36.32811],[139.25348,36.32828],[139.25348,36.32837],[139.2535,36.32843],[139.25365,36.32865],[139.25377,36.32889],[139.25379,36.3291],[139.2538,36.32926],[139.25375,36.32938],[139.25375,36.32973],[139.25378,36.33042],[139.25427,36.33042],[139.25434,36.33039],[139.25437,36.33051],[139.25438,36.33067],[139.2544,36.3309],[139.25451,36.33124],[139.25465,36.33167],[139.2547,36.33191],[139.2547,36.33207],[139.25497,36.33205],[139.25516,36.33204],[139.25523,36.33204]],[[139.25781,36.34267],[139.2579,36.34267],[139.25805,36.34267],[139.25808,36.34264],[139.25807,36.34192],[139.25806,36.34136],[139.25889,36.34136],[139.26048,36.34134],[139.26045,36.34112],[139.26039,36.34053],[139.26033,36.33989],[139.26031,36.33953],[139.26029,36.3394],[139.26026,36.33907],[139.26024,36.33876],[139.2602,36.33833],[139.26016,36.3382],[139.26009,36.33809],[139.25999,36.33801],[139.26017,36.33798],[139.26085,36.33788],[139.26127,36.33782],[139.26138,36.3378],[139.26142,36.33778],[139.26145,36.33757],[139.26151,36.33726],[139.26151,36.33726],[139.26151,36.33725],[139.26152,36.33721],[139.26153,36.3372],[139.26157,36.33693],[139.26158,36.33689],[139.26159,36.33687],[139.26159,36.33687],[139.2616,36.33686],[139.26162,36.33683],[139.26165,36.33679],[139.26165,36.33678],[139.26166,36.33677],[139.26167,36.33676],[139.26167,36.33674],[139.26167,36.33673],[139.26165,36.33643],[139.26165,36.33638],[139.26163,36.33619],[139.26163,36.33617],[139.26163,36.33615],[139.26163,36.33608],[139.26164,36.33604],[139.26166,36.33575],[139.26165,36.33573],[139.26156,36.33573],[139.26154,36.33573],[139.2615,36.33546],[139.26146,36.33508],[139.26148,36.33502],[139.26142,36.33477],[139.26138,36.33418],[139.26136,36.33397],[139.26135,36.33368],[139.26143,36.33345],[139.26164,36.33297],[139.26183,36.33297],[139.26188,36.33223],[139.26188,36.33219],[139.26179,36.33224],[139.26114,36.33264],[139.26085,36.33283],[139.2599,36.33354],[139.25982,36.3336],[139.25983,36.33342],[139.25983,36.33283],[139.25978,36.33282],[139.25952,36.33286],[139.2589,36.33294],[139.25887,36.33297],[139.25803,36.33276],[139.25801,36.33278],[139.25799,36.333],[139.25766,36.33299],[139.25765,36.3333],[139.25758,36.33334],[139.25753,36.3337],[139.25727,36.3337],[139.25709,36.33371],[139.25705,36.33392],[139.25698,36.33416],[139.25696,36.33431],[139.25671,36.33428],[139.25663,36.33427],[139.25649,36.33424],[139.25622,36.33415],[139.25617,36.33415],[139.2561,36.33413],[139.25602,36.33403],[139.25564,36.33391],[139.2556,36.33391],[139.25555,36.33424],[139.25554,36.33431],[139.25558,36.33472],[139.2556,36.3351],[139.25559,36.33514],[139.25561,36.33543],[139.25563,36.33564],[139.25575,36.33589],[139.25594,36.33618],[139.25602,36.33614],[139.25615,36.33599],[139.25631,36.336],[139.25639,36.33608],[139.25641,36.33627],[139.25643,36.33645],[139.25644,36.33657],[139.25645,36.33672],[139.25644,36.33689],[139.25644,36.33704],[139.25644,36.33713],[139.25646,36.3372],[139.25651,36.33736],[139.25654,36.33741],[139.25661,36.33741],[139.25707,36.33735],[139.25707,36.33746],[139.25704,36.33752],[139.25701,36.33759],[139.257,36.33764],[139.257,36.33767],[139.257,36.33774],[139.25703,36.33778],[139.25708,36.33778],[139.25715,36.33777],[139.2573,36.33776],[139.25738,36.33812],[139.2574,36.33824],[139.25741,36.33833],[139.25741,36.33844],[139.2574,36.33858],[139.25742,36.33865],[139.25743,36.33899],[139.25741,36.33914],[139.2574,36.33924],[139.2574,36.33935],[139.25739,36.33942],[139.25738,36.33951],[139.25739,36.3396],[139.2574,36.3397],[139.25742,36.33984],[139.25745,36.33989],[139.2574,36.33989],[139.257,36.33995],[139.25696,36.33998],[139.257,36.34018],[139.25705,36.34037],[139.25717,36.34096],[139.25735,36.34177],[139.25754,36.34271],[139.25773,36.34268],[139.25781,36.34267]],[[139.26105,36.3561],[139.26106,36.356],[139.26102,36.3559],[139.26099,36.35578],[139.26096,36.35574],[139.26104,36.35573],[139.26174,36.35557],[139.26181,36.35554],[139.26244,36.35557],[139.26265,36.35565],[139.26278,36.35569],[139.26327,36.35571],[139.26356,36.3558],[139.26371,36.35582],[139.26372,36.35579],[139.26342,36.35561],[139.26353,36.35552],[139.26359,36.35538],[139.26372,36.35482],[139.26385,36.35423],[139.26394,36.35393],[139.26399,36.35369],[139.26399,36.35351],[139.26394,36.3533],[139.26374,36.3524],[139.26366,36.35215],[139.26354,36.35203],[139.26333,36.35188],[139.26321,36.35181],[139.2631,36.35173],[139.263,36.35165],[139.26274,36.35135],[139.26251,36.35113],[139.26225,36.35091],[139.26197,36.35064],[139.26175,36.35043],[139.26154,36.35023],[139.2614,36.35008],[139.26141,36.35],[139.2612,36.3496],[139.26108,36.34934],[139.26098,36.34917],[139.26083,36.34892],[139.26065,36.3486],[139.26047,36.34827],[139.26035,36.34804],[139.26024,36.3478],[139.26015,36.3476],[139.26012,36.34754],[139.25998,36.3472],[139.2598,36.34673],[139.25971,36.34649],[139.25968,36.34637],[139.25966,36.34627],[139.25965,36.34618],[139.25964,36.34599],[139.25967,36.34585],[139.25973,36.34569],[139.25987,36.3455],[139.25996,36.34539],[139.25999,36.34525],[139.26002,36.34517],[139.26003,36.34507],[139.26003,36.34501],[139.26003,36.34487],[139.26003,36.34475],[139.26003,36.34472],[139.26003,36.34464],[139.26004,36.34449],[139.26004,36.3443],[139.26,36.34427],[139.25994,36.34426],[139.25984,36.34423],[139.25934,36.34418],[139.25887,36.34414],[139.25882,36.34414],[139.25851,36.34412],[139.25827,36.34412],[139.25807,36.34412],[139.25801,36.34413],[139.25763,36.34414],[139.257,36.34416],[139.25662,36.34415],[139.25602,36.3442],[139.25534,36.34427],[139.25459,36.34439],[139.25453,36.34448],[139.25466,36.34513],[139.25468,36.34525],[139.25464,36.34525],[139.2548,36.34608],[139.25505,36.34715],[139.25515,36.34765],[139.25532,36.34835],[139.25534,36.34845],[139.25539,36.34867],[139.25543,36.34888],[139.25557,36.34943],[139.25578,36.35034],[139.25582,36.35047],[139.25624,36.35075],[139.2568,36.35112],[139.25733,36.35146],[139.25762,36.35166],[139.25845,36.3522],[139.25976,36.35306],[139.26044,36.35352],[139.261,36.35388],[139.26088,36.35392],[139.26029,36.35401],[139.26026,36.35406],[139.26031,36.35475],[139.26038,36.35581],[139.26042,36.3565],[139.26098,36.35647],[139.26102,36.35624],[139.26105,36.3561]],[[139.24911,36.36663],[139.24915,36.36661],[139.24917,36.36658],[139.24929,36.36634],[139.24951,36.36595],[139.24957,36.36588],[139.24972,36.36567],[139.24983,36.36554],[139.24998,36.36539],[139.25024,36.36517],[139.2503,36.36511],[139.25036,36.36503],[139.25045,36.36489],[139.25054,36.36471],[139.25061,36.36454],[139.25066,36.36435],[139.25067,36.36418],[139.25068,36.3638],[139.25065,36.36338],[139.24839,36.36352],[139.24838,36.36352],[139.24817,36.36353],[139.24818,36.36356],[139.24885,36.36408],[139.2482,36.36413],[139.24674,36.36424],[139.24671,36.36426],[139.24677,36.36456],[139.24678,36.3647],[139.24661,36.36528],[139.24661,36.36532],[139.24678,36.36527],[139.24705,36.36519],[139.24728,36.36659],[139.24731,36.36683],[139.24735,36.36683],[139.2483,36.36673],[139.24911,36.36663]]]}},{"type":"Feature","properties":{"n":"田園居住地区"},"geometry":{"type":"Polygon","coordinates":[[[139.23411,36.36177],[139.23396,36.36183],[139.23326,36.36217],[139.23318,36.3622],[139.23306,36.36225],[139.23276,36.36235],[139.23272,36.36228],[139.23232,36.36152],[139.23229,36.36146],[139.23186,36.36061],[139.23181,36.36051],[139.23136,36.35963],[139.23131,36.35955],[139.23137,36.35952],[139.23152,36.35947],[139.23163,36.35942],[139.23228,36.35917],[139.23245,36.3591],[139.23279,36.35895],[139.23286,36.3589],[139.23297,36.35884],[139.23304,36.359],[139.2331,36.35918],[139.23312,36.35924],[139.23315,36.35933],[139.23318,36.35943],[139.23321,36.35956],[139.23333,36.35997],[139.23337,36.36012],[139.2334,36.36023],[139.23346,36.36046],[139.23352,36.3607],[139.23357,36.36087],[139.23362,36.36109],[139.23381,36.3618],[139.23409,36.36172],[139.23411,36.36177]]]}},{"type":"Feature","properties":{"n":"産業共生地区"},"geometry":{"type":"Polygon","coordinates":[[[139.27168,36.3716],[139.27164,36.3716],[139.27163,36.3716],[139.27148,36.37163],[139.27132,36.37167],[139.27129,36.37167],[139.27106,36.37171],[139.27083,36.37176],[139.27036,36.37164],[139.27036,36.37163],[139.27041,36.3715],[139.27046,36.37137],[139.27052,36.3712],[139.27058,36.37104],[139.2706,36.37098],[139.27071,36.37068],[139.27082,36.37038],[139.27086,36.37033],[139.27078,36.37032],[139.27023,36.37019],[139.26966,36.37005],[139.26964,36.37009],[139.26952,36.37037],[139.2694,36.37066],[139.26937,36.37075],[139.26932,36.37086],[139.26931,36.37089],[139.26926,36.37102],[139.26923,36.37108],[139.26922,36.37111],[139.26912,36.37133],[139.26912,36.37134],[139.26911,36.37134],[139.26909,36.37134],[139.26852,36.3712],[139.26837,36.37116],[139.26803,36.37108],[139.26802,36.37108],[139.26796,36.37106],[139.26744,36.37093],[139.26741,36.37092],[139.2674,36.37092],[139.2674,36.37091],[139.26735,36.37077],[139.26734,36.37074],[139.26733,36.3707],[139.26733,36.37051],[139.26731,36.37026],[139.2673,36.37017],[139.26729,36.37015],[139.2673,36.37007],[139.26731,36.36999],[139.26733,36.36991],[139.26732,36.36987],[139.26729,36.36971],[139.26725,36.3695],[139.26719,36.36922],[139.26716,36.36906],[139.26713,36.36889],[139.26708,36.36864],[139.26703,36.36838],[139.26699,36.36811],[139.26698,36.36806],[139.26694,36.36783],[139.26692,36.36774],[139.26691,36.36769],[139.2669,36.36765],[139.26689,36.36759],[139.26689,36.36757],[139.26688,36.36754],[139.26694,36.36753],[139.26734,36.36746],[139.26746,36.3673],[139.26734,36.36723],[139.2673,36.36719],[139.26725,36.36714],[139.2684,36.36696],[139.26874,36.36691],[139.26889,36.36689],[139.27027,36.36668],[139.27032,36.3669],[139.27036,36.36702],[139.27045,36.36742],[139.27052,36.36773],[139.27053,36.36777],[139.27053,36.36784],[139.27052,36.3679],[139.2705,36.36796],[139.27042,36.36815],[139.27059,36.36821],[139.2717,36.36847],[139.27201,36.36855],[139.27199,36.36862],[139.27311,36.36889],[139.27306,36.369],[139.27302,36.36911],[139.27296,36.36921],[139.27291,36.36932],[139.27286,36.36942],[139.27281,36.36953],[139.27277,36.36962],[139.27272,36.3697],[139.27268,36.36979],[139.27263,36.36988],[139.27258,36.36998],[139.27255,36.37004],[139.27251,36.37008],[139.27249,36.37011],[139.2724,36.37022],[139.27232,36.37033],[139.27222,36.37032],[139.27218,36.37038],[139.27212,36.37046],[139.2721,36.37049],[139.27203,36.37061],[139.27202,36.37063],[139.27205,36.37064],[139.27202,36.37069],[139.27196,36.3708],[139.2719,36.37091],[139.27186,36.37098],[139.27183,36.37103],[139.27182,36.37106],[139.27178,36.37117],[139.27175,36.37125],[139.27173,36.37133],[139.27171,36.37144],[139.27169,36.37156],[139.27168,36.3716]]]}},{"type":"Feature","properties":{"n":"産業共生地区"},"geometry":{"type":"Polygon","coordinates":[[[139.19839,36.36307],[139.19839,36.36312],[139.19836,36.36334],[139.19834,36.36347],[139.19835,36.36345],[139.19834,36.36358],[139.19833,36.36371],[139.19833,36.36384],[139.19833,36.36386],[139.19879,36.36403],[139.19897,36.36411],[139.19901,36.36413],[139.19903,36.36421],[139.19882,36.36455],[139.19865,36.36481],[139.19835,36.36527],[139.19835,36.36535],[139.19822,36.36604],[139.19821,36.36612],[139.19814,36.3665],[139.19804,36.36712],[139.198,36.36711],[139.19781,36.36711],[139.19772,36.3671],[139.19723,36.36709],[139.19704,36.36712],[139.19703,36.36716],[139.19701,36.36733],[139.19699,36.36743],[139.19699,36.36747],[139.19694,36.36773],[139.19692,36.36786],[139.19685,36.36791],[139.19673,36.36826],[139.19671,36.36831],[139.19667,36.36851],[139.19667,36.36853],[139.19666,36.36859],[139.19665,36.36867],[139.19664,36.36876],[139.19663,36.3688],[139.19663,36.36884],[139.19663,36.36892],[139.19663,36.36898],[139.19663,36.36905],[139.19661,36.36914],[139.1966,36.36924],[139.19658,36.36933],[139.19656,36.36948],[139.19654,36.36963],[139.19651,36.36984],[139.1965,36.36987],[139.19649,36.36994],[139.19647,36.37],[139.19646,36.37004],[139.19644,36.37009],[139.19629,36.37031],[139.19626,36.37036],[139.19601,36.37068],[139.19599,36.37071],[139.19593,36.37082],[139.19586,36.37091],[139.1958,36.371],[139.19569,36.37111],[139.1956,36.37118],[139.19513,36.37086],[139.19506,36.37079],[139.19494,36.37066],[139.19486,36.37056],[139.1948,36.37053],[139.19474,36.37052],[139.19442,36.3705],[139.19429,36.37048],[139.19422,36.37047],[139.19415,36.37045],[139.19403,36.37041],[139.19392,36.37036],[139.19375,36.37029],[139.19358,36.37022],[139.1935,36.37018],[139.19342,36.37014],[139.19337,36.3701],[139.19331,36.37005],[139.19309,36.36982],[139.1929,36.36962],[139.19285,36.36957],[139.19275,36.3695],[139.19273,36.36949],[139.19269,36.36946],[139.19264,36.3694],[139.19261,36.36933],[139.19259,36.36927],[139.19256,36.3692],[139.19253,36.36904],[139.19251,36.36899],[139.19251,36.36896],[139.19265,36.3682],[139.19255,36.36761],[139.19253,36.36752],[139.19254,36.36748],[139.19267,36.36735],[139.19278,36.36723],[139.19293,36.36709],[139.19297,36.36701],[139.19297,36.36699],[139.19308,36.36672],[139.19319,36.36644],[139.19326,36.36628],[139.19327,36.36626],[139.19334,36.36603],[139.19336,36.36599],[139.1934,36.36591],[139.19344,36.36583],[139.19347,36.36578],[139.19351,36.36571],[139.19354,36.36565],[139.19357,36.36559],[139.19367,36.36527],[139.19376,36.36498],[139.19403,36.36467],[139.19397,36.36461],[139.19386,36.36457],[139.19357,36.36447],[139.19353,36.36427],[139.19356,36.36416],[139.19371,36.36412],[139.19379,36.3641],[139.19386,36.36408],[139.19387,36.36408],[139.19396,36.36405],[139.19405,36.36403],[139.19409,36.36402],[139.19424,36.36397],[139.1944,36.36393],[139.19445,36.36391],[139.1945,36.36389],[139.19459,36.36386],[139.19463,36.36385],[139.19467,36.36383],[139.19472,36.36382],[139.19477,36.3638],[139.19481,36.36378],[139.19486,36.36377],[139.19488,36.36376],[139.1949,36.36375],[139.19492,36.36375],[139.19494,36.36374],[139.19496,36.36373],[139.19499,36.36373],[139.19501,36.36372],[139.19503,36.36371],[139.19505,36.36371],[139.19507,36.3637],[139.19511,36.36369],[139.19513,36.36369],[139.19516,36.36368],[139.19518,36.36368],[139.19524,36.36367],[139.19531,36.36366],[139.19537,36.36365],[139.19542,36.36364],[139.19547,36.36363],[139.19551,36.36363],[139.19556,36.36362],[139.19561,36.36362],[139.19567,36.36361],[139.19608,36.36358],[139.19649,36.36354],[139.19653,36.36354],[139.19663,36.36353],[139.19667,36.36352],[139.19669,36.36352],[139.19675,36.36351],[139.19691,36.36349],[139.19692,36.36349],[139.19693,36.36348],[139.19699,36.36346],[139.19705,36.36344],[139.19705,36.36344],[139.19717,36.36339],[139.1973,36.36333],[139.19741,36.36328],[139.19742,36.36327],[139.19744,36.36327],[139.19745,36.36326],[139.19748,36.36326],[139.19751,36.36325],[139.19762,36.36324],[139.19772,36.36322],[139.19777,36.36322],[139.19781,36.36321],[139.19783,36.36321],[139.19786,36.3632],[139.19788,36.3632],[139.19807,36.36315],[139.19826,36.36311],[139.1983,36.3631],[139.19839,36.36307]]]}},{"type":"Feature","properties":{"n":"産業共生地区"},"geometry":{"type":"Polygon","coordinates":[[[139.21366,36.3618],[139.21362,36.3618],[139.21352,36.36181],[139.21341,36.36181],[139.21324,36.36182],[139.213,36.36183],[139.2127,36.36186],[139.21249,36.36188],[139.21173,36.36196],[139.21105,36.36203],[139.21064,36.36207],[139.2103,36.3621],[139.21008,36.36211],[139.21009,36.36209],[139.21011,36.36198],[139.21014,36.36189],[139.21016,36.36182],[139.21019,36.36171],[139.21022,36.36162],[139.21025,36.36154],[139.21029,36.36145],[139.21033,36.36135],[139.21039,36.36124],[139.21046,36.3611],[139.21052,36.361],[139.21057,36.36093],[139.21064,36.36082],[139.21072,36.36071],[139.21079,36.36061],[139.21089,36.3605],[139.21099,36.36038],[139.21109,36.36026],[139.21113,36.36022],[139.21067,36.35993],[139.21062,36.3599],[139.21056,36.35984],[139.21054,36.35981],[139.2105,36.35972],[139.21046,36.3597],[139.21045,36.35969],[139.21045,36.35968],[139.21045,36.35967],[139.21045,36.35966],[139.21046,36.3596],[139.2105,36.3593],[139.21045,36.35929],[139.21044,36.35929],[139.21038,36.35928],[139.21034,36.35928],[139.21032,36.35928],[139.2103,36.35927],[139.21026,36.35926],[139.21024,36.35925],[139.21021,36.35924],[139.21015,36.3592],[139.20995,36.35906],[139.20984,36.35898],[139.20977,36.35894],[139.20968,36.3589],[139.2096,36.35888],[139.20951,36.35887],[139.20933,36.35884],[139.20927,36.35883],[139.20921,36.35884],[139.20916,36.3588],[139.2091,36.35868],[139.20903,36.35852],[139.209,36.35841],[139.20893,36.35826],[139.20885,36.3581],[139.20877,36.35793],[139.20871,36.35781],[139.20868,36.35782],[139.20865,36.35783],[139.20844,36.35791],[139.20841,36.35793],[139.20834,36.35797],[139.20822,36.35804],[139.20806,36.35818],[139.20803,36.3582],[139.20801,36.35821],[139.20793,36.3583],[139.20778,36.35841],[139.20761,36.35853],[139.20757,36.35855],[139.20723,36.35877],[139.207,36.35892],[139.20686,36.35901],[139.2068,36.35906],[139.20654,36.35932],[139.20644,36.35941],[139.20635,36.35947],[139.20629,36.3595],[139.20595,36.35964],[139.20585,36.35971],[139.20558,36.3599],[139.2051,36.36027],[139.20506,36.36031],[139.20461,36.36062],[139.2045,36.36069],[139.2041,36.36097],[139.20404,36.36101],[139.20371,36.36124],[139.20364,36.36122],[139.20333,36.35974],[139.20325,36.35975],[139.20232,36.35988],[139.20252,36.36092],[139.20251,36.36094],[139.20249,36.36095],[139.20247,36.36096],[139.20175,36.36107],[139.20162,36.36109],[139.20082,36.36119],[139.20068,36.36053],[139.20054,36.35988],[139.20052,36.35978],[139.20044,36.35937],[139.20035,36.35896],[139.20034,36.35894],[139.20084,36.35878],[139.20085,36.35874],[139.20095,36.35838],[139.20071,36.35844],[139.20084,36.35757],[139.20085,36.3575],[139.20104,36.35618],[139.20104,36.35615],[139.20162,36.35618],[139.2025,36.35621],[139.20377,36.35629],[139.20468,36.35633],[139.20536,36.35632],[139.20614,36.35631],[139.20629,36.35632],[139.2064,36.35634],[139.20654,36.35637],[139.2067,36.35643],[139.20676,36.35647],[139.20692,36.35677],[139.20723,36.35668],[139.20727,36.35667],[139.20756,36.3566],[139.20789,36.35651],[139.20809,36.35646],[139.20813,36.35645],[139.20818,36.35643],[139.20823,36.35642],[139.20828,36.3564],[139.20844,36.35635],[139.20855,36.35631],[139.20863,36.35628],[139.2088,36.35623],[139.20903,36.35616],[139.20927,36.3561],[139.20937,36.35606],[139.20946,36.35604],[139.20955,36.35601],[139.20976,36.356],[139.20996,36.35598],[139.21018,36.35597],[139.21024,36.35597],[139.21031,36.35596],[139.21036,36.35596],[139.21051,36.35595],[139.21064,36.35595],[139.2109,36.35593],[139.21097,36.35592],[139.21119,36.35591],[139.21141,36.35589],[139.21227,36.35583],[139.21227,36.35596],[139.21227,36.35604],[139.21226,36.35617],[139.21226,36.3563],[139.21224,36.35647],[139.21223,36.35665],[139.21222,36.35674],[139.21222,36.35689],[139.21223,36.35704],[139.21223,36.35712],[139.21222,36.3572],[139.21221,36.35729],[139.21221,36.35734],[139.21219,36.35745],[139.21218,36.35752],[139.21216,36.35762],[139.21212,36.35778],[139.21208,36.35792],[139.21205,36.35801],[139.212,36.35815],[139.21195,36.35826],[139.21192,36.35833],[139.21227,36.35844],[139.2122,36.35853],[139.21245,36.35849],[139.2125,36.35848],[139.21262,36.35846],[139.21265,36.35845],[139.21278,36.35843],[139.21298,36.3584],[139.21335,36.35844],[139.21368,36.35847],[139.21377,36.35856],[139.21384,36.35864],[139.21386,36.35866],[139.21386,36.35867],[139.21387,36.35869],[139.21389,36.35875],[139.21391,36.35882],[139.21391,36.35883],[139.21391,36.35888],[139.21391,36.35889],[139.21392,36.35898],[139.21393,36.35908],[139.21393,36.35912],[139.2139,36.35915],[139.21387,36.35919],[139.21386,36.35927],[139.21386,36.35938],[139.21385,36.35949],[139.21385,36.35955],[139.21384,36.35967],[139.21384,36.3598],[139.21384,36.35989],[139.21383,36.35995],[139.21384,36.36003],[139.21386,36.36011],[139.21388,36.36018],[139.2139,36.36024],[139.21395,36.36032],[139.21398,36.36037],[139.21402,36.36042],[139.21407,36.36049],[139.21411,36.36055],[139.21414,36.36061],[139.21414,36.36062],[139.2142,36.36072],[139.2141,36.361],[139.21405,36.36113],[139.21401,36.3612],[139.21396,36.3613],[139.21387,36.36145],[139.21366,36.3618],[139.21366,36.3618]]]}},{"type":"Feature","properties":{"n":"田園居住地区"},"geometry":{"type":"Polygon","coordinates":[[[139.20907,36.38447],[139.20911,36.38455],[139.2092,36.38466],[139.20923,36.38471],[139.20927,36.38476],[139.2093,36.3848],[139.20934,36.38485],[139.20938,36.3849],[139.20941,36.38494],[139.20945,36.38499],[139.20949,36.38504],[139.20953,36.38508],[139.20956,36.38513],[139.2096,36.38517],[139.20964,36.38522],[139.20968,36.38526],[139.20972,36.38531],[139.20976,36.38535],[139.2098,36.38539],[139.20984,36.38544],[139.20989,36.38548],[139.20993,36.38553],[139.20997,36.38557],[139.21001,36.38561],[139.21006,36.38565],[139.2101,36.3857],[139.21014,36.38574],[139.21019,36.38578],[139.21023,36.38582],[139.21028,36.38586],[139.21032,36.3859],[139.21037,36.38595],[139.21042,36.38599],[139.21046,36.38603],[139.21051,36.38607],[139.21056,36.38611],[139.2106,36.38615],[139.21065,36.38618],[139.2107,36.38622],[139.21075,36.38626],[139.2108,36.3863],[139.21085,36.38634],[139.2109,36.38638],[139.21095,36.38641],[139.211,36.38645],[139.21105,36.38649],[139.2111,36.38652],[139.21115,36.38656],[139.2112,36.3866],[139.21125,36.38663],[139.2113,36.38667],[139.21136,36.3867],[139.21141,36.38674],[139.21146,36.38677],[139.21152,36.38681],[139.21157,36.38684],[139.21162,36.38687],[139.21168,36.38691],[139.21173,36.38694],[139.21179,36.38697],[139.21184,36.387],[139.2119,36.38704],[139.21195,36.38707],[139.21201,36.3871],[139.21207,36.38713],[139.21212,36.38716],[139.21218,36.38719],[139.21224,36.38722],[139.2123,36.38725],[139.21235,36.38728],[139.21241,36.38731],[139.21247,36.38734],[139.21253,36.38737],[139.21259,36.38739],[139.21265,36.38742],[139.2127,36.38745],[139.21276,36.38747],[139.21282,36.3875],[139.21288,36.38753],[139.21294,36.38755],[139.213,36.38758],[139.21307,36.3876],[139.21313,36.38763],[139.21319,36.38765],[139.21325,36.38768],[139.21331,36.3877],[139.21337,36.38772],[139.21343,36.38775],[139.2135,36.38777],[139.21356,36.38779],[139.21362,36.38781],[139.21368,36.38784],[139.21375,36.38786],[139.21381,36.38788],[139.21387,36.3879],[139.21394,36.38792],[139.214,36.38794],[139.21406,36.38796],[139.21413,36.38798],[139.21419,36.38799],[139.21426,36.38801],[139.21432,36.38803],[139.21438,36.38805],[139.21445,36.38806],[139.21451,36.38808],[139.21458,36.3881],[139.21464,36.38811],[139.21471,36.38813],[139.21478,36.38814],[139.21484,36.38816],[139.21491,36.38817],[139.21497,36.38819],[139.21504,36.3882],[139.21511,36.38821],[139.21517,36.38823],[139.21524,36.38824],[139.2153,36.38825],[139.21536,36.38826],[139.21536,36.38826],[139.21536,36.38858],[139.21535,36.38905],[139.21534,36.38913],[139.21525,36.38943],[139.21525,36.38943],[139.21526,36.38944],[139.21527,36.38944],[139.21597,36.38947],[139.21601,36.38947],[139.21604,36.38948],[139.21614,36.38951],[139.21616,36.38951],[139.21617,36.38951],[139.21619,36.3895],[139.21629,36.38947],[139.21647,36.38939],[139.21697,36.38919],[139.21705,36.38916],[139.21713,36.38937],[139.21714,36.3894],[139.21714,36.38942],[139.21715,36.38944],[139.21723,36.38956],[139.21726,36.3896],[139.21729,36.38965],[139.21738,36.38981],[139.21741,36.38986],[139.21754,36.39008],[139.21767,36.39033],[139.21769,36.39036],[139.2177,36.39039],[139.21771,36.39043],[139.21772,36.39047],[139.21772,36.39048],[139.21775,36.3906],[139.21775,36.39064],[139.21776,36.39066],[139.21792,36.39104],[139.21793,36.39107],[139.21794,36.39111],[139.21798,36.39136],[139.21798,36.39136],[139.21787,36.39138],[139.21721,36.39152],[139.21632,36.39173],[139.216,36.39176],[139.21589,36.39176],[139.21598,36.39183],[139.21601,36.39186],[139.21604,36.39188],[139.21608,36.39192],[139.21618,36.39202],[139.21624,36.39208],[139.21631,36.39217],[139.21637,36.39226],[139.21642,36.39235],[139.21648,36.39245],[139.21658,36.39267],[139.21663,36.39277],[139.21664,36.3928],[139.21664,36.39282],[139.21663,36.39285],[139.21661,36.39294],[139.21656,36.3932],[139.21655,36.39323],[139.21655,36.39326],[139.21655,36.39328],[139.21656,36.39331],[139.21661,36.3934],[139.21658,36.39341],[139.21652,36.39344],[139.21652,36.39344],[139.21637,36.3934],[139.21634,36.3934],[139.21623,36.39341],[139.21571,36.39345],[139.21563,36.39345],[139.21556,36.39345],[139.21551,36.39344],[139.21547,36.39343],[139.21542,36.39342],[139.21537,36.3934],[139.21528,36.39337],[139.215,36.39325],[139.21443,36.39298],[139.21413,36.39285],[139.21395,36.39276],[139.21387,36.39274],[139.21381,36.39271],[139.21376,36.3927],[139.2137,36.39268],[139.21366,36.39267],[139.21362,36.39266],[139.21357,36.39265],[139.21352,36.39265],[139.21334,36.39263],[139.21317,36.39262],[139.21287,36.39259],[139.21257,36.39256],[139.2125,36.39256],[139.21245,36.39255],[139.2124,36.39254],[139.21235,36.39252],[139.21231,36.39251],[139.21227,36.39248],[139.21224,36.39247],[139.2122,36.39244],[139.21216,36.3924],[139.21213,36.39237],[139.2121,36.39234],[139.21206,36.39228],[139.21204,36.39225],[139.21201,36.3922],[139.21176,36.3917],[139.21174,36.39167],[139.21172,36.39164],[139.2117,36.39162],[139.21169,36.3916],[139.21166,36.39158],[139.21163,36.39156],[139.2116,36.39155],[139.2115,36.3915],[139.21117,36.39136],[139.21114,36.39135],[139.21104,36.39131],[139.21099,36.39129],[139.21095,36.39128],[139.21091,36.39127],[139.21086,36.39126],[139.21083,36.39126],[139.21078,36.39126],[139.21074,36.39126],[139.21046,36.39129],[139.21038,36.39129],[139.21032,36.39129],[139.21024,36.3913],[139.21016,36.39129],[139.2101,36.39129],[139.21007,36.39128],[139.21001,36.39128],[139.20946,36.39117],[139.20918,36.39112],[139.20885,36.39106],[139.20836,36.39097],[139.20787,36.39088],[139.20783,36.39087],[139.20781,36.39087],[139.20778,36.39087],[139.20776,36.39087],[139.20774,36.39088],[139.20772,36.39088],[139.20769,36.3909],[139.20766,36.39091],[139.20761,36.39085],[139.20752,36.3907],[139.20743,36.39042],[139.20734,36.39014],[139.20729,36.38981],[139.20727,36.3897],[139.2072,36.38925],[139.20714,36.38915],[139.20711,36.38908],[139.20709,36.389],[139.20709,36.38883],[139.2071,36.38856],[139.20709,36.3885],[139.20702,36.38827],[139.20696,36.38803],[139.20696,36.38798],[139.207,36.38767],[139.20697,36.38767],[139.20701,36.38747],[139.20718,36.38698],[139.20727,36.38684],[139.20729,36.38679],[139.2073,36.38676],[139.2073,36.38671],[139.20732,36.38658],[139.20621,36.38601],[139.20617,36.38601],[139.20593,36.38545],[139.20598,36.38547],[139.20715,36.38513],[139.20875,36.38467],[139.20878,36.38466],[139.20879,36.38465],[139.20885,36.38453],[139.20907,36.38447]]]}},{"type":"Feature","properties":{"n":"産業共生地区"},"geometry":{"type":"Polygon","coordinates":[[[139.22336,36.388],[139.22338,36.38804],[139.22339,36.3881],[139.2234,36.38813],[139.22339,36.38816],[139.22336,36.38827],[139.22332,36.38837],[139.2233,36.38842],[139.22319,36.38859],[139.22312,36.38868],[139.22304,36.38875],[139.22306,36.38876],[139.22274,36.38915],[139.22265,36.38927],[139.22252,36.38946],[139.22249,36.38951],[139.22247,36.38955],[139.22243,36.38967],[139.22238,36.38984],[139.22234,36.39001],[139.22231,36.39014],[139.22229,36.39035],[139.22228,36.3905],[139.22226,36.39099],[139.22226,36.39133],[139.22227,36.39166],[139.22226,36.39173],[139.22223,36.39183],[139.22218,36.39192],[139.22212,36.39201],[139.22205,36.39209],[139.22196,36.39217],[139.22191,36.3922],[139.22186,36.39223],[139.2217,36.39231],[139.22161,36.39235],[139.22149,36.39239],[139.22149,36.39241],[139.22137,36.39248],[139.22128,36.39254],[139.22122,36.3926],[139.2212,36.39263],[139.22115,36.39269],[139.22108,36.39282],[139.22104,36.39291],[139.22097,36.39308],[139.2209,36.39327],[139.22086,36.39335],[139.22074,36.3935],[139.22063,36.39361],[139.22054,36.39369],[139.22031,36.39381],[139.22012,36.39391],[139.22009,36.39392],[139.22001,36.39394],[139.21995,36.39397],[139.21969,36.3941],[139.2193,36.39432],[139.21895,36.39454],[139.21871,36.39468],[139.21858,36.39475],[139.21855,36.39476],[139.21816,36.39501],[139.218,36.39512],[139.21781,36.39526],[139.21767,36.39538],[139.21752,36.39553],[139.21734,36.39569],[139.2173,36.39572],[139.21726,36.39574],[139.21723,36.39576],[139.21721,36.39577],[139.21717,36.39581],[139.21704,36.39592],[139.21691,36.39604],[139.21682,36.39613],[139.21674,36.39623],[139.21664,36.39638],[139.21657,36.39647],[139.21652,36.39652],[139.21646,36.39658],[139.21636,36.39666],[139.21634,36.39669],[139.21631,36.39673],[139.21629,36.39678],[139.21627,36.39682],[139.21625,36.39686],[139.21623,36.39691],[139.21614,36.39709],[139.21611,36.39716],[139.21609,36.39721],[139.21603,36.39732],[139.21592,36.39751],[139.21586,36.39762],[139.21585,36.39765],[139.21584,36.39769],[139.21583,36.39773],[139.21581,36.39787],[139.21579,36.39797],[139.21577,36.39805],[139.21575,36.3981],[139.21575,36.39813],[139.21575,36.39819],[139.21575,36.39827],[139.21578,36.39837],[139.21579,36.39842],[139.21582,36.3985],[139.21585,36.39856],[139.2159,36.39866],[139.21593,36.3987],[139.21584,36.39865],[139.21571,36.39848],[139.21571,36.39836],[139.21572,36.39787],[139.2157,36.39782],[139.21569,36.39783],[139.21559,36.39793],[139.2154,36.39796],[139.21531,36.39799],[139.21524,36.39801],[139.21524,36.39796],[139.21523,36.39793],[139.21523,36.3979],[139.21521,36.39788],[139.21519,36.39785],[139.21518,36.39783],[139.21516,36.39781],[139.21515,36.3978],[139.21515,36.39778],[139.21515,36.39777],[139.21515,36.39775],[139.21516,36.3977],[139.21516,36.39768],[139.21516,36.39767],[139.21517,36.39765],[139.21517,36.39764],[139.21516,36.39763],[139.21514,36.39758],[139.21506,36.39738],[139.21504,36.39734],[139.21504,36.39731],[139.21503,36.39728],[139.21503,36.39724],[139.21503,36.39718],[139.21503,36.39713],[139.21504,36.3971],[139.21506,36.39693],[139.21507,36.39679],[139.21509,36.39666],[139.21509,36.39665],[139.21508,36.39664],[139.21508,36.39663],[139.21507,36.39663],[139.21492,36.39661],[139.21495,36.39655],[139.21496,36.39649],[139.21498,36.39636],[139.21502,36.3963],[139.21499,36.39625],[139.21492,36.3962],[139.21486,36.39616],[139.21483,36.39612],[139.21483,36.39611],[139.21483,36.39608],[139.21483,36.39606],[139.21484,36.39603],[139.21484,36.39601],[139.21486,36.39594],[139.21487,36.39592],[139.21486,36.3959],[139.21485,36.39586],[139.21484,36.39582],[139.21479,36.39569],[139.21478,36.39566],[139.21478,36.39563],[139.21478,36.39562],[139.21478,36.39556],[139.21478,36.39553],[139.21479,36.39548],[139.2148,36.39544],[139.21482,36.3954],[139.21484,36.39536],[139.21486,36.39533],[139.21486,36.39532],[139.2149,36.3953],[139.21495,36.39527],[139.21512,36.39519],[139.21514,36.39517],[139.21516,36.39516],[139.21534,36.39507],[139.21538,36.39506],[139.2154,36.39506],[139.21542,36.39505],[139.21548,36.39505],[139.21554,36.39505],[139.21556,36.39505],[139.21564,36.39505],[139.21577,36.39505],[139.21581,36.39505],[139.21582,36.39505],[139.21583,36.39504],[139.21583,36.39503],[139.21583,36.39502],[139.21582,36.39501],[139.21581,36.39499],[139.21578,36.39496],[139.21575,36.39493],[139.21574,36.39492],[139.21572,36.39491],[139.21569,36.3949],[139.21553,36.39486],[139.21541,36.39485],[139.21523,36.39483],[139.21516,36.39483],[139.21511,36.39484],[139.21506,36.39485],[139.215,36.39486],[139.21495,36.39488],[139.21486,36.39491],[139.21482,36.39493],[139.21478,36.39494],[139.21459,36.39499],[139.21449,36.39501],[139.21443,36.39502],[139.21437,36.39502],[139.21431,36.39502],[139.21426,36.39502],[139.21423,36.39502],[139.21417,36.395],[139.21411,36.39498],[139.21404,36.39495],[139.21394,36.3949],[139.21384,36.39485],[139.21377,36.39482],[139.21358,36.39475],[139.21348,36.39471],[139.21339,36.39467],[139.2133,36.39464],[139.21328,36.39463],[139.21327,36.39462],[139.21325,36.3946],[139.2132,36.39454],[139.21316,36.3945],[139.21306,36.3944],[139.21302,36.39435],[139.21288,36.39422],[139.21276,36.39413],[139.21274,36.39411],[139.2127,36.39408],[139.21264,36.39404],[139.21259,36.39402],[139.21257,36.39401],[139.21245,36.39395],[139.21237,36.3939],[139.21229,36.39385],[139.21228,36.39384],[139.21209,36.39373],[139.21183,36.39359],[139.21175,36.3936],[139.21163,36.39353],[139.21154,36.39326],[139.21141,36.39297],[139.21114,36.39266],[139.21087,36.3924],[139.21042,36.39198],[139.21023,36.39182],[139.21015,36.39177],[139.21012,36.39175],[139.20987,36.39167],[139.20965,36.39155],[139.20954,36.39148],[139.20952,36.39147],[139.2095,36.39145],[139.20947,36.39145],[139.2093,36.39143],[139.20924,36.39142],[139.20916,36.3914],[139.20909,36.39138],[139.20897,36.39134],[139.20852,36.39125],[139.2082,36.39121],[139.208,36.39108],[139.20777,36.39101],[139.20771,36.39095],[139.20766,36.39091],[139.20769,36.3909],[139.20772,36.39088],[139.20774,36.39088],[139.20776,36.39087],[139.20778,36.39087],[139.20781,36.39087],[139.20783,36.39087],[139.20787,36.39088],[139.20836,36.39097],[139.20885,36.39106],[139.20918,36.39112],[139.20946,36.39117],[139.21001,36.39128],[139.21007,36.39128],[139.2101,36.39129],[139.21016,36.39129],[139.21024,36.3913],[139.21032,36.39129],[139.21038,36.39129],[139.21046,36.39129],[139.21074,36.39126],[139.21078,36.39126],[139.21083,36.39126],[139.21086,36.39126],[139.21091,36.39127],[139.21095,36.39128],[139.21099,36.39129],[139.21104,36.39131],[139.21114,36.39135],[139.21117,36.39136],[139.2115,36.3915],[139.2116,36.39155],[139.21163,36.39156],[139.21166,36.39158],[139.21169,36.3916],[139.2117,36.39162],[139.21172,36.39164],[139.21174,36.39167],[139.21176,36.3917],[139.21201,36.3922],[139.21204,36.39225],[139.21206,36.39228],[139.2121,36.39234],[139.21213,36.39237],[139.21216,36.3924],[139.2122,36.39244],[139.21224,36.39247],[139.21227,36.39248],[139.21231,36.39251],[139.21235,36.39252],[139.2124,36.39254],[139.21245,36.39255],[139.2125,36.39256],[139.21257,36.39256],[139.21287,36.39259],[139.21317,36.39262],[139.21334,36.39263],[139.21352,36.39265],[139.21357,36.39265],[139.21362,36.39266],[139.21366,36.39267],[139.2137,36.39268],[139.21376,36.3927],[139.21381,36.39271],[139.21387,36.39274],[139.21395,36.39276],[139.21413,36.39285],[139.21443,36.39298],[139.215,36.39325],[139.21528,36.39337],[139.21537,36.3934],[139.21542,36.39342],[139.21547,36.39343],[139.21551,36.39344],[139.21556,36.39345],[139.21563,36.39345],[139.21571,36.39345],[139.21623,36.39341],[139.21634,36.3934],[139.21637,36.3934],[139.21652,36.39344],[139.21652,36.39344],[139.21658,36.39341],[139.21661,36.3934],[139.21656,36.39331],[139.21655,36.39328],[139.21655,36.39326],[139.21655,36.39323],[139.21656,36.3932],[139.21661,36.39294],[139.21663,36.39285],[139.21664,36.39282],[139.21664,36.3928],[139.21663,36.39277],[139.21658,36.39267],[139.21648,36.39245],[139.21642,36.39235],[139.21637,36.39226],[139.21631,36.39217],[139.21624,36.39208],[139.21618,36.39202],[139.21608,36.39192],[139.21604,36.39188],[139.21601,36.39186],[139.21598,36.39183],[139.21589,36.39176],[139.216,36.39176],[139.21632,36.39173],[139.21721,36.39152],[139.21787,36.39138],[139.21798,36.39136],[139.21798,36.39136],[139.21794,36.39111],[139.21793,36.39107],[139.21792,36.39104],[139.21776,36.39066],[139.21775,36.39064],[139.21775,36.3906],[139.21772,36.39048],[139.21772,36.39047],[139.21771,36.39043],[139.2177,36.39039],[139.21769,36.39036],[139.21767,36.39033],[139.21754,36.39008],[139.21741,36.38986],[139.21738,36.38981],[139.21729,36.38965],[139.21726,36.3896],[139.21723,36.38956],[139.21715,36.38944],[139.21714,36.38942],[139.21714,36.3894],[139.21713,36.38937],[139.21705,36.38916],[139.21697,36.38919],[139.21647,36.38939],[139.21629,36.38947],[139.21619,36.3895],[139.21617,36.38951],[139.21616,36.38951],[139.21614,36.38951],[139.21604,36.38948],[139.21601,36.38947],[139.21597,36.38947],[139.21527,36.38944],[139.21526,36.38944],[139.21525,36.38943],[139.21525,36.38943],[139.21534,36.38913],[139.21535,36.38905],[139.21536,36.38858],[139.21536,36.38826],[139.21536,36.38826],[139.21537,36.38807],[139.21537,36.38805],[139.21538,36.38803],[139.21549,36.38779],[139.21552,36.38777],[139.21585,36.38766],[139.21595,36.38763],[139.216,36.38761],[139.21604,36.38757],[139.21607,36.38754],[139.21609,36.38749],[139.21613,36.38736],[139.21619,36.38712],[139.21709,36.38674],[139.21727,36.38667],[139.21745,36.38747],[139.21751,36.38775],[139.21821,36.38764],[139.21826,36.38752],[139.2186,36.38746],[139.21861,36.38745],[139.21874,36.38743],[139.21895,36.38833],[139.21901,36.38857],[139.21909,36.38856],[139.2197,36.38847],[139.22032,36.38838],[139.22053,36.38835],[139.22114,36.38826],[139.22128,36.38824],[139.22185,36.38816],[139.22198,36.38814],[139.22212,36.38813],[139.22228,36.38811],[139.2226,36.38807],[139.22297,36.38804],[139.22306,36.38803],[139.22327,36.38801],[139.22335,36.388],[139.22336,36.388]]]}},{"type":"Feature","properties":{"n":"田園居住地区"},"geometry":{"type":"Polygon","coordinates":[[[139.22525,36.36122],[139.22535,36.3612],[139.22546,36.36117],[139.22586,36.36107],[139.22638,36.36094],[139.22666,36.36087],[139.22744,36.36068],[139.22752,36.36066],[139.22755,36.36065],[139.22759,36.36074],[139.22776,36.36105],[139.22798,36.36145],[139.22816,36.36178],[139.22818,36.36182],[139.22809,36.36185],[139.22749,36.36206],[139.22709,36.3622],[139.22707,36.36221],[139.22723,36.36251],[139.22752,36.36305],[139.22757,36.36316],[139.22773,36.36346],[139.22776,36.36352],[139.22816,36.36426],[139.22819,36.3643],[139.22821,36.3643],[139.22869,36.3642],[139.2296,36.36401],[139.22998,36.36393],[139.2302,36.36459],[139.23041,36.36518],[139.23095,36.365],[139.23181,36.36697],[139.23242,36.36835],[139.23182,36.36852],[139.23171,36.36855],[139.23104,36.36874],[139.23069,36.36884],[139.22954,36.36916],[139.22954,36.36921],[139.22956,36.3693],[139.22961,36.3694],[139.2298,36.36977],[139.23015,36.37059],[139.23021,36.37061],[139.23156,36.36982],[139.23168,36.37017],[139.2317,36.37026],[139.23172,36.37051],[139.2317,36.37107],[139.23205,36.37103],[139.23297,36.37095],[139.23302,36.37095],[139.23302,36.37101],[139.23306,36.37145],[139.2331,36.37207],[139.2331,36.37217],[139.23311,36.37231],[139.23311,36.37258],[139.23311,36.37266],[139.23313,36.37303],[139.23316,36.37408],[139.23316,36.37414],[139.23313,36.37414],[139.23314,36.37566],[139.23235,36.37574],[139.23108,36.37586],[139.2298,36.37598],[139.22974,36.37555],[139.22968,36.37519],[139.22962,36.37481],[139.22958,36.37448],[139.22873,36.37456],[139.22888,36.37424],[139.22891,36.3741],[139.22892,36.37402],[139.22891,36.37382],[139.2289,36.37372],[139.22889,36.37358],[139.22888,36.3735],[139.22886,36.37343],[139.22885,36.3734],[139.22884,36.37338],[139.22866,36.3729],[139.22864,36.37285],[139.22853,36.37258],[139.22844,36.37238],[139.22842,36.37233],[139.22836,36.37221],[139.22819,36.3719],[139.22803,36.37181],[139.22798,36.37178],[139.22793,36.37174],[139.22788,36.37171],[139.22776,36.37161],[139.22882,36.37129],[139.22895,36.37125],[139.2292,36.37118],[139.22934,36.37113],[139.2292,36.37091],[139.2291,36.37075],[139.22887,36.37038],[139.22879,36.37026],[139.22875,36.3702],[139.22869,36.37013],[139.22829,36.36967],[139.22822,36.36957],[139.22803,36.36935],[139.228,36.3693],[139.2279,36.36913],[139.22787,36.36909],[139.2277,36.36889],[139.22759,36.36876],[139.22746,36.36861],[139.22722,36.36836],[139.22717,36.36831],[139.22711,36.36823],[139.22681,36.36769],[139.22681,36.36769],[139.22667,36.36748],[139.22664,36.36745],[139.22658,36.36743],[139.2263,36.36733],[139.22623,36.3673],[139.22604,36.36721],[139.22581,36.36706],[139.22542,36.36679],[139.22536,36.36681],[139.22528,36.36674],[139.22532,36.36662],[139.22549,36.36628],[139.22549,36.36625],[139.22548,36.36623],[139.22546,36.36622],[139.22544,36.36621],[139.22522,36.36609],[139.22448,36.36573],[139.22428,36.36563],[139.22417,36.36557],[139.22413,36.36553],[139.22406,36.36546],[139.22386,36.36514],[139.22373,36.36491],[139.22371,36.36489],[139.22379,36.36486],[139.2242,36.36474],[139.22422,36.36469],[139.22406,36.36432],[139.22446,36.36417],[139.22456,36.36414],[139.22458,36.36414],[139.22473,36.36409],[139.22522,36.36389],[139.22531,36.36386],[139.22576,36.36371],[139.22589,36.36368],[139.22603,36.36365],[139.22609,36.36364],[139.22616,36.36361],[139.22638,36.36351],[139.22639,36.3635],[139.2264,36.36349],[139.2264,36.36347],[139.22614,36.36298],[139.22613,36.36295],[139.22604,36.36279],[139.22599,36.36271],[139.22577,36.3623],[139.22574,36.36224],[139.2255,36.36178],[139.22548,36.36176],[139.22529,36.36131],[139.22525,36.36122]]]}},{"type":"Feature","properties":{"n":"産業共生地区"},"geometry":{"type":"Polygon","coordinates":[[[139.25859,36.38822],[139.2581,36.38828],[139.25748,36.38835],[139.25695,36.38841],[139.2562,36.3885],[139.25565,36.38856],[139.25556,36.38856],[139.25483,36.38853],[139.25432,36.38852],[139.25429,36.38851],[139.2542,36.38851],[139.25263,36.38846],[139.2525,36.38846],[139.25084,36.3884],[139.25075,36.3884],[139.24994,36.38838],[139.24981,36.38838],[139.24957,36.38837],[139.24937,36.38835],[139.24932,36.38834],[139.24934,36.38821],[139.24936,36.38795],[139.24938,36.38787],[139.24938,36.38778],[139.24938,36.38768],[139.24938,36.38749],[139.24937,36.38732],[139.24936,36.38707],[139.24935,36.38684],[139.2493,36.38682],[139.24929,36.38648],[139.24928,36.38637],[139.24928,36.38634],[139.24926,36.38605],[139.24925,36.38595],[139.24925,36.38586],[139.24925,36.38579],[139.24926,36.38571],[139.24927,36.3856],[139.24928,36.3855],[139.24929,36.38542],[139.24931,36.38533],[139.24932,36.38525],[139.24934,36.38515],[139.24938,36.385],[139.24942,36.38484],[139.24942,36.38479],[139.24945,36.38466],[139.24947,36.38453],[139.24948,36.38444],[139.24949,36.38434],[139.2495,36.38428],[139.24951,36.38422],[139.24951,36.38418],[139.24951,36.38413],[139.24951,36.38403],[139.24951,36.38394],[139.24951,36.38348],[139.2495,36.38301],[139.2495,36.38286],[139.2495,36.38272],[139.24949,36.38266],[139.24948,36.38261],[139.24946,36.38253],[139.24943,36.38242],[139.24942,36.38238],[139.2494,36.38234],[139.24929,36.38212],[139.24918,36.3819],[139.24919,36.38189],[139.24914,36.38169],[139.24912,36.38159],[139.24909,36.38149],[139.24907,36.38135],[139.24905,36.38114],[139.24905,36.38096],[139.24905,36.38075],[139.24906,36.38051],[139.24908,36.3803],[139.24909,36.38023],[139.2491,36.38017],[139.24911,36.38013],[139.2491,36.38004],[139.24909,36.38001],[139.2491,36.37992],[139.24909,36.37989],[139.24909,36.37985],[139.24909,36.37973],[139.24908,36.37954],[139.24923,36.37958],[139.24929,36.3796],[139.24933,36.37961],[139.2494,36.37964],[139.24947,36.37966],[139.25005,36.37982],[139.25019,36.37986],[139.25024,36.37987],[139.25119,36.38013],[139.25127,36.38015],[139.25189,36.38032],[139.25242,36.38047],[139.25296,36.38062],[139.25306,36.38065],[139.25327,36.38071],[139.25349,36.38077],[139.25375,36.38084],[139.25402,36.38092],[139.25432,36.381],[139.25462,36.38109],[139.25467,36.3811],[139.25502,36.3812],[139.25536,36.38129],[139.25575,36.38141],[139.25613,36.38152],[139.25617,36.38152],[139.25639,36.38159],[139.25662,36.38165],[139.25694,36.38174],[139.25726,36.38182],[139.25727,36.382],[139.25728,36.38207],[139.25729,36.38216],[139.25729,36.38229],[139.2573,36.3824],[139.25733,36.38265],[139.25734,36.38274],[139.25737,36.38285],[139.2574,36.38297],[139.25741,36.38307],[139.25745,36.38321],[139.25749,36.38336],[139.25752,36.38345],[139.25755,36.38355],[139.25757,36.38361],[139.25763,36.38382],[139.2577,36.38403],[139.25772,36.3841],[139.25773,36.3842],[139.25774,36.38429],[139.25775,36.38439],[139.25776,36.38449],[139.25777,36.38466],[139.25777,36.38486],[139.25778,36.38506],[139.25779,36.3854],[139.25781,36.38563],[139.25783,36.38577],[139.25785,36.38585],[139.25786,36.38591],[139.25789,36.38601],[139.25791,36.38609],[139.25793,36.38615],[139.25804,36.38651],[139.25813,36.38658],[139.25827,36.38675],[139.25834,36.38687],[139.2584,36.38697],[139.25846,36.38709],[139.25846,36.3871],[139.2585,36.38722],[139.25855,36.38734],[139.25855,36.38738],[139.25856,36.38742],[139.25858,36.38746],[139.25858,36.38753],[139.25859,36.38756],[139.25859,36.3876],[139.25859,36.38767],[139.25859,36.38774],[139.25859,36.38792],[139.25859,36.38797],[139.25859,36.3881],[139.25859,36.3882],[139.25859,36.38822]]]}},{"type":"Feature","properties":{"n":"田園居住地区"},"geometry":{"type":"Polygon","coordinates":[[[139.21227,36.35844],[139.21192,36.35833],[139.21195,36.35826],[139.212,36.35815],[139.21205,36.35801],[139.21208,36.35792],[139.21212,36.35778],[139.21216,36.35762],[139.21218,36.35752],[139.21219,36.35745],[139.21221,36.35734],[139.21221,36.35729],[139.21222,36.3572],[139.21223,36.35712],[139.21223,36.35704],[139.21222,36.35689],[139.21222,36.35674],[139.21223,36.35665],[139.21224,36.35647],[139.21226,36.3563],[139.21226,36.35617],[139.21227,36.35604],[139.21227,36.35596],[139.21227,36.35583],[139.21141,36.35589],[139.21119,36.35591],[139.21097,36.35592],[139.2109,36.35593],[139.21064,36.35595],[139.21051,36.35595],[139.21036,36.35596],[139.21031,36.35596],[139.21024,36.35597],[139.21018,36.35597],[139.20996,36.35598],[139.20976,36.356],[139.20955,36.35601],[139.20946,36.35604],[139.20937,36.35606],[139.20927,36.3561],[139.20903,36.35616],[139.2088,36.35623],[139.20863,36.35628],[139.20855,36.35631],[139.20844,36.35635],[139.20828,36.3564],[139.20823,36.35642],[139.20818,36.35643],[139.20813,36.35645],[139.20809,36.35646],[139.20789,36.35651],[139.20756,36.3566],[139.20727,36.35667],[139.20723,36.35668],[139.20692,36.35677],[139.20676,36.35647],[139.2067,36.35643],[139.20654,36.35637],[139.2064,36.35634],[139.20629,36.35632],[139.20614,36.35631],[139.20536,36.35632],[139.20468,36.35633],[139.20377,36.35629],[139.2025,36.35621],[139.20162,36.35618],[139.20104,36.35615],[139.20112,36.3556],[139.20115,36.35535],[139.20204,36.35543],[139.20219,36.35434],[139.20238,36.35304],[139.2024,36.35292],[139.20245,36.35254],[139.20246,36.35244],[139.20247,36.35234],[139.20266,36.35103],[139.20283,36.34984],[139.20293,36.34929],[139.20318,36.34748],[139.20412,36.34757],[139.20414,36.34757],[139.20414,36.34757],[139.20415,36.34757],[139.20416,36.34756],[139.20416,36.34755],[139.20417,36.34755],[139.20417,36.34754],[139.20417,36.3475],[139.20417,36.34748],[139.20417,36.34746],[139.20416,36.34742],[139.20414,36.34736],[139.20478,36.34727],[139.20476,36.34719],[139.20497,36.34717],[139.20541,36.34702],[139.20562,36.34737],[139.20606,36.34764],[139.20618,36.34804],[139.20632,36.34834],[139.20666,36.34855],[139.20678,36.34861],[139.20769,36.34889],[139.20797,36.34894],[139.20851,36.34905],[139.2088,36.34914],[139.20893,36.34928],[139.20902,36.34938],[139.20903,36.34946],[139.20903,36.34974],[139.209,36.3499],[139.20897,36.34996],[139.20899,36.35005],[139.20922,36.35048],[139.20941,36.35048],[139.20948,36.3505],[139.20952,36.35056],[139.20958,36.35074],[139.2097,36.35113],[139.20971,36.3513],[139.20984,36.35148],[139.20998,36.35156],[139.21017,36.35164],[139.21032,36.3517],[139.21068,36.35203],[139.21082,36.35231],[139.21091,36.35252],[139.21093,36.35262],[139.21086,36.3529],[139.21085,36.353],[139.21089,36.35305],[139.21095,36.35313],[139.21106,36.35322],[139.21139,36.35337],[139.21145,36.3534],[139.21172,36.35358],[139.21188,36.35378],[139.21215,36.35409],[139.21234,36.35436],[139.21242,36.35462],[139.21242,36.35481],[139.21223,36.35523],[139.21222,36.35561],[139.21254,36.35614],[139.2126,36.35637],[139.2126,36.3566],[139.21266,36.35673],[139.21267,36.35678],[139.21257,36.35725],[139.21252,36.35758],[139.21262,36.35794],[139.21249,36.35818],[139.21238,36.35828],[139.21227,36.35844]]]}},{"type":"Feature","properties":{"n":"産業共生地区"},"geometry":{"type":"Polygon","coordinates":[[[139.25567,36.36934],[139.25567,36.36934],[139.25582,36.36944],[139.25597,36.36953],[139.25616,36.36965],[139.25624,36.3697],[139.25643,36.36982],[139.25662,36.36994],[139.25664,36.36995],[139.25697,36.37017],[139.2573,36.37038],[139.25747,36.37049],[139.25768,36.37063],[139.25769,36.37064],[139.25787,36.37075],[139.25791,36.37078],[139.25794,36.3708],[139.2581,36.3709],[139.25836,36.37107],[139.25841,36.3711],[139.25845,36.37112],[139.25852,36.37116],[139.25873,36.3713],[139.25892,36.37142],[139.25912,36.37155],[139.2593,36.37166],[139.2595,36.37178],[139.25954,36.37181],[139.25974,36.37194],[139.25985,36.37201],[139.25985,36.37202],[139.2599,36.37204],[139.25994,36.37207],[139.25998,36.3721],[139.26003,36.37213],[139.26007,36.37216],[139.26011,36.37219],[139.26016,36.37221],[139.2602,36.37224],[139.26024,36.37227],[139.26029,36.3723],[139.26033,36.37233],[139.26034,36.37234],[139.26037,36.37236],[139.26041,36.37239],[139.26044,36.37241],[139.26053,36.37247],[139.26059,36.3725],[139.26063,36.37253],[139.26068,36.37256],[139.2607,36.37257],[139.26072,36.37258],[139.26077,36.37261],[139.26081,36.37264],[139.26086,36.37266],[139.2609,36.37269],[139.26094,36.37272],[139.26099,36.37275],[139.26099,36.37275],[139.26103,36.37278],[139.26107,36.3728],[139.26108,36.37281],[139.2611,36.37282],[139.26112,36.37283],[139.26122,36.3729],[139.26129,36.37294],[139.26134,36.37297],[139.26136,36.37299],[139.26138,36.373],[139.26142,36.37303],[139.26147,36.37306],[139.26152,36.37309],[139.26156,36.37312],[139.26157,36.37313],[139.26164,36.37317],[139.26168,36.3732],[139.26172,36.37323],[139.26177,36.37326],[139.26181,36.37328],[139.26183,36.3733],[139.26186,36.37331],[139.2619,36.37334],[139.26203,36.37342],[139.26207,36.37345],[139.26211,36.37347],[139.26212,36.37348],[139.26216,36.37351],[139.26217,36.37352],[139.2622,36.37354],[139.26225,36.37356],[139.26225,36.37357],[139.26229,36.37359],[139.26233,36.37361],[139.26235,36.37363],[139.26238,36.37365],[139.26242,36.37368],[139.26244,36.37369],[139.26247,36.3737],[139.26251,36.37373],[139.26253,36.37375],[139.26254,36.37375],[139.26255,36.37376],[139.2626,36.37379],[139.26261,36.3738],[139.26264,36.37382],[139.26269,36.37385],[139.26269,36.37385],[139.2627,36.37386],[139.26271,36.37387],[139.26277,36.3739],[139.26281,36.37393],[139.26286,36.37396],[139.26292,36.374],[139.26304,36.37408],[139.26337,36.3743],[139.26341,36.37432],[139.26345,36.37434],[139.26348,36.37437],[139.26352,36.37439],[139.2636,36.37444],[139.26368,36.37449],[139.26379,36.37457],[139.26391,36.37465],[139.26398,36.37469],[139.26398,36.37469],[139.26394,36.37471],[139.26393,36.37471],[139.26392,36.37472],[139.26376,36.37476],[139.26359,36.3748],[139.26354,36.37481],[139.26348,36.37482],[139.26341,36.37484],[139.26332,36.37485],[139.26323,36.37486],[139.26319,36.37487],[139.26315,36.37487],[139.26313,36.37487],[139.26311,36.37487],[139.26308,36.37487],[139.26305,36.37487],[139.26303,36.37487],[139.26295,36.37486],[139.26286,36.37485],[139.26255,36.37483],[139.26235,36.37481],[139.26191,36.37478],[139.26174,36.37477],[139.26132,36.37474],[139.26074,36.3747],[139.26016,36.37465],[139.25987,36.37464],[139.25981,36.37464],[139.25981,36.37467],[139.25982,36.37468],[139.25982,36.37486],[139.25983,36.37503],[139.25983,36.37513],[139.25982,36.37523],[139.25981,36.37536],[139.25979,36.37551],[139.25974,36.37568],[139.25973,36.37573],[139.25971,36.37584],[139.2597,36.37595],[139.25967,36.3761],[139.25964,36.37625],[139.25962,36.37641],[139.2596,36.37656],[139.25958,36.37665],[139.25955,36.37681],[139.25955,36.37682],[139.25954,36.37694],[139.25951,36.37711],[139.25951,36.37712],[139.2595,36.37714],[139.25949,36.37714],[139.25949,36.37717],[139.25944,36.3775],[139.25942,36.37763],[139.25937,36.37791],[139.25933,36.3781],[139.25929,36.37831],[139.25923,36.37869],[139.25919,36.37888],[139.25918,36.37889],[139.25917,36.3789],[139.25914,36.3789],[139.25864,36.37887],[139.25783,36.37884],[139.2574,36.37882],[139.25723,36.3788],[139.25722,36.3788],[139.25702,36.37878],[139.25682,36.37876],[139.25658,36.37872],[139.25648,36.3787],[139.25635,36.37868],[139.25621,36.37866],[139.2562,36.37866],[139.25614,36.37866],[139.25613,36.37866],[139.25601,36.37865],[139.2559,36.37864],[139.25584,36.37863],[139.2558,36.37859],[139.25585,36.37825],[139.25585,36.37821],[139.25585,36.37819],[139.25585,36.37817],[139.25585,36.37814],[139.25584,36.3781],[139.25583,36.37808],[139.25582,36.37806],[139.25567,36.37781],[139.25552,36.37756],[139.25545,36.37743],[139.25544,36.3774],[139.25541,36.37731],[139.25538,36.3773],[139.25536,36.37719],[139.25533,36.37711],[139.25532,36.37707],[139.25525,36.37687],[139.25524,36.37685],[139.25515,36.37677],[139.25504,36.37678],[139.2549,36.3768],[139.25457,36.37684],[139.25432,36.37688],[139.25431,36.37688],[139.25428,36.37689],[139.25424,36.3769],[139.25414,36.37694],[139.25388,36.37703],[139.25378,36.37705],[139.25378,36.37705],[139.25322,36.37713],[139.25319,36.37714],[139.25318,36.37714],[139.25316,36.37714],[139.25315,36.37713],[139.25305,36.37705],[139.25302,36.37702],[139.25299,36.37699],[139.25297,36.37696],[139.25292,36.3769],[139.25287,36.37681],[139.25283,36.37673],[139.2528,36.37667],[139.25278,36.37663],[139.2528,36.37657],[139.25283,36.37647],[139.25272,36.37603],[139.25271,36.37598],[139.25262,36.37563],[139.25258,36.37564],[139.25248,36.37566],[139.25238,36.37568],[139.25234,36.37569],[139.25222,36.37571],[139.25211,36.37573],[139.25193,36.37576],[139.25189,36.37576],[139.25187,36.37576],[139.25184,36.37576],[139.25177,36.37575],[139.25167,36.37574],[139.25163,36.37574],[139.25159,36.37574],[139.25153,36.37575],[139.2514,36.37576],[139.25135,36.37576],[139.25109,36.37578],[139.25085,36.3758],[139.25074,36.37581],[139.25038,36.37584],[139.2498,36.37587],[139.24931,36.3759],[139.24921,36.37591],[139.2492,36.37586],[139.24912,36.37503],[139.24911,36.37493],[139.24909,36.37472],[139.24901,36.37394],[139.24899,36.37378],[139.24897,36.37368],[139.2489,36.37288],[139.2489,36.37287],[139.2489,36.37285],[139.24891,36.37284],[139.24892,36.37283],[139.2491,36.37273],[139.24919,36.37268],[139.24942,36.37254],[139.24953,36.37248],[139.24962,36.37243],[139.24996,36.37224],[139.25003,36.37221],[139.25033,36.37208],[139.25068,36.3719],[139.25077,36.37186],[139.25085,36.37181],[139.25096,36.37174],[139.2512,36.37159],[139.25153,36.37139],[139.25155,36.37138],[139.25165,36.37132],[139.25167,36.3713],[139.25202,36.3711],[139.25241,36.37086],[139.25264,36.37073],[139.25272,36.37067],[139.25301,36.37045],[139.25337,36.37016],[139.25349,36.37007],[139.25371,36.36991],[139.25382,36.36983],[139.25383,36.36982],[139.25384,36.36982],[139.25386,36.36981],[139.25389,36.36979],[139.25394,36.36977],[139.25398,36.36975],[139.25402,36.36974],[139.25412,36.3697],[139.25421,36.36968],[139.2546,36.36958],[139.25465,36.36956],[139.2547,36.36955],[139.25474,36.36953],[139.25478,36.3695],[139.25481,36.36948],[139.25545,36.36938],[139.25567,36.36934]]]}},{"type":"Feature","properties":{"n":"居住環境保全地区"},"geometry":{"type":"Polygon","coordinates":[[[139.21959,36.36942],[139.21903,36.36958],[139.21897,36.36961],[139.21891,36.36963],[139.21874,36.36972],[139.21865,36.36977],[139.21873,36.3699],[139.21858,36.37004],[139.21855,36.37006],[139.21852,36.37008],[139.21849,36.3701],[139.21846,36.37011],[139.21845,36.37011],[139.21837,36.37013],[139.21836,36.37014],[139.21826,36.37017],[139.21816,36.3702],[139.21777,36.37031],[139.21757,36.37037],[139.21756,36.37037],[139.21755,36.37037],[139.21755,36.37036],[139.21754,36.37036],[139.21743,36.37018],[139.21731,36.37001],[139.21727,36.36995],[139.21708,36.36965],[139.21688,36.36935],[139.21683,36.36928],[139.21682,36.36926],[139.21674,36.36912],[139.21649,36.36858],[139.21646,36.36851],[139.21623,36.36805],[139.21619,36.36796],[139.21555,36.36824],[139.21528,36.36836],[139.21524,36.36835],[139.21497,36.36794],[139.21496,36.36793],[139.21495,36.36791],[139.21464,36.36744],[139.21461,36.36741],[139.21413,36.36668],[139.21364,36.36595],[139.21443,36.36561],[139.21445,36.3656],[139.21446,36.3656],[139.21432,36.3654],[139.21424,36.36529],[139.21423,36.36527],[139.21422,36.36525],[139.21422,36.36523],[139.21422,36.36521],[139.21423,36.36519],[139.21423,36.36517],[139.21422,36.36505],[139.21421,36.36494],[139.2142,36.36493],[139.21419,36.36489],[139.21417,36.3647],[139.21415,36.36451],[139.21413,36.36434],[139.21411,36.36417],[139.21414,36.36406],[139.21416,36.36394],[139.2141,36.36387],[139.2141,36.3638],[139.21411,36.36372],[139.21411,36.36366],[139.21419,36.36342],[139.21423,36.36314],[139.21422,36.36307],[139.21421,36.36294],[139.21421,36.36268],[139.21421,36.36266],[139.21421,36.36266],[139.2142,36.36265],[139.21419,36.36264],[139.21393,36.36259],[139.21378,36.36256],[139.21374,36.36254],[139.21369,36.36252],[139.21363,36.36249],[139.21359,36.36247],[139.21355,36.36243],[139.21351,36.3624],[139.21349,36.36237],[139.21346,36.36233],[139.21343,36.36226],[139.21341,36.36219],[139.21342,36.36218],[139.2136,36.36187],[139.21361,36.36186],[139.21366,36.3618],[139.21366,36.3618],[139.21387,36.36145],[139.21396,36.3613],[139.21401,36.3612],[139.21405,36.36113],[139.2141,36.361],[139.2142,36.36072],[139.21414,36.36062],[139.21414,36.36061],[139.21411,36.36055],[139.21407,36.36049],[139.21402,36.36042],[139.21398,36.36037],[139.21395,36.36032],[139.2139,36.36024],[139.21388,36.36018],[139.21386,36.36011],[139.21384,36.36003],[139.21383,36.35995],[139.21384,36.35989],[139.21384,36.3598],[139.21384,36.35967],[139.21385,36.35955],[139.21385,36.35949],[139.21386,36.35938],[139.21386,36.35927],[139.21387,36.35919],[139.2139,36.35915],[139.21393,36.35912],[139.21393,36.35908],[139.21392,36.35898],[139.21391,36.35889],[139.21391,36.35888],[139.21391,36.35883],[139.21391,36.35882],[139.21389,36.35875],[139.21387,36.35869],[139.21386,36.35867],[139.21386,36.35866],[139.21384,36.35864],[139.21377,36.35856],[139.21368,36.35847],[139.21372,36.35848],[139.21377,36.35851],[139.21377,36.35851],[139.21399,36.35862],[139.21421,36.35873],[139.21437,36.35876],[139.21453,36.3588],[139.21506,36.35879],[139.21539,36.35879],[139.21559,36.35878],[139.21564,36.35878],[139.2157,36.35878],[139.21587,36.35876],[139.21601,36.35873],[139.21614,36.35869],[139.21629,36.35867],[139.21651,36.35865],[139.2168,36.35862],[139.21701,36.35861],[139.21723,36.35859],[139.21724,36.35859],[139.21731,36.35859],[139.21754,36.35858],[139.21777,36.35858],[139.218,36.35859],[139.21822,36.35856],[139.21833,36.35854],[139.21847,36.35852],[139.21855,36.3585],[139.2188,36.35845],[139.21896,36.35842],[139.21951,36.35831],[139.21966,36.35828],[139.2197,36.35827],[139.22006,36.3582],[139.22045,36.35812],[139.22075,36.35806],[139.22081,36.35804],[139.22084,36.35804],[139.2211,36.35799],[139.22114,36.35808],[139.22159,36.359],[139.22195,36.3597],[139.22198,36.35977],[139.22242,36.36064],[139.22243,36.36065],[139.22244,36.36065],[139.22246,36.36064],[139.22288,36.36052],[139.22295,36.3605],[139.22297,36.36059],[139.22299,36.3607],[139.22301,36.36082],[139.22304,36.36094],[139.22306,36.36107],[139.22309,36.36118],[139.22311,36.36129],[139.22313,36.36135],[139.22316,36.36142],[139.22316,36.36144],[139.2232,36.36151],[139.22323,36.36157],[139.22323,36.36159],[139.22326,36.36163],[139.22328,36.36167],[139.22329,36.36169],[139.22332,36.36174],[139.22336,36.36181],[139.22338,36.36183],[139.22339,36.36185],[139.2234,36.36186],[139.2235,36.36181],[139.22357,36.36178],[139.22361,36.36176],[139.22363,36.36175],[139.22367,36.36173],[139.22374,36.3617],[139.22381,36.36167],[139.22389,36.36164],[139.22394,36.36162],[139.22398,36.3616],[139.22403,36.36157],[139.22408,36.36155],[139.22412,36.36154],[139.22415,36.36153],[139.22416,36.36152],[139.22426,36.36149],[139.22432,36.36147],[139.22438,36.36145],[139.22449,36.36142],[139.2246,36.36139],[139.22466,36.36138],[139.22471,36.36136],[139.22492,36.36131],[139.22512,36.36126],[139.2252,36.36124],[139.22525,36.36122],[139.22529,36.36131],[139.22548,36.36176],[139.2255,36.36178],[139.22574,36.36224],[139.22577,36.3623],[139.22599,36.36271],[139.22604,36.36279],[139.22613,36.36295],[139.22614,36.36298],[139.2264,36.36347],[139.2264,36.36349],[139.22639,36.3635],[139.22638,36.36351],[139.22616,36.36361],[139.22609,36.36364],[139.22603,36.36365],[139.22589,36.36368],[139.22576,36.36371],[139.22531,36.36386],[139.22522,36.36389],[139.22473,36.36409],[139.22458,36.36414],[139.22456,36.36414],[139.22446,36.36417],[139.22406,36.36432],[139.22422,36.36469],[139.2242,36.36474],[139.22379,36.36486],[139.22371,36.36489],[139.22373,36.36491],[139.2233,36.36508],[139.22321,36.36511],[139.22311,36.36515],[139.22299,36.3652],[139.22278,36.36529],[139.22273,36.36531],[139.2225,36.3654],[139.22234,36.36552],[139.22167,36.36583],[139.22128,36.36599],[139.22083,36.36617],[139.22061,36.36626],[139.22093,36.36679],[139.22126,36.36731],[139.22173,36.3681],[139.22191,36.36838],[139.22221,36.36888],[139.22177,36.36895],[139.22132,36.36903],[139.22087,36.36911],[139.22087,36.36908],[139.22062,36.36913],[139.22053,36.36915],[139.22035,36.36918],[139.22027,36.36921],[139.22015,36.36924],[139.21981,36.36935],[139.21962,36.36941],[139.21959,36.36942]]]}},{"type":"Feature","properties":{"n":"産業共生地区"},"geometry":{"type":"Polygon","coordinates":[[[139.23585,36.3673],[139.23577,36.36735],[139.23477,36.36795],[139.23488,36.36804],[139.23501,36.36814],[139.23505,36.36817],[139.23506,36.36868],[139.23507,36.36923],[139.23508,36.36961],[139.23509,36.36998],[139.2351,36.37029],[139.23512,36.37087],[139.23512,36.37097],[139.23512,36.37119],[139.23513,36.3715],[139.23514,36.37191],[139.23515,36.37221],[139.23516,36.37242],[139.23517,36.37247],[139.23517,36.37268],[139.23518,36.37309],[139.23519,36.37347],[139.2352,36.37377],[139.23521,36.37393],[139.23522,36.37398],[139.23522,36.37404],[139.23399,36.37406],[139.23316,36.37414],[139.23316,36.37408],[139.23313,36.37303],[139.23311,36.37266],[139.23311,36.37258],[139.23311,36.37231],[139.2331,36.37217],[139.2331,36.37207],[139.23306,36.37145],[139.23302,36.37101],[139.23302,36.37095],[139.23297,36.37095],[139.23205,36.37103],[139.2317,36.37107],[139.23172,36.37051],[139.2317,36.37026],[139.23168,36.37017],[139.23156,36.36982],[139.23021,36.37061],[139.23015,36.37059],[139.2298,36.36977],[139.22961,36.3694],[139.22956,36.3693],[139.22954,36.36921],[139.22954,36.36916],[139.23069,36.36884],[139.23104,36.36874],[139.23171,36.36855],[139.23182,36.36852],[139.23242,36.36835],[139.23181,36.36697],[139.23095,36.365],[139.23041,36.36518],[139.2302,36.36459],[139.22998,36.36393],[139.2296,36.36401],[139.22869,36.3642],[139.22821,36.3643],[139.22819,36.3643],[139.22816,36.36426],[139.22776,36.36352],[139.22773,36.36346],[139.22757,36.36316],[139.22752,36.36305],[139.22723,36.36251],[139.22707,36.36221],[139.22709,36.3622],[139.22749,36.36206],[139.22809,36.36185],[139.22818,36.36182],[139.22816,36.36178],[139.22798,36.36145],[139.22776,36.36105],[139.22759,36.36074],[139.22755,36.36065],[139.22752,36.36066],[139.22744,36.36068],[139.22666,36.36087],[139.22638,36.36094],[139.22586,36.36107],[139.22546,36.36117],[139.22535,36.3612],[139.22525,36.36122],[139.2252,36.36124],[139.22512,36.36126],[139.22492,36.36131],[139.22471,36.36136],[139.22466,36.36138],[139.2246,36.36139],[139.22449,36.36142],[139.22438,36.36145],[139.22432,36.36147],[139.22426,36.36149],[139.22416,36.36152],[139.22415,36.36153],[139.22412,36.36154],[139.22408,36.36155],[139.22403,36.36157],[139.22398,36.3616],[139.22394,36.36162],[139.22389,36.36164],[139.22381,36.36167],[139.22374,36.3617],[139.22367,36.36173],[139.22363,36.36175],[139.22361,36.36176],[139.22357,36.36178],[139.2235,36.36181],[139.2234,36.36186],[139.22339,36.36185],[139.22338,36.36183],[139.22336,36.36181],[139.22332,36.36174],[139.22329,36.36169],[139.22328,36.36167],[139.22326,36.36163],[139.22323,36.36159],[139.22323,36.36157],[139.2232,36.36151],[139.22316,36.36144],[139.22316,36.36142],[139.22313,36.36135],[139.22311,36.36129],[139.22309,36.36118],[139.22306,36.36107],[139.22304,36.36094],[139.22301,36.36082],[139.22299,36.3607],[139.22297,36.36059],[139.22295,36.3605],[139.22288,36.36052],[139.22246,36.36064],[139.22244,36.36065],[139.22243,36.36065],[139.22242,36.36064],[139.22198,36.35977],[139.22195,36.3597],[139.22159,36.359],[139.22114,36.35808],[139.2211,36.35799],[139.22216,36.35777],[139.22229,36.35775],[139.22365,36.35748],[139.22368,36.35747],[139.22497,36.35722],[139.22566,36.35709],[139.22615,36.357],[139.22616,36.35704],[139.22652,36.35698],[139.22734,36.35682],[139.22784,36.35674],[139.22838,36.35662],[139.22844,36.35661],[139.22904,36.35649],[139.22926,36.35643],[139.22974,36.35633],[139.23044,36.35619],[139.23071,36.35614],[139.23093,36.35612],[139.23102,36.35613],[139.2313,36.35618],[139.23164,36.35623],[139.23203,36.3563],[139.23219,36.35633],[139.23265,36.35643],[139.23271,36.35645],[139.23321,36.35656],[139.23336,36.35659],[139.23345,36.35662],[139.23361,36.35668],[139.23376,36.35672],[139.23423,36.35677],[139.23433,36.35678],[139.23444,36.3568],[139.23484,36.35687],[139.23486,36.35704],[139.23487,36.35709],[139.2349,36.35726],[139.23495,36.35747],[139.23499,36.35765],[139.235,36.35771],[139.23507,36.35798],[139.23467,36.35812],[139.23381,36.35848],[139.23297,36.35884],[139.23286,36.3589],[139.23279,36.35895],[139.23245,36.3591],[139.23228,36.35917],[139.23163,36.35942],[139.23152,36.35947],[139.23137,36.35952],[139.23131,36.35955],[139.23136,36.35963],[139.23181,36.36051],[139.23186,36.36061],[139.23229,36.36146],[139.23232,36.36152],[139.23272,36.36228],[139.23276,36.36235],[139.23306,36.36225],[139.23318,36.3622],[139.23326,36.36217],[139.23396,36.36183],[139.23411,36.36177],[139.23413,36.3618],[139.23416,36.36186],[139.23418,36.36191],[139.23441,36.36236],[139.23474,36.363],[139.23485,36.3632],[139.23501,36.36353],[139.23503,36.36356],[139.23503,36.36358],[139.23503,36.36358],[139.23499,36.36359],[139.23396,36.36394],[139.23443,36.36484],[139.2346,36.36517],[139.23483,36.36563],[139.23502,36.36599],[139.23519,36.36634],[139.23529,36.36653],[139.2354,36.36674],[139.23548,36.3669],[139.2355,36.36693],[139.23552,36.36696],[139.23556,36.36699],[139.23562,36.36704],[139.23568,36.36709],[139.23573,36.36713],[139.23577,36.36718],[139.23582,36.36727],[139.23585,36.3673]]]}},{"type":"Feature","properties":{"n":"田園居住地区"},"geometry":{"type":"Polygon","coordinates":[[[139.21959,36.36942],[139.21962,36.36941],[139.21981,36.36935],[139.22015,36.36924],[139.22027,36.36921],[139.22035,36.36918],[139.22053,36.36915],[139.22062,36.36913],[139.22087,36.36908],[139.22087,36.36911],[139.22082,36.36992],[139.22004,36.36988],[139.21984,36.36994],[139.21983,36.37001],[139.21981,36.3703],[139.21979,36.37059],[139.21978,36.37072],[139.21974,36.37131],[139.21973,36.37142],[139.2197,36.37191],[139.21969,36.37211],[139.22058,36.37215],[139.22147,36.37219],[139.22261,36.37224],[139.22299,36.37294],[139.22283,36.37299],[139.22268,36.37305],[139.22258,36.37309],[139.22238,36.37316],[139.22223,36.3732],[139.22205,36.37324],[139.22178,36.37329],[139.22149,36.37336],[139.22118,36.37353],[139.22068,36.3738],[139.22076,36.37388],[139.22082,36.37399],[139.22102,36.37434],[139.22115,36.37456],[139.22118,36.37463],[139.22126,36.37497],[139.22129,36.37507],[139.22132,36.37513],[139.22145,36.37532],[139.22148,36.37535],[139.2215,36.37539],[139.22155,36.37545],[139.22175,36.37568],[139.22205,36.37601],[139.22224,36.37629],[139.22226,36.37633],[139.2223,36.37642],[139.22234,36.37651],[139.22235,36.37656],[139.22247,36.37692],[139.22254,36.37694],[139.22263,36.37709],[139.22269,36.3772],[139.2227,36.37724],[139.22272,36.37734],[139.22273,36.37746],[139.22273,36.37756],[139.22272,36.37767],[139.22269,36.37785],[139.22268,36.37787],[139.22289,36.37788],[139.22318,36.3779],[139.22324,36.37791],[139.22361,36.37797],[139.22368,36.37797],[139.2238,36.37796],[139.22444,36.37787],[139.22444,36.37789],[139.22445,36.37798],[139.22445,36.37806],[139.22444,36.37823],[139.22442,36.37833],[139.22439,36.37854],[139.22437,36.37873],[139.22437,36.3788],[139.22424,36.37882],[139.22435,36.37925],[139.22443,36.37933],[139.22451,36.37951],[139.22463,36.37976],[139.22474,36.37999],[139.22509,36.37992],[139.2253,36.3803],[139.22532,36.38033],[139.22537,36.38035],[139.22543,36.38037],[139.22543,36.38059],[139.22543,36.38077],[139.22543,36.38092],[139.22544,36.381],[139.22549,36.3813],[139.22553,36.38144],[139.22584,36.38149],[139.22601,36.38153],[139.22607,36.38154],[139.2263,36.38156],[139.22633,36.3816],[139.22634,36.38162],[139.22634,36.38173],[139.22635,36.38181],[139.22634,36.38187],[139.22488,36.38206],[139.22468,36.38209],[139.22448,36.38212],[139.22281,36.38234],[139.22247,36.38239],[139.21811,36.38297],[139.21776,36.38301],[139.21746,36.38303],[139.21717,36.38302],[139.21704,36.38302],[139.21693,36.383],[139.21682,36.38299],[139.21672,36.38297],[139.21661,36.38295],[139.2165,36.38292],[139.2164,36.38289],[139.21629,36.38286],[139.21619,36.38282],[139.21609,36.38278],[139.21599,36.38274],[139.2159,36.3827],[139.21581,36.38265],[139.21571,36.3826],[139.21563,36.38254],[139.21554,36.38248],[139.21546,36.38242],[139.21538,36.38236],[139.2153,36.3823],[139.21523,36.38223],[139.21516,36.38216],[139.21509,36.38209],[139.21503,36.38201],[139.21497,36.38194],[139.21486,36.38178],[139.21465,36.38143],[139.21233,36.37734],[139.21201,36.37677],[139.21183,36.37649],[139.21171,36.37634],[139.21169,36.3763],[139.21166,36.37627],[139.21164,36.37623],[139.21161,36.3762],[139.21159,36.37616],[139.21156,36.37613],[139.21153,36.3761],[139.21151,36.37606],[139.21148,36.37603],[139.21145,36.376],[139.21142,36.37596],[139.2114,36.37593],[139.21137,36.3759],[139.21134,36.37586],[139.21131,36.37583],[139.21128,36.3758],[139.21125,36.37577],[139.21122,36.37573],[139.21119,36.3757],[139.21116,36.37567],[139.21113,36.37564],[139.2111,36.37561],[139.21107,36.37557],[139.21104,36.37554],[139.21101,36.37551],[139.21098,36.37548],[139.21095,36.37545],[139.21092,36.37542],[139.21088,36.37539],[139.21085,36.37536],[139.21082,36.37533],[139.21079,36.3753],[139.21076,36.37527],[139.21072,36.37524],[139.21069,36.37521],[139.21066,36.37518],[139.21062,36.37515],[139.21059,36.37512],[139.21055,36.37509],[139.21052,36.37506],[139.21049,36.37503],[139.21045,36.375],[139.21042,36.37497],[139.21038,36.37494],[139.21035,36.37492],[139.21031,36.37489],[139.21027,36.37486],[139.21024,36.37483],[139.2102,36.37481],[139.21017,36.37478],[139.21013,36.37475],[139.21009,36.37472],[139.21006,36.3747],[139.21002,36.37467],[139.20998,36.37464],[139.20994,36.37462],[139.20991,36.37459],[139.20987,36.37457],[139.20983,36.37454],[139.20979,36.37452],[139.20975,36.37449],[139.20971,36.37446],[139.20968,36.37444],[139.20964,36.37442],[139.2096,36.37439],[139.20956,36.37437],[139.20952,36.37434],[139.20948,36.37432],[139.20944,36.37429],[139.2094,36.37427],[139.20936,36.37425],[139.20932,36.37422],[139.20928,36.3742],[139.20924,36.37418],[139.2092,36.37416],[139.20915,36.37413],[139.20911,36.37411],[139.20907,36.37409],[139.20903,36.37407],[139.20899,36.37404],[139.20895,36.37402],[139.2089,36.374],[139.20886,36.37398],[139.20882,36.37396],[139.20878,36.37394],[139.20873,36.37392],[139.20869,36.3739],[139.20865,36.37388],[139.20861,36.37386],[139.20856,36.37384],[139.20852,36.37382],[139.20848,36.3738],[139.20843,36.37378],[139.20839,36.37376],[139.20834,36.37374],[139.2083,36.37373],[139.20826,36.37371],[139.20821,36.37369],[139.20817,36.37367],[139.20812,36.37365],[139.20808,36.37364],[139.20803,36.37362],[139.20799,36.3736],[139.20794,36.37359],[139.2079,36.37357],[139.20785,36.37355],[139.20781,36.37354],[139.20776,36.37352],[139.20772,36.37351],[139.20767,36.37349],[139.20762,36.37348],[139.20758,36.37346],[139.20753,36.37345],[139.20748,36.37343],[139.20744,36.37342],[139.20739,36.3734],[139.20735,36.37339],[139.2073,36.37338],[139.20725,36.37336],[139.2072,36.37335],[139.20716,36.37334],[139.20711,36.37332],[139.20706,36.37331],[139.20702,36.3733],[139.20697,36.37329],[139.20692,36.37328],[139.20687,36.37326],[139.20683,36.37325],[139.20678,36.37324],[139.20673,36.37323],[139.20668,36.37322],[139.20664,36.37321],[139.20659,36.3732],[139.20654,36.37319],[139.20649,36.37318],[139.20644,36.37317],[139.20639,36.37316],[139.20635,36.37315],[139.2063,36.37314],[139.20625,36.37314],[139.2062,36.37313],[139.20615,36.37312],[139.2061,36.37311],[139.20606,36.3731],[139.20601,36.3731],[139.20596,36.37309],[139.20591,36.37308],[139.20586,36.37308],[139.20546,36.37303],[139.20478,36.37298],[139.20431,36.37296],[139.20281,36.37288],[139.20253,36.37286],[139.19215,36.37231],[139.19191,36.37228],[139.19177,36.37225],[139.19177,36.37186],[139.19178,36.37173],[139.1918,36.3716],[139.19187,36.37117],[139.19196,36.37076],[139.19197,36.37069],[139.19197,36.37063],[139.19197,36.37059],[139.19196,36.37056],[139.19187,36.37033],[139.19185,36.37027],[139.19173,36.36982],[139.19171,36.36976],[139.19157,36.36943],[139.19154,36.36935],[139.19153,36.3693],[139.19153,36.36924],[139.19154,36.3691],[139.19156,36.36901],[139.19147,36.36898],[139.19138,36.36877],[139.19133,36.36857],[139.19125,36.36837],[139.19102,36.36852],[139.1909,36.36842],[139.19118,36.36823],[139.1911,36.36801],[139.19085,36.36726],[139.19056,36.36699],[139.19043,36.36687],[139.19038,36.36681],[139.19035,36.36676],[139.19032,36.3667],[139.19031,36.36663],[139.19025,36.36626],[139.19023,36.36612],[139.19012,36.36553],[139.19002,36.36521],[139.19002,36.36521],[139.19017,36.36507],[139.19031,36.36492],[139.19034,36.36489],[139.19038,36.36487],[139.1904,36.36485],[139.19042,36.36483],[139.19045,36.36482],[139.19047,36.36481],[139.1905,36.3648],[139.19051,36.36479],[139.19053,36.36478],[139.19056,36.36477],[139.19059,36.36476],[139.19063,36.36475],[139.19118,36.36463],[139.19124,36.36462],[139.19137,36.36459],[139.19224,36.3644],[139.19253,36.36434],[139.19254,36.36433],[139.1927,36.3643],[139.19271,36.3643],[139.19298,36.36425],[139.19307,36.36423],[139.19323,36.36421],[139.19337,36.36419],[139.19353,36.36416],[139.19356,36.36416],[139.19353,36.36427],[139.19357,36.36447],[139.19386,36.36457],[139.19397,36.36461],[139.19403,36.36467],[139.19376,36.36498],[139.19367,36.36527],[139.19357,36.36559],[139.19354,36.36565],[139.19351,36.36571],[139.19347,36.36578],[139.19344,36.36583],[139.1934,36.36591],[139.19336,36.36599],[139.19334,36.36603],[139.19327,36.36626],[139.19326,36.36628],[139.19319,36.36644],[139.19308,36.36672],[139.19297,36.36699],[139.19297,36.36701],[139.19293,36.36709],[139.19278,36.36723],[139.19267,36.36735],[139.19254,36.36748],[139.19253,36.36752],[139.19255,36.36761],[139.19265,36.3682],[139.19251,36.36896],[139.19251,36.36899],[139.19253,36.36904],[139.19256,36.3692],[139.19259,36.36927],[139.19261,36.36933],[139.19264,36.3694],[139.19269,36.36946],[139.19273,36.36949],[139.19275,36.3695],[139.19285,36.36957],[139.1929,36.36962],[139.19309,36.36982],[139.19331,36.37005],[139.19337,36.3701],[139.19342,36.37014],[139.1935,36.37018],[139.19358,36.37022],[139.19375,36.37029],[139.19392,36.37036],[139.19403,36.37041],[139.19415,36.37045],[139.19422,36.37047],[139.19429,36.37048],[139.19442,36.3705],[139.19474,36.37052],[139.1948,36.37053],[139.19486,36.37056],[139.19494,36.37066],[139.19506,36.37079],[139.19513,36.37086],[139.1956,36.37118],[139.19569,36.37111],[139.1958,36.371],[139.19586,36.37091],[139.19593,36.37082],[139.19599,36.37071],[139.19601,36.37068],[139.19626,36.37036],[139.19629,36.37031],[139.19644,36.37009],[139.19646,36.37004],[139.19647,36.37],[139.19649,36.36994],[139.1965,36.36987],[139.19651,36.36984],[139.19654,36.36963],[139.19656,36.36948],[139.19658,36.36933],[139.1966,36.36924],[139.19661,36.36914],[139.19663,36.36905],[139.19663,36.36898],[139.19663,36.36892],[139.19663,36.36884],[139.19663,36.3688],[139.19664,36.36876],[139.19665,36.36867],[139.19666,36.36859],[139.19667,36.36853],[139.19667,36.36851],[139.19671,36.36831],[139.19673,36.36826],[139.19685,36.36791],[139.19692,36.36786],[139.19694,36.36773],[139.19699,36.36747],[139.19699,36.36743],[139.19701,36.36733],[139.19703,36.36716],[139.19704,36.36712],[139.19723,36.36709],[139.19772,36.3671],[139.19781,36.36711],[139.198,36.36711],[139.19804,36.36712],[139.19814,36.3665],[139.19821,36.36612],[139.19822,36.36604],[139.19835,36.36535],[139.19835,36.36527],[139.19865,36.36481],[139.19882,36.36455],[139.19903,36.36421],[139.19901,36.36413],[139.19897,36.36411],[139.19879,36.36403],[139.19833,36.36386],[139.19833,36.36384],[139.19833,36.36371],[139.19834,36.36358],[139.19835,36.36345],[139.19834,36.36347],[139.19836,36.36334],[139.19839,36.36312],[139.19839,36.36307],[139.19839,36.36307],[139.19849,36.36305],[139.19856,36.36303],[139.19869,36.363],[139.19881,36.36297],[139.19897,36.36292],[139.19907,36.36289],[139.19913,36.36287],[139.1994,36.36277],[139.19944,36.36275],[139.19947,36.36274],[139.1995,36.36273],[139.19953,36.36272],[139.19955,36.36272],[139.19958,36.36271],[139.20013,36.36258],[139.19987,36.36133],[139.20029,36.36128],[139.20043,36.36126],[139.20082,36.3612],[139.20082,36.36119],[139.20162,36.36109],[139.20175,36.36107],[139.20247,36.36096],[139.20249,36.36095],[139.20251,36.36094],[139.20252,36.36092],[139.20232,36.35988],[139.20325,36.35975],[139.20333,36.35974],[139.20364,36.36122],[139.20371,36.36124],[139.20404,36.36101],[139.2041,36.36097],[139.2045,36.36069],[139.20461,36.36062],[139.20506,36.36031],[139.2051,36.36027],[139.20558,36.3599],[139.20585,36.35971],[139.20595,36.35964],[139.20629,36.3595],[139.20635,36.35947],[139.20644,36.35941],[139.20654,36.35932],[139.2068,36.35906],[139.20686,36.35901],[139.207,36.35892],[139.20723,36.35877],[139.20757,36.35855],[139.20761,36.35853],[139.20778,36.35841],[139.20793,36.3583],[139.20801,36.35821],[139.20803,36.3582],[139.20806,36.35818],[139.20822,36.35804],[139.20834,36.35797],[139.20841,36.35793],[139.20844,36.35791],[139.20865,36.35783],[139.20868,36.35782],[139.20871,36.35781],[139.20877,36.35793],[139.20885,36.3581],[139.20893,36.35826],[139.209,36.35841],[139.20903,36.35852],[139.2091,36.35868],[139.20916,36.3588],[139.20921,36.35884],[139.20927,36.35883],[139.20933,36.35884],[139.20951,36.35887],[139.2096,36.35888],[139.20968,36.3589],[139.20977,36.35894],[139.20984,36.35898],[139.20995,36.35906],[139.21015,36.3592],[139.21021,36.35924],[139.21024,36.35925],[139.21026,36.35926],[139.2103,36.35927],[139.21032,36.35928],[139.21034,36.35928],[139.21038,36.35928],[139.21044,36.35929],[139.21045,36.35929],[139.2105,36.3593],[139.21046,36.3596],[139.21045,36.35966],[139.21045,36.35967],[139.21045,36.35968],[139.21045,36.35969],[139.21046,36.3597],[139.2105,36.35972],[139.21054,36.35981],[139.21056,36.35984],[139.21062,36.3599],[139.21067,36.35993],[139.21113,36.36022],[139.21109,36.36026],[139.21099,36.36038],[139.21089,36.3605],[139.21079,36.36061],[139.21072,36.36071],[139.21064,36.36082],[139.21057,36.36093],[139.21052,36.361],[139.21046,36.3611],[139.21039,36.36124],[139.21033,36.36135],[139.21029,36.36145],[139.21025,36.36154],[139.21022,36.36162],[139.21019,36.36171],[139.21016,36.36182],[139.21014,36.36189],[139.21011,36.36198],[139.21009,36.36209],[139.21008,36.36211],[139.2103,36.3621],[139.21064,36.36207],[139.21105,36.36203],[139.21173,36.36196],[139.21249,36.36188],[139.2127,36.36186],[139.213,36.36183],[139.21324,36.36182],[139.21341,36.36181],[139.21352,36.36181],[139.21362,36.3618],[139.21366,36.3618],[139.21361,36.36186],[139.2136,36.36187],[139.21342,36.36218],[139.21341,36.36219],[139.21343,36.36226],[139.21346,36.36233],[139.21349,36.36237],[139.21351,36.3624],[139.21355,36.36243],[139.21359,36.36247],[139.21363,36.36249],[139.21369,36.36252],[139.21374,36.36254],[139.21378,36.36256],[139.21393,36.36259],[139.21419,36.36264],[139.2142,36.36265],[139.21421,36.36266],[139.21421,36.36266],[139.21421,36.36268],[139.21421,36.36294],[139.21422,36.36307],[139.21423,36.36314],[139.21419,36.36342],[139.21411,36.36366],[139.21411,36.36372],[139.2141,36.3638],[139.2141,36.36387],[139.21416,36.36394],[139.21414,36.36406],[139.21411,36.36417],[139.21413,36.36434],[139.21415,36.36451],[139.21417,36.3647],[139.21419,36.36489],[139.2142,36.36493],[139.21421,36.36494],[139.21422,36.36505],[139.21423,36.36517],[139.21423,36.36519],[139.21422,36.36521],[139.21422,36.36523],[139.21422,36.36525],[139.21423,36.36527],[139.21424,36.36529],[139.21432,36.3654],[139.21446,36.3656],[139.21445,36.3656],[139.21443,36.36561],[139.21364,36.36595],[139.21413,36.36668],[139.21461,36.36741],[139.21464,36.36744],[139.21495,36.36791],[139.21496,36.36793],[139.21497,36.36794],[139.21524,36.36835],[139.21528,36.36836],[139.21555,36.36824],[139.21619,36.36796],[139.21623,36.36805],[139.21646,36.36851],[139.21649,36.36858],[139.21674,36.36912],[139.21682,36.36926],[139.21683,36.36928],[139.21688,36.36935],[139.21708,36.36965],[139.21727,36.36995],[139.21731,36.37001],[139.21743,36.37018],[139.21754,36.37036],[139.21755,36.37036],[139.21755,36.37037],[139.21756,36.37037],[139.21757,36.37037],[139.21777,36.37031],[139.21816,36.3702],[139.21826,36.37017],[139.21836,36.37014],[139.21837,36.37013],[139.21845,36.37011],[139.21846,36.37011],[139.21849,36.3701],[139.21852,36.37008],[139.21855,36.37006],[139.21858,36.37004],[139.21873,36.3699],[139.21865,36.36977],[139.21874,36.36972],[139.21891,36.36963],[139.21897,36.36961],[139.21903,36.36958],[139.21959,36.36942]]]}},{"type":"Feature","properties":{"n":"田園居住地区"},"geometry":{"type":"Polygon","coordinates":[[[139.27168,36.3716],[139.27168,36.3716],[139.27163,36.37162],[139.2716,36.37181],[139.27156,36.37197],[139.27154,36.37211],[139.27152,36.37219],[139.27149,36.37244],[139.27147,36.37258],[139.27146,36.37268],[139.27145,36.37276],[139.27143,36.37293],[139.27141,36.37304],[139.2714,36.37313],[139.27139,36.37329],[139.27136,36.37361],[139.27134,36.37393],[139.271,36.37393],[139.27029,36.37392],[139.27016,36.37392],[139.2698,36.37395],[139.26949,36.37397],[139.26916,36.37399],[139.26868,36.37401],[139.26856,36.37403],[139.26848,36.37404],[139.26845,36.37404],[139.26843,36.37405],[139.26842,36.37405],[139.2684,36.37405],[139.26837,36.37407],[139.26833,36.37408],[139.26831,36.3741],[139.26825,36.37412],[139.26823,36.37407],[139.26813,36.37381],[139.26812,36.3738],[139.26809,36.3738],[139.26793,36.37388],[139.26788,36.37391],[139.26786,36.37392],[139.26783,36.37396],[139.2678,36.374],[139.26777,36.37405],[139.26774,36.3741],[139.26771,36.37416],[139.26771,36.37416],[139.26767,36.37424],[139.26766,36.37427],[139.26761,36.37442],[139.26759,36.37459],[139.26752,36.37482],[139.26744,36.3751],[139.26734,36.37543],[139.26732,36.37545],[139.26726,36.37569],[139.26721,36.37569],[139.26717,36.3758],[139.26712,36.37588],[139.26708,36.37602],[139.26708,36.37611],[139.26702,36.37617],[139.26698,36.37622],[139.26696,36.37627],[139.26686,36.37647],[139.26677,36.37648],[139.26672,36.37663],[139.26669,36.37672],[139.26661,36.37681],[139.26648,36.37701],[139.26648,36.37726],[139.26651,36.37764],[139.26655,36.37793],[139.26649,36.37818],[139.26645,36.37819],[139.26649,36.37838],[139.26647,36.37852],[139.26646,36.37857],[139.26649,36.37874],[139.26649,36.37887],[139.26652,36.37897],[139.26654,36.37907],[139.26651,36.37939],[139.26656,36.3798],[139.26658,36.37982],[139.26659,36.37993],[139.2666,36.38005],[139.26662,36.38013],[139.26661,36.38034],[139.26663,36.38043],[139.26672,36.38054],[139.26674,36.38082],[139.26681,36.38098],[139.26686,36.38127],[139.26693,36.38138],[139.26694,36.38155],[139.2669,36.38167],[139.2669,36.3818],[139.267,36.38211],[139.26697,36.38223],[139.26698,36.38264],[139.26689,36.38282],[139.2669,36.38287],[139.26694,36.38288],[139.26701,36.38299],[139.26707,36.38304],[139.26711,36.38315],[139.26703,36.38317],[139.26713,36.38346],[139.26715,36.38354],[139.26718,36.38356],[139.26721,36.38378],[139.26721,36.38388],[139.2672,36.38403],[139.26726,36.38431],[139.26727,36.38447],[139.26726,36.38451],[139.26732,36.38475],[139.26728,36.38474],[139.2673,36.38478],[139.26749,36.38499],[139.26752,36.38501],[139.26755,36.38506],[139.26757,36.38507],[139.26762,36.38513],[139.26768,36.38522],[139.26772,36.3853],[139.26756,36.38536],[139.26755,36.38545],[139.26751,36.38581],[139.2675,36.386],[139.26755,36.38609],[139.26761,36.38619],[139.26766,36.38632],[139.26771,36.38634],[139.26781,36.38643],[139.26785,36.38651],[139.26782,36.38674],[139.26772,36.3868],[139.2677,36.38688],[139.26772,36.38697],[139.26774,36.38742],[139.26759,36.38747],[139.26754,36.38753],[139.26748,36.38765],[139.26733,36.38769],[139.26735,36.3879],[139.26743,36.38791],[139.26734,36.38809],[139.26732,36.38825],[139.2673,36.3885],[139.2673,36.38858],[139.26731,36.38879],[139.2673,36.3889],[139.26724,36.38913],[139.26712,36.38957],[139.26703,36.38992],[139.26697,36.39017],[139.26692,36.39017],[139.26691,36.39032],[139.26696,36.39043],[139.26697,36.39047],[139.26698,36.39056],[139.26697,36.39065],[139.26695,36.39074],[139.26698,36.39086],[139.26696,36.391],[139.26697,36.39101],[139.26639,36.39084],[139.26575,36.39064],[139.26451,36.3903],[139.26392,36.39015],[139.26383,36.39013],[139.26374,36.39011],[139.26365,36.39009],[139.26356,36.39006],[139.26347,36.39004],[139.26338,36.39002],[139.2633,36.39],[139.26321,36.38998],[139.26312,36.38996],[139.26303,36.38994],[139.26294,36.38992],[139.26285,36.3899],[139.26276,36.38988],[139.26268,36.38986],[139.26259,36.38984],[139.2625,36.38982],[139.26241,36.3898],[139.26232,36.38978],[139.26223,36.38976],[139.26214,36.38974],[139.26205,36.38972],[139.26196,36.3897],[139.26187,36.38968],[139.26179,36.38966],[139.2617,36.38964],[139.2616,36.38962],[139.26152,36.38961],[139.26143,36.38959],[139.26133,36.38957],[139.26124,36.38955],[139.26116,36.38953],[139.26107,36.38952],[139.26098,36.3895],[139.26088,36.38948],[139.26079,36.38946],[139.2607,36.38945],[139.26062,36.38943],[139.26053,36.38941],[139.26043,36.3894],[139.26035,36.38938],[139.26026,36.38936],[139.26017,36.38935],[139.26008,36.38933],[139.25999,36.38931],[139.2599,36.3893],[139.25981,36.38928],[139.25971,36.38927],[139.25962,36.38925],[139.25953,36.38924],[139.25945,36.38922],[139.25936,36.38921],[139.25927,36.38919],[139.25918,36.38918],[139.25908,36.38916],[139.259,36.38915],[139.25891,36.38913],[139.25882,36.38912],[139.25873,36.38911],[139.25863,36.38909],[139.25856,36.38908],[139.25856,36.38907],[139.25858,36.3887],[139.25858,36.38844],[139.25859,36.38831],[139.25859,36.38822],[139.25859,36.3882],[139.25859,36.3881],[139.25859,36.38797],[139.25859,36.38792],[139.25859,36.38774],[139.25859,36.38767],[139.25859,36.3876],[139.25859,36.38756],[139.25858,36.38753],[139.25858,36.38746],[139.25856,36.38742],[139.25855,36.38738],[139.25855,36.38734],[139.2585,36.38722],[139.25846,36.3871],[139.25846,36.38709],[139.2584,36.38697],[139.25834,36.38687],[139.25827,36.38675],[139.25813,36.38658],[139.25804,36.38651],[139.25793,36.38615],[139.25791,36.38609],[139.25789,36.38601],[139.25786,36.38591],[139.25785,36.38585],[139.25783,36.38577],[139.25781,36.38563],[139.25779,36.3854],[139.25778,36.38506],[139.25777,36.38486],[139.25777,36.38466],[139.25776,36.38449],[139.25775,36.38439],[139.25774,36.38429],[139.25773,36.3842],[139.25772,36.3841],[139.2577,36.38403],[139.25763,36.38382],[139.25757,36.38361],[139.25755,36.38355],[139.25752,36.38345],[139.25749,36.38336],[139.25745,36.38321],[139.25741,36.38307],[139.2574,36.38297],[139.25737,36.38285],[139.25734,36.38274],[139.25733,36.38265],[139.2573,36.3824],[139.25729,36.38229],[139.25729,36.38216],[139.25728,36.38207],[139.25727,36.382],[139.25726,36.38182],[139.25694,36.38174],[139.25662,36.38165],[139.25639,36.38159],[139.25617,36.38152],[139.25613,36.38152],[139.25575,36.38141],[139.25536,36.38129],[139.25502,36.3812],[139.25467,36.3811],[139.25462,36.38109],[139.25432,36.381],[139.25402,36.38092],[139.25375,36.38084],[139.25349,36.38077],[139.25327,36.38071],[139.25306,36.38065],[139.25296,36.38062],[139.25242,36.38047],[139.25189,36.38032],[139.25127,36.38015],[139.25119,36.38013],[139.25024,36.37987],[139.25019,36.37986],[139.25005,36.37982],[139.24947,36.37966],[139.2494,36.37964],[139.24933,36.37961],[139.24929,36.3796],[139.24923,36.37958],[139.24908,36.37954],[139.24909,36.37973],[139.24909,36.37985],[139.24909,36.37989],[139.2491,36.37992],[139.24909,36.38001],[139.2491,36.38004],[139.24911,36.38013],[139.2491,36.38017],[139.24909,36.38023],[139.24908,36.3803],[139.24906,36.38051],[139.24905,36.38075],[139.24905,36.38096],[139.24905,36.38114],[139.24907,36.38135],[139.24909,36.38149],[139.24912,36.38159],[139.24914,36.38169],[139.24919,36.38189],[139.24918,36.3819],[139.24929,36.38212],[139.2494,36.38234],[139.24942,36.38238],[139.24943,36.38242],[139.24946,36.38253],[139.24948,36.38261],[139.24949,36.38266],[139.2495,36.38272],[139.2495,36.38286],[139.2495,36.38301],[139.24951,36.38348],[139.24951,36.38394],[139.24951,36.38403],[139.24951,36.38413],[139.24951,36.38418],[139.24951,36.38422],[139.2495,36.38428],[139.24949,36.38434],[139.24948,36.38444],[139.24947,36.38453],[139.24945,36.38466],[139.24942,36.38479],[139.24942,36.38484],[139.24938,36.385],[139.24934,36.38515],[139.24932,36.38525],[139.24931,36.38533],[139.24929,36.38542],[139.24928,36.3855],[139.24927,36.3856],[139.24926,36.38571],[139.24925,36.38579],[139.24925,36.38586],[139.24925,36.38595],[139.24926,36.38605],[139.24928,36.38634],[139.24928,36.38637],[139.24929,36.38648],[139.2493,36.38682],[139.24911,36.38673],[139.2413,36.38319],[139.24105,36.38308],[139.2408,36.38296],[139.24054,36.38285],[139.24027,36.38273],[139.23999,36.38261],[139.2397,36.38249],[139.2394,36.38238],[139.2391,36.38226],[139.23885,36.38218],[139.23883,36.38217],[139.23882,36.38213],[139.23872,36.38182],[139.23866,36.38163],[139.23863,36.38155],[139.23871,36.38149],[139.23895,36.3813],[139.23896,36.38129],[139.23931,36.38102],[139.2389,36.38042],[139.2386,36.37995],[139.23849,36.37999],[139.23832,36.3796],[139.23825,36.37948],[139.23823,36.37943],[139.23815,36.37928],[139.2388,36.37901],[139.23936,36.37875],[139.23949,36.37901],[139.23954,36.37907],[139.23964,36.3792],[139.23975,36.37936],[139.23981,36.37944],[139.23988,36.37956],[139.2401,36.37991],[139.24126,36.37988],[139.2416,36.37987],[139.24243,36.37985],[139.24244,36.37985],[139.24277,36.37984],[139.24278,36.38026],[139.24278,36.38038],[139.24281,36.3808],[139.24283,36.38156],[139.24332,36.38155],[139.24345,36.38154],[139.24371,36.38153],[139.24382,36.38125],[139.24409,36.38057],[139.24412,36.38046],[139.24427,36.37984],[139.2443,36.37969],[139.24442,36.37924],[139.24452,36.37876],[139.24453,36.37873],[139.24454,36.37867],[139.24455,36.37853],[139.24455,36.3784],[139.2445,36.37825],[139.24443,36.37805],[139.24419,36.37747],[139.24408,36.37721],[139.24407,36.37719],[139.24389,36.37675],[139.24356,36.37592],[139.24269,36.3739],[139.24101,36.37392],[139.23985,36.37395],[139.23636,36.37402],[139.23522,36.37404],[139.23522,36.37398],[139.23521,36.37393],[139.2352,36.37377],[139.23519,36.37347],[139.23518,36.37309],[139.23517,36.37268],[139.23517,36.37247],[139.23516,36.37242],[139.23515,36.37221],[139.23514,36.37191],[139.23513,36.3715],[139.23512,36.37119],[139.23512,36.37097],[139.23512,36.37087],[139.2351,36.37029],[139.23509,36.36998],[139.23508,36.36961],[139.23507,36.36923],[139.23506,36.36868],[139.23505,36.36817],[139.23501,36.36814],[139.23488,36.36804],[139.23477,36.36795],[139.23577,36.36735],[139.23585,36.3673],[139.2359,36.36738],[139.23611,36.36725],[139.23613,36.36762],[139.23614,36.36781],[139.23615,36.36808],[139.23615,36.36818],[139.23615,36.36847],[139.23618,36.36946],[139.23625,36.36946],[139.23697,36.36945],[139.2374,36.36945],[139.23848,36.36943],[139.23923,36.36941],[139.23961,36.3694],[139.23968,36.3694],[139.23969,36.36965],[139.23972,36.3708],[139.23978,36.3708],[139.23983,36.37079],[139.24067,36.37078],[139.24087,36.37077],[139.24097,36.37076],[139.24105,36.37074],[139.24128,36.37068],[139.24156,36.37062],[139.24192,36.37053],[139.24199,36.37085],[139.24209,36.37084],[139.24203,36.37046],[139.24244,36.37041],[139.24266,36.37039],[139.24287,36.37037],[139.24298,36.37035],[139.24305,36.37034],[139.24311,36.37034],[139.24321,36.37032],[139.24376,36.37027],[139.24423,36.37021],[139.24427,36.37021],[139.24431,36.37021],[139.24634,36.36999],[139.24659,36.36996],[139.24665,36.36995],[139.24675,36.36995],[139.24775,36.36984],[139.24781,36.36983],[139.24786,36.36983],[139.24801,36.36982],[139.24826,36.36979],[139.24842,36.36978],[139.24854,36.36977],[139.24913,36.36974],[139.24939,36.36972],[139.24954,36.36972],[139.24988,36.36972],[139.25062,36.36973],[139.25068,36.36972],[139.25094,36.36972],[139.25095,36.36972],[139.25111,36.36972],[139.25137,36.36972],[139.2516,36.36972],[139.25179,36.36971],[139.25185,36.36972],[139.25206,36.36971],[139.25254,36.36968],[139.25257,36.36968],[139.25274,36.36968],[139.25314,36.36967],[139.25363,36.36966],[139.25377,36.36966],[139.25384,36.36966],[139.25398,36.36966],[139.25457,36.36952],[139.25481,36.36948],[139.25478,36.3695],[139.25474,36.36953],[139.2547,36.36955],[139.25465,36.36956],[139.2546,36.36958],[139.25421,36.36968],[139.25412,36.3697],[139.25402,36.36974],[139.25398,36.36975],[139.25394,36.36977],[139.25389,36.36979],[139.25386,36.36981],[139.25384,36.36982],[139.25383,36.36982],[139.25382,36.36983],[139.25371,36.36991],[139.25349,36.37007],[139.25337,36.37016],[139.25301,36.37045],[139.25272,36.37067],[139.25264,36.37073],[139.25241,36.37086],[139.25202,36.3711],[139.25167,36.3713],[139.25165,36.37132],[139.25155,36.37138],[139.25153,36.37139],[139.2512,36.37159],[139.25096,36.37174],[139.25085,36.37181],[139.25077,36.37186],[139.25068,36.3719],[139.25033,36.37208],[139.25003,36.37221],[139.24996,36.37224],[139.24962,36.37243],[139.24953,36.37248],[139.24942,36.37254],[139.24919,36.37268],[139.2491,36.37273],[139.24892,36.37283],[139.24891,36.37284],[139.2489,36.37285],[139.2489,36.37287],[139.2489,36.37288],[139.24897,36.37368],[139.24899,36.37378],[139.24901,36.37394],[139.24909,36.37472],[139.24911,36.37493],[139.24912,36.37503],[139.2492,36.37586],[139.24921,36.37591],[139.24931,36.3759],[139.2498,36.37587],[139.25038,36.37584],[139.25074,36.37581],[139.25085,36.3758],[139.25109,36.37578],[139.25135,36.37576],[139.2514,36.37576],[139.25153,36.37575],[139.25159,36.37574],[139.25163,36.37574],[139.25167,36.37574],[139.25177,36.37575],[139.25184,36.37576],[139.25187,36.37576],[139.25189,36.37576],[139.25193,36.37576],[139.25211,36.37573],[139.25222,36.37571],[139.25234,36.37569],[139.25238,36.37568],[139.25248,36.37566],[139.25258,36.37564],[139.25262,36.37563],[139.25271,36.37598],[139.25272,36.37603],[139.25283,36.37647],[139.2528,36.37657],[139.25278,36.37663],[139.2528,36.37667],[139.25283,36.37673],[139.25287,36.37681],[139.25292,36.3769],[139.25297,36.37696],[139.25299,36.37699],[139.25302,36.37702],[139.25305,36.37705],[139.25315,36.37713],[139.25316,36.37714],[139.25318,36.37714],[139.25319,36.37714],[139.25322,36.37713],[139.25378,36.37705],[139.25378,36.37705],[139.25388,36.37703],[139.25414,36.37694],[139.25424,36.3769],[139.25428,36.37689],[139.25431,36.37688],[139.25432,36.37688],[139.25457,36.37684],[139.2549,36.3768],[139.25504,36.37678],[139.25515,36.37677],[139.25524,36.37685],[139.25525,36.37687],[139.25532,36.37707],[139.25533,36.37711],[139.25536,36.37719],[139.25538,36.3773],[139.25541,36.37731],[139.25544,36.3774],[139.25545,36.37743],[139.25552,36.37756],[139.25567,36.37781],[139.25582,36.37806],[139.25583,36.37808],[139.25584,36.3781],[139.25585,36.37814],[139.25585,36.37817],[139.25585,36.37819],[139.25585,36.37821],[139.25585,36.37825],[139.2558,36.37859],[139.25584,36.37863],[139.2559,36.37864],[139.25601,36.37865],[139.25613,36.37866],[139.25614,36.37866],[139.2562,36.37866],[139.25621,36.37866],[139.25635,36.37868],[139.25648,36.3787],[139.25658,36.37872],[139.25682,36.37876],[139.25702,36.37878],[139.25722,36.3788],[139.25723,36.3788],[139.2574,36.37882],[139.25783,36.37884],[139.25864,36.37887],[139.25914,36.3789],[139.25917,36.3789],[139.25918,36.37889],[139.25919,36.37888],[139.25923,36.37869],[139.25929,36.37831],[139.25933,36.3781],[139.25937,36.37791],[139.25942,36.37763],[139.25944,36.3775],[139.25949,36.37717],[139.25949,36.37714],[139.2595,36.37714],[139.25951,36.37712],[139.25951,36.37711],[139.25954,36.37694],[139.25955,36.37682],[139.25955,36.37681],[139.25958,36.37665],[139.2596,36.37656],[139.25962,36.37641],[139.25964,36.37625],[139.25967,36.3761],[139.2597,36.37595],[139.25971,36.37584],[139.25973,36.37573],[139.25974,36.37568],[139.25979,36.37551],[139.25981,36.37536],[139.25982,36.37523],[139.25983,36.37513],[139.25983,36.37503],[139.25982,36.37486],[139.25982,36.37468],[139.25981,36.37467],[139.25981,36.37464],[139.25987,36.37464],[139.26016,36.37465],[139.26074,36.3747],[139.26132,36.37474],[139.26174,36.37477],[139.26191,36.37478],[139.26235,36.37481],[139.26255,36.37483],[139.26286,36.37485],[139.26295,36.37486],[139.26303,36.37487],[139.26305,36.37487],[139.26308,36.37487],[139.26311,36.37487],[139.26313,36.37487],[139.26315,36.37487],[139.26319,36.37487],[139.26323,36.37486],[139.26332,36.37485],[139.26341,36.37484],[139.26348,36.37482],[139.26354,36.37481],[139.26359,36.3748],[139.26376,36.37476],[139.26392,36.37472],[139.26393,36.37471],[139.26394,36.37471],[139.26398,36.37469],[139.26398,36.37469],[139.26391,36.37465],[139.26379,36.37457],[139.26368,36.37449],[139.2636,36.37444],[139.26352,36.37439],[139.26348,36.37437],[139.26345,36.37434],[139.26341,36.37432],[139.26337,36.3743],[139.26304,36.37408],[139.26292,36.374],[139.26286,36.37396],[139.26281,36.37393],[139.26277,36.3739],[139.26271,36.37387],[139.2627,36.37386],[139.26269,36.37385],[139.26269,36.37385],[139.26264,36.37382],[139.26261,36.3738],[139.2626,36.37379],[139.26255,36.37376],[139.26254,36.37375],[139.26253,36.37375],[139.26251,36.37373],[139.26247,36.3737],[139.26244,36.37369],[139.26242,36.37368],[139.26238,36.37365],[139.26235,36.37363],[139.26233,36.37361],[139.26229,36.37359],[139.26225,36.37357],[139.26225,36.37356],[139.2622,36.37354],[139.26217,36.37352],[139.26216,36.37351],[139.26212,36.37348],[139.26211,36.37347],[139.26207,36.37345],[139.26203,36.37342],[139.2619,36.37334],[139.26186,36.37331],[139.26183,36.3733],[139.26181,36.37328],[139.26177,36.37326],[139.26172,36.37323],[139.26168,36.3732],[139.26164,36.37317],[139.26157,36.37313],[139.26156,36.37312],[139.26152,36.37309],[139.26147,36.37306],[139.26142,36.37303],[139.26138,36.373],[139.26136,36.37299],[139.26134,36.37297],[139.26129,36.37294],[139.26122,36.3729],[139.26112,36.37283],[139.2611,36.37282],[139.26108,36.37281],[139.26107,36.3728],[139.26103,36.37278],[139.26099,36.37275],[139.26099,36.37275],[139.26094,36.37272],[139.2609,36.37269],[139.26086,36.37266],[139.26081,36.37264],[139.26077,36.37261],[139.26072,36.37258],[139.2607,36.37257],[139.26068,36.37256],[139.26063,36.37253],[139.26059,36.3725],[139.26053,36.37247],[139.26044,36.37241],[139.26041,36.37239],[139.26037,36.37236],[139.26034,36.37234],[139.26033,36.37233],[139.26029,36.3723],[139.26024,36.37227],[139.2602,36.37224],[139.26016,36.37221],[139.26011,36.37219],[139.26007,36.37216],[139.26003,36.37213],[139.25998,36.3721],[139.25994,36.37207],[139.2599,36.37204],[139.25985,36.37202],[139.25985,36.37201],[139.25974,36.37194],[139.25954,36.37181],[139.2595,36.37178],[139.2593,36.37166],[139.25912,36.37155],[139.25892,36.37142],[139.25873,36.3713],[139.25852,36.37116],[139.25845,36.37112],[139.25841,36.3711],[139.25836,36.37107],[139.2581,36.3709],[139.25794,36.3708],[139.25791,36.37078],[139.25787,36.37075],[139.25769,36.37064],[139.25768,36.37063],[139.25747,36.37049],[139.2573,36.37038],[139.25697,36.37017],[139.25664,36.36995],[139.25662,36.36994],[139.25643,36.36982],[139.25624,36.3697],[139.25616,36.36965],[139.25597,36.36953],[139.25582,36.36944],[139.25567,36.36934],[139.25567,36.36934],[139.25582,36.36931],[139.25597,36.3694],[139.25602,36.36944],[139.25682,36.36995],[139.2576,36.36992],[139.25825,36.3699],[139.25947,36.36985],[139.25947,36.36973],[139.25945,36.36925],[139.25942,36.36919],[139.25925,36.36874],[139.25924,36.36872],[139.25986,36.3686],[139.26012,36.36856],[139.26032,36.36852],[139.26073,36.36846],[139.26105,36.3684],[139.26137,36.36837],[139.26158,36.36835],[139.26181,36.36833],[139.26202,36.3683],[139.26224,36.36828],[139.26246,36.36825],[139.26289,36.36818],[139.26309,36.36815],[139.26318,36.36814],[139.26334,36.3682],[139.26349,36.36815],[139.26366,36.36809],[139.2638,36.36806],[139.26401,36.36801],[139.26421,36.36797],[139.26435,36.36795],[139.26469,36.36789],[139.26497,36.36784],[139.26524,36.36778],[139.26542,36.36774],[139.26564,36.3677],[139.26584,36.36766],[139.26609,36.36764],[139.26634,36.36761],[139.26681,36.36755],[139.26688,36.36754],[139.26688,36.36754],[139.26689,36.36757],[139.26689,36.36759],[139.2669,36.36765],[139.26691,36.36769],[139.26692,36.36774],[139.26694,36.36783],[139.26698,36.36806],[139.26699,36.36811],[139.26703,36.36838],[139.26708,36.36864],[139.26713,36.36889],[139.26716,36.36906],[139.26719,36.36922],[139.26725,36.3695],[139.26729,36.36971],[139.26732,36.36987],[139.26733,36.36991],[139.26731,36.36999],[139.2673,36.37007],[139.26729,36.37015],[139.2673,36.37017],[139.26731,36.37026],[139.26733,36.37051],[139.26733,36.3707],[139.26734,36.37074],[139.26735,36.37077],[139.2674,36.37091],[139.2674,36.37092],[139.26741,36.37092],[139.26744,36.37093],[139.26796,36.37106],[139.26802,36.37108],[139.26803,36.37108],[139.26837,36.37116],[139.26852,36.3712],[139.26909,36.37134],[139.26911,36.37134],[139.26912,36.37134],[139.26912,36.37133],[139.26922,36.37111],[139.26923,36.37108],[139.26926,36.37102],[139.26931,36.37089],[139.26932,36.37086],[139.26937,36.37075],[139.2694,36.37066],[139.26952,36.37037],[139.26964,36.37009],[139.26966,36.37005],[139.27023,36.37019],[139.27078,36.37032],[139.27086,36.37033],[139.27082,36.37038],[139.27071,36.37068],[139.2706,36.37098],[139.27058,36.37104],[139.27052,36.3712],[139.27046,36.37137],[139.27041,36.3715],[139.27036,36.37163],[139.27036,36.37164],[139.27083,36.37176],[139.27106,36.37171],[139.27129,36.37167],[139.27132,36.37167],[139.27148,36.37163],[139.27163,36.3716],[139.27164,36.3716],[139.27168,36.3716]]]}},{"type":"Feature","properties":{"n":"前橋笠懸道路沿道地区"},"geometry":{"type":"Polygon","coordinates":[[[139.26697,36.39101],[139.26697,36.39105],[139.26697,36.3912],[139.26699,36.3913],[139.26701,36.39136],[139.26703,36.39143],[139.26717,36.39181],[139.26719,36.39186],[139.26723,36.39195],[139.26742,36.39215],[139.26743,36.39218],[139.26753,36.39243],[139.26757,36.39252],[139.26761,36.3926],[139.26769,36.3927],[139.26759,36.39272],[139.2675,36.39274],[139.26742,36.39276],[139.26729,36.39279],[139.26713,36.39283],[139.26693,36.39289],[139.26679,36.39293],[139.26661,36.39299],[139.26639,36.39307],[139.26617,36.39315],[139.26598,36.39322],[139.26585,36.39327],[139.26551,36.39342],[139.26539,36.39347],[139.26522,36.39353],[139.26495,36.39362],[139.26469,36.39368],[139.26469,36.39365],[139.26461,36.39366],[139.26449,36.3937],[139.26439,36.39372],[139.26429,36.39377],[139.26402,36.39379],[139.26381,36.39381],[139.26368,36.39382],[139.26347,36.39383],[139.26327,36.39388],[139.26319,36.3939],[139.26304,36.39394],[139.2629,36.39398],[139.26258,36.39401],[139.26251,36.39402],[139.26236,36.39406],[139.26217,36.39412],[139.26205,36.39417],[139.26196,36.39419],[139.26188,36.39421],[139.26181,36.39423],[139.26172,36.39424],[139.2616,36.39425],[139.26146,36.39425],[139.26121,36.39425],[139.26106,36.39425],[139.26097,36.39423],[139.26083,36.39422],[139.26065,36.39421],[139.26058,36.39422],[139.26048,36.39423],[139.2604,36.39423],[139.26022,36.39426],[139.26008,36.39428],[139.25954,36.39435],[139.25921,36.39439],[139.25897,36.39443],[139.25898,36.39448],[139.25887,36.3945],[139.25847,36.39457],[139.258,36.39465],[139.25759,36.39473],[139.25743,36.39476],[139.25738,36.39477],[139.25732,36.39478],[139.25725,36.3948],[139.25717,36.39483],[139.25694,36.3949],[139.25667,36.39499],[139.25652,36.39503],[139.25639,36.39505],[139.25609,36.39511],[139.25574,36.39518],[139.25556,36.39521],[139.25542,36.39522],[139.2553,36.39522],[139.25517,36.39523],[139.25482,36.39525],[139.25459,36.39526],[139.25429,36.39527],[139.25405,36.39527],[139.25388,36.39528],[139.25374,36.39527],[139.25372,36.39527],[139.25371,36.39492],[139.25371,36.39487],[139.25371,36.39481],[139.2537,36.39478],[139.25369,36.39473],[139.25365,36.39459],[139.25365,36.39457],[139.25353,36.39428],[139.25352,36.39424],[139.25352,36.39421],[139.25351,36.39419],[139.25352,36.39417],[139.25352,36.39414],[139.25353,36.39413],[139.25354,36.39411],[139.25357,36.39409],[139.25359,36.39408],[139.25362,36.39407],[139.25369,36.39404],[139.25371,36.39403],[139.25375,36.39401],[139.25377,36.394],[139.25379,36.39398],[139.25381,36.39396],[139.25382,36.39394],[139.25383,36.39392],[139.25385,36.39375],[139.25385,36.39369],[139.25385,36.39367],[139.25385,36.39364],[139.25384,36.39363],[139.25384,36.39359],[139.25383,36.39355],[139.25388,36.39355],[139.25395,36.39354],[139.25398,36.39353],[139.25403,36.39352],[139.25405,36.39352],[139.25411,36.39352],[139.25413,36.3935],[139.25411,36.39321],[139.25407,36.39272],[139.25406,36.39265],[139.25412,36.39262],[139.25411,36.39241],[139.25408,36.39192],[139.25405,36.39164],[139.25403,36.39162],[139.25367,36.3916],[139.25344,36.3916],[139.25307,36.39158],[139.25294,36.39158],[139.25278,36.39157],[139.25268,36.39157],[139.25244,36.39156],[139.25231,36.39158],[139.25224,36.39157],[139.25221,36.39157],[139.25205,36.39157],[139.25196,36.39156],[139.25184,36.39156],[139.25176,36.39155],[139.25117,36.39154],[139.2504,36.39152],[139.24989,36.39151],[139.24969,36.39151],[139.24969,36.39151],[139.24968,36.39151],[139.24966,36.39151],[139.2495,36.39159],[139.24936,36.39163],[139.24871,36.39171],[139.24868,36.39171],[139.24865,36.3917],[139.24854,36.39171],[139.24854,36.39165],[139.24856,36.39159],[139.24858,36.39155],[139.2486,36.39148],[139.24866,36.39139],[139.24875,36.3912],[139.24876,36.39116],[139.24868,36.3912],[139.2485,36.3913],[139.24836,36.39137],[139.24822,36.39144],[139.24822,36.39145],[139.24811,36.39151],[139.24784,36.39149],[139.24769,36.39145],[139.24764,36.39143],[139.24735,36.39133],[139.24706,36.39124],[139.24686,36.39118],[139.24667,36.39112],[139.2464,36.39104],[139.24614,36.39095],[139.24593,36.39088],[139.24573,36.39081],[139.24554,36.39076],[139.24536,36.3907],[139.2452,36.39066],[139.24503,36.39061],[139.24502,36.39061],[139.24501,36.39061],[139.24486,36.39062],[139.24481,36.39062],[139.24476,36.39063],[139.24474,36.39063],[139.24471,36.39063],[139.24469,36.39063],[139.24467,36.39063],[139.24461,36.39064],[139.24425,36.39073],[139.23803,36.38791],[139.238,36.38789],[139.23798,36.38788],[139.23795,36.38787],[139.23792,36.38786],[139.23789,36.38784],[139.23787,36.38783],[139.23784,36.38782],[139.23781,36.3878],[139.23778,36.38779],[139.23775,36.38778],[139.23773,36.38776],[139.2377,36.38775],[139.23767,36.38774],[139.23764,36.38773],[139.23762,36.38771],[139.23759,36.3877],[139.23756,36.38769],[139.23753,36.38768],[139.2375,36.38766],[139.23748,36.38765],[139.23745,36.38764],[139.23742,36.38763],[139.23739,36.38761],[139.23736,36.3876],[139.23733,36.38759],[139.23731,36.38758],[139.23728,36.38757],[139.23725,36.38755],[139.23722,36.38754],[139.23719,36.38753],[139.23717,36.38752],[139.23714,36.3875],[139.23711,36.38749],[139.23708,36.38748],[139.23705,36.38747],[139.23702,36.38746],[139.23699,36.38745],[139.23697,36.38743],[139.23694,36.38742],[139.23691,36.38741],[139.23688,36.3874],[139.23685,36.38739],[139.23682,36.38738],[139.23679,36.38736],[139.23677,36.38735],[139.23674,36.38734],[139.23671,36.38733],[139.23668,36.38732],[139.23665,36.38731],[139.23662,36.3873],[139.23659,36.38729],[139.23656,36.38727],[139.23653,36.38726],[139.23651,36.38725],[139.23648,36.38724],[139.23645,36.38723],[139.23642,36.38722],[139.23639,36.38721],[139.23636,36.3872],[139.23633,36.38719],[139.2363,36.38718],[139.23627,36.38717],[139.23624,36.38716],[139.23621,36.38714],[139.23619,36.38713],[139.23616,36.38712],[139.23613,36.38711],[139.2361,36.3871],[139.23607,36.38709],[139.23604,36.38708],[139.23601,36.38707],[139.23598,36.38706],[139.23595,36.38705],[139.23592,36.38704],[139.23589,36.38703],[139.23587,36.38702],[139.23584,36.38701],[139.23581,36.38701],[139.23578,36.387],[139.23576,36.38699],[139.23573,36.38698],[139.2357,36.38697],[139.23567,36.38696],[139.23564,36.38696],[139.23562,36.38695],[139.23559,36.38694],[139.23556,36.38693],[139.23553,36.38692],[139.2355,36.38692],[139.23548,36.38691],[139.23545,36.3869],[139.23542,36.38689],[139.23539,36.38689],[139.23536,36.38688],[139.23533,36.38687],[139.23531,36.38686],[139.23528,36.38686],[139.23525,36.38685],[139.23522,36.38684],[139.23519,36.38684],[139.23516,36.38683],[139.23514,36.38682],[139.23511,36.38682],[139.23508,36.38681],[139.23505,36.3868],[139.23502,36.3868],[139.23499,36.38679],[139.23496,36.38679],[139.23493,36.38678],[139.23491,36.38677],[139.23488,36.38677],[139.23485,36.38676],[139.23482,36.38676],[139.23479,36.38675],[139.23476,36.38674],[139.23473,36.38674],[139.2347,36.38673],[139.23467,36.38673],[139.23465,36.38672],[139.23462,36.38672],[139.23459,36.38671],[139.23456,36.38671],[139.23453,36.3867],[139.2345,36.3867],[139.23447,36.38669],[139.23444,36.38669],[139.23441,36.38668],[139.23438,36.38668],[139.23435,36.38668],[139.23433,36.38667],[139.2343,36.38667],[139.23427,36.38666],[139.23424,36.38666],[139.23421,36.38666],[139.23418,36.38665],[139.23415,36.38665],[139.23412,36.38664],[139.23409,36.38664],[139.23406,36.38664],[139.23403,36.38663],[139.234,36.38663],[139.23397,36.38663],[139.23394,36.38662],[139.23391,36.38662],[139.23388,36.38662],[139.23386,36.38662],[139.23383,36.38661],[139.2338,36.38661],[139.23377,36.38661],[139.23374,36.3866],[139.23371,36.3866],[139.23368,36.3866],[139.23365,36.3866],[139.23362,36.3866],[139.23359,36.38659],[139.23356,36.38659],[139.23353,36.38659],[139.2335,36.38659],[139.23347,36.38659],[139.23344,36.38658],[139.23341,36.38658],[139.23338,36.38658],[139.23335,36.38658],[139.23332,36.38658],[139.23329,36.38658],[139.23326,36.38658],[139.23323,36.38657],[139.2332,36.38657],[139.23317,36.38657],[139.23314,36.38657],[139.23312,36.38657],[139.23309,36.38657],[139.23306,36.38657],[139.23303,36.38657],[139.233,36.38657],[139.23297,36.38657],[139.23294,36.38657],[139.23291,36.38657],[139.23288,36.38657],[139.23285,36.38657],[139.23282,36.38657],[139.23279,36.38657],[139.23276,36.38657],[139.23273,36.38657],[139.2327,36.38657],[139.23267,36.38657],[139.23264,36.38657],[139.23261,36.38657],[139.23258,36.38657],[139.23255,36.38658],[139.23252,36.38658],[139.23249,36.38658],[139.23246,36.38658],[139.23243,36.38658],[139.2324,36.38658],[139.23237,36.38658],[139.23234,36.38658],[139.23231,36.38659],[139.23228,36.38659],[139.23225,36.38659],[139.23222,36.38659],[139.2322,36.38659],[139.23217,36.3866],[139.23214,36.3866],[139.23211,36.3866],[139.23208,36.3866],[139.23205,36.38661],[139.23202,36.38661],[139.23199,36.38661],[139.23196,36.38661],[139.23193,36.38662],[139.2319,36.38662],[139.23187,36.38662],[139.23184,36.38663],[139.23181,36.38663],[139.23178,36.38663],[139.23175,36.38664],[139.23172,36.38664],[139.23169,36.38664],[139.23166,36.38665],[139.23164,36.38665],[139.23161,36.38665],[139.23047,36.38679],[139.22783,36.38715],[139.22764,36.38718],[139.2235,36.38773],[139.22316,36.38777],[139.22318,36.3878],[139.22323,36.38785],[139.22326,36.38785],[139.2233,36.3879],[139.22335,36.38799],[139.22336,36.388],[139.22335,36.388],[139.22327,36.38801],[139.22306,36.38803],[139.22297,36.38804],[139.2226,36.38807],[139.22228,36.38811],[139.22212,36.38813],[139.22198,36.38814],[139.22185,36.38816],[139.22128,36.38824],[139.22114,36.38826],[139.22053,36.38835],[139.22032,36.38838],[139.2197,36.38847],[139.21909,36.38856],[139.21901,36.38857],[139.21895,36.38833],[139.21874,36.38743],[139.21861,36.38745],[139.2186,36.38746],[139.21826,36.38752],[139.21821,36.38764],[139.21751,36.38775],[139.21745,36.38747],[139.21727,36.38667],[139.21709,36.38674],[139.21619,36.38712],[139.21613,36.38736],[139.21609,36.38749],[139.21607,36.38754],[139.21604,36.38757],[139.216,36.38761],[139.21595,36.38763],[139.21585,36.38766],[139.21552,36.38777],[139.21549,36.38779],[139.21538,36.38803],[139.21537,36.38805],[139.21537,36.38807],[139.21536,36.38826],[139.2153,36.38825],[139.21524,36.38824],[139.21517,36.38823],[139.21511,36.38821],[139.21504,36.3882],[139.21497,36.38819],[139.21491,36.38817],[139.21484,36.38816],[139.21478,36.38814],[139.21471,36.38813],[139.21464,36.38811],[139.21458,36.3881],[139.21451,36.38808],[139.21445,36.38806],[139.21438,36.38805],[139.21432,36.38803],[139.21426,36.38801],[139.21419,36.38799],[139.21413,36.38798],[139.21406,36.38796],[139.214,36.38794],[139.21394,36.38792],[139.21387,36.3879],[139.21381,36.38788],[139.21375,36.38786],[139.21368,36.38784],[139.21362,36.38781],[139.21356,36.38779],[139.2135,36.38777],[139.21343,36.38775],[139.21337,36.38772],[139.21331,36.3877],[139.21325,36.38768],[139.21319,36.38765],[139.21313,36.38763],[139.21307,36.3876],[139.213,36.38758],[139.21294,36.38755],[139.21288,36.38753],[139.21282,36.3875],[139.21276,36.38747],[139.2127,36.38745],[139.21265,36.38742],[139.21259,36.38739],[139.21253,36.38737],[139.21247,36.38734],[139.21241,36.38731],[139.21235,36.38728],[139.2123,36.38725],[139.21224,36.38722],[139.21218,36.38719],[139.21212,36.38716],[139.21207,36.38713],[139.21201,36.3871],[139.21195,36.38707],[139.2119,36.38704],[139.21184,36.387],[139.21179,36.38697],[139.21173,36.38694],[139.21168,36.38691],[139.21162,36.38687],[139.21157,36.38684],[139.21152,36.38681],[139.21146,36.38677],[139.21141,36.38674],[139.21136,36.3867],[139.2113,36.38667],[139.21125,36.38663],[139.2112,36.3866],[139.21115,36.38656],[139.2111,36.38652],[139.21105,36.38649],[139.211,36.38645],[139.21095,36.38641],[139.2109,36.38638],[139.21085,36.38634],[139.2108,36.3863],[139.21075,36.38626],[139.2107,36.38622],[139.21065,36.38618],[139.2106,36.38615],[139.21056,36.38611],[139.21051,36.38607],[139.21046,36.38603],[139.21042,36.38599],[139.21037,36.38595],[139.21032,36.3859],[139.21028,36.38586],[139.21023,36.38582],[139.21019,36.38578],[139.21014,36.38574],[139.2101,36.3857],[139.21006,36.38565],[139.21001,36.38561],[139.20997,36.38557],[139.20993,36.38553],[139.20989,36.38548],[139.20984,36.38544],[139.2098,36.38539],[139.20976,36.38535],[139.20972,36.38531],[139.20968,36.38526],[139.20964,36.38522],[139.2096,36.38517],[139.20956,36.38513],[139.20953,36.38508],[139.20949,36.38504],[139.20945,36.38499],[139.20941,36.38494],[139.20938,36.3849],[139.20934,36.38485],[139.2093,36.3848],[139.20927,36.38476],[139.20923,36.38471],[139.2092,36.38466],[139.20911,36.38455],[139.20907,36.38447],[139.20926,36.38442],[139.20933,36.3844],[139.20924,36.38362],[139.20925,36.38355],[139.20933,36.38322],[139.20934,36.3832],[139.20935,36.3832],[139.20938,36.38318],[139.20939,36.38317],[139.20939,36.38316],[139.20939,36.38311],[139.20939,36.3831],[139.20924,36.38282],[139.20915,36.38271],[139.20905,36.38251],[139.20901,36.38242],[139.2094,36.38229],[139.20935,36.38219],[139.20931,36.3822],[139.20923,36.38222],[139.20916,36.38224],[139.20904,36.38225],[139.20894,36.38225],[139.20891,36.38225],[139.20857,36.38223],[139.20821,36.38221],[139.20811,36.38221],[139.2078,36.3822],[139.20742,36.38218],[139.20683,36.38215],[139.20664,36.38215],[139.20649,36.38216],[139.20638,36.38218],[139.20626,36.38221],[139.20615,36.38225],[139.20606,36.3823],[139.2059,36.38241],[139.20587,36.38244],[139.20583,36.38238],[139.20577,36.38229],[139.20564,36.38208],[139.20559,36.382],[139.2054,36.3817],[139.20528,36.38149],[139.20609,36.38124],[139.20647,36.38111],[139.20687,36.38083],[139.20689,36.38081],[139.20691,36.38079],[139.20695,36.3807],[139.20697,36.38062],[139.20705,36.38039],[139.20704,36.38036],[139.20692,36.38014],[139.20684,36.38004],[139.2065,36.37981],[139.20639,36.37973],[139.2063,36.37967],[139.20629,36.37966],[139.20621,36.37956],[139.20417,36.3797],[139.20416,36.37955],[139.2041,36.37911],[139.20407,36.37889],[139.20404,36.37857],[139.20409,36.37848],[139.20406,36.37841],[139.20401,36.37823],[139.20394,36.37802],[139.20383,36.37768],[139.20374,36.3774],[139.20378,36.37739],[139.20372,36.37719],[139.2036,36.37689],[139.20355,36.37676],[139.2034,36.37641],[139.20336,36.37631],[139.20329,36.37611],[139.20319,36.37575],[139.20315,36.37555],[139.20306,36.37554],[139.20303,36.3755],[139.20295,36.37551],[139.20281,36.37558],[139.20262,36.37555],[139.20234,36.37561],[139.20195,36.37559],[139.20146,36.37586],[139.20143,36.37579],[139.20142,36.37577],[139.20121,36.37596],[139.20085,36.37588],[139.20061,36.37584],[139.20042,36.37583],[139.20037,36.37584],[139.2001,36.376],[139.19991,36.37616],[139.19986,36.37617],[139.19962,36.3763],[139.19959,36.37631],[139.19956,36.37631],[139.19951,36.3763],[139.19946,36.37629],[139.19938,36.37627],[139.19932,36.37621],[139.19888,36.37593],[139.19862,36.37579],[139.19841,36.37565],[139.19823,36.37557],[139.198,36.37539],[139.19785,36.37527],[139.1966,36.3752],[139.19657,36.37517],[139.19663,36.37433],[139.19654,36.37433],[139.19659,36.37355],[139.19534,36.37349],[139.19478,36.37424],[139.19472,36.37423],[139.19443,36.37416],[139.19379,36.37413],[139.19366,36.37412],[139.1935,36.37409],[139.19331,36.37403],[139.19313,36.37396],[139.19303,36.37391],[139.19295,36.37386],[139.19281,36.37374],[139.1919,36.37297],[139.19179,36.37288],[139.19177,36.37241],[139.19177,36.37225],[139.19191,36.37228],[139.19215,36.37231],[139.20253,36.37286],[139.20281,36.37288],[139.20431,36.37296],[139.20478,36.37298],[139.20546,36.37303],[139.20586,36.37308],[139.20591,36.37308],[139.20596,36.37309],[139.20601,36.3731],[139.20606,36.3731],[139.2061,36.37311],[139.20615,36.37312],[139.2062,36.37313],[139.20625,36.37314],[139.2063,36.37314],[139.20635,36.37315],[139.20639,36.37316],[139.20644,36.37317],[139.20649,36.37318],[139.20654,36.37319],[139.20659,36.3732],[139.20664,36.37321],[139.20668,36.37322],[139.20673,36.37323],[139.20678,36.37324],[139.20683,36.37325],[139.20687,36.37326],[139.20692,36.37328],[139.20697,36.37329],[139.20702,36.3733],[139.20706,36.37331],[139.20711,36.37332],[139.20716,36.37334],[139.2072,36.37335],[139.20725,36.37336],[139.2073,36.37338],[139.20735,36.37339],[139.20739,36.3734],[139.20744,36.37342],[139.20748,36.37343],[139.20753,36.37345],[139.20758,36.37346],[139.20762,36.37348],[139.20767,36.37349],[139.20772,36.37351],[139.20776,36.37352],[139.20781,36.37354],[139.20785,36.37355],[139.2079,36.37357],[139.20794,36.37359],[139.20799,36.3736],[139.20803,36.37362],[139.20808,36.37364],[139.20812,36.37365],[139.20817,36.37367],[139.20821,36.37369],[139.20826,36.37371],[139.2083,36.37373],[139.20834,36.37374],[139.20839,36.37376],[139.20843,36.37378],[139.20848,36.3738],[139.20852,36.37382],[139.20856,36.37384],[139.20861,36.37386],[139.20865,36.37388],[139.20869,36.3739],[139.20873,36.37392],[139.20878,36.37394],[139.20882,36.37396],[139.20886,36.37398],[139.2089,36.374],[139.20895,36.37402],[139.20899,36.37404],[139.20903,36.37407],[139.20907,36.37409],[139.20911,36.37411],[139.20915,36.37413],[139.2092,36.37416],[139.20924,36.37418],[139.20928,36.3742],[139.20932,36.37422],[139.20936,36.37425],[139.2094,36.37427],[139.20944,36.37429],[139.20948,36.37432],[139.20952,36.37434],[139.20956,36.37437],[139.2096,36.37439],[139.20964,36.37442],[139.20968,36.37444],[139.20971,36.37446],[139.20975,36.37449],[139.20979,36.37452],[139.20983,36.37454],[139.20987,36.37457],[139.20991,36.37459],[139.20994,36.37462],[139.20998,36.37464],[139.21002,36.37467],[139.21006,36.3747],[139.21009,36.37472],[139.21013,36.37475],[139.21017,36.37478],[139.2102,36.37481],[139.21024,36.37483],[139.21027,36.37486],[139.21031,36.37489],[139.21035,36.37492],[139.21038,36.37494],[139.21042,36.37497],[139.21045,36.375],[139.21049,36.37503],[139.21052,36.37506],[139.21055,36.37509],[139.21059,36.37512],[139.21062,36.37515],[139.21066,36.37518],[139.21069,36.37521],[139.21072,36.37524],[139.21076,36.37527],[139.21079,36.3753],[139.21082,36.37533],[139.21085,36.37536],[139.21088,36.37539],[139.21092,36.37542],[139.21095,36.37545],[139.21098,36.37548],[139.21101,36.37551],[139.21104,36.37554],[139.21107,36.37557],[139.2111,36.37561],[139.21113,36.37564],[139.21116,36.37567],[139.21119,36.3757],[139.21122,36.37573],[139.21125,36.37577],[139.21128,36.3758],[139.21131,36.37583],[139.21134,36.37586],[139.21137,36.3759],[139.2114,36.37593],[139.21142,36.37596],[139.21145,36.376],[139.21148,36.37603],[139.21151,36.37606],[139.21153,36.3761],[139.21156,36.37613],[139.21159,36.37616],[139.21161,36.3762],[139.21164,36.37623],[139.21166,36.37627],[139.21169,36.3763],[139.21171,36.37634],[139.21183,36.37649],[139.21201,36.37677],[139.21233,36.37734],[139.21465,36.38143],[139.21486,36.38178],[139.21497,36.38194],[139.21503,36.38201],[139.21509,36.38209],[139.21516,36.38216],[139.21523,36.38223],[139.2153,36.3823],[139.21538,36.38236],[139.21546,36.38242],[139.21554,36.38248],[139.21563,36.38254],[139.21571,36.3826],[139.21581,36.38265],[139.2159,36.3827],[139.21599,36.38274],[139.21609,36.38278],[139.21619,36.38282],[139.21629,36.38286],[139.2164,36.38289],[139.2165,36.38292],[139.21661,36.38295],[139.21672,36.38297],[139.21682,36.38299],[139.21693,36.383],[139.21704,36.38302],[139.21717,36.38302],[139.21746,36.38303],[139.21776,36.38301],[139.21811,36.38297],[139.22247,36.38239],[139.22281,36.38234],[139.22448,36.38212],[139.22468,36.38209],[139.22488,36.38206],[139.22634,36.38187],[139.22635,36.38181],[139.22634,36.38173],[139.22634,36.38162],[139.22633,36.3816],[139.2263,36.38156],[139.22631,36.38156],[139.22644,36.38154],[139.22648,36.38154],[139.22652,36.38153],[139.22661,36.3815],[139.22677,36.38146],[139.22718,36.38133],[139.22736,36.38129],[139.22746,36.38128],[139.22747,36.38128],[139.22759,36.38126],[139.22785,36.38119],[139.22808,36.38164],[139.22808,36.38165],[139.22816,36.3818],[139.22833,36.38218],[139.22842,36.38237],[139.22854,36.38263],[139.22856,36.38266],[139.22884,36.38324],[139.22917,36.38396],[139.22945,36.38391],[139.22959,36.38389],[139.22962,36.38387],[139.22964,36.38386],[139.22969,36.38383],[139.22971,36.38381],[139.22973,36.3838],[139.22976,36.38379],[139.2298,36.38378],[139.23009,36.38373],[139.23035,36.38369],[139.23073,36.38354],[139.23079,36.3836],[139.23082,36.38362],[139.23131,36.38401],[139.23139,36.38397],[139.23146,36.38393],[139.2315,36.38391],[139.23155,36.38388],[139.2316,36.38387],[139.23167,36.38385],[139.23178,36.38382],[139.23201,36.38376],[139.23313,36.38351],[139.23294,36.38297],[139.23268,36.38222],[139.23238,36.38137],[139.23261,36.38132],[139.23356,36.38111],[139.23357,36.38113],[139.23358,36.38117],[139.23382,36.38183],[139.23383,36.38182],[139.23396,36.38217],[139.23429,36.38209],[139.23489,36.38168],[139.23494,36.38164],[139.23516,36.38149],[139.23525,36.38143],[139.2354,36.38133],[139.23591,36.38099],[139.23605,36.38134],[139.23609,36.38144],[139.23611,36.38148],[139.23619,36.38149],[139.23663,36.38154],[139.23675,36.38156],[139.23687,36.38156],[139.23737,36.38158],[139.23746,36.38158],[139.23753,36.38159],[139.23764,36.3816],[139.23782,36.38162],[139.23816,36.38167],[139.23827,36.3817],[139.23839,36.38172],[139.2384,36.38172],[139.23842,36.38172],[139.23843,36.38171],[139.23857,36.3816],[139.23863,36.38155],[139.23866,36.38163],[139.23872,36.38182],[139.23882,36.38213],[139.23883,36.38217],[139.23885,36.38218],[139.2391,36.38226],[139.2394,36.38238],[139.2397,36.38249],[139.23999,36.38261],[139.24027,36.38273],[139.24054,36.38285],[139.2408,36.38296],[139.24105,36.38308],[139.2413,36.38319],[139.24911,36.38673],[139.2493,36.38682],[139.24935,36.38684],[139.24936,36.38707],[139.24937,36.38732],[139.24938,36.38749],[139.24938,36.38768],[139.24938,36.38778],[139.24938,36.38787],[139.24936,36.38795],[139.24934,36.38821],[139.24932,36.38834],[139.24937,36.38835],[139.24957,36.38837],[139.24981,36.38838],[139.24994,36.38838],[139.25075,36.3884],[139.25084,36.3884],[139.2525,36.38846],[139.25263,36.38846],[139.2542,36.38851],[139.25429,36.38851],[139.25432,36.38852],[139.25483,36.38853],[139.25556,36.38856],[139.25565,36.38856],[139.2562,36.3885],[139.25695,36.38841],[139.25748,36.38835],[139.2581,36.38828],[139.25859,36.38822],[139.25859,36.38831],[139.25858,36.38844],[139.25858,36.3887],[139.25856,36.38907],[139.25856,36.38908],[139.25863,36.38909],[139.25873,36.38911],[139.25882,36.38912],[139.25891,36.38913],[139.259,36.38915],[139.25908,36.38916],[139.25918,36.38918],[139.25927,36.38919],[139.25936,36.38921],[139.25945,36.38922],[139.25953,36.38924],[139.25962,36.38925],[139.25971,36.38927],[139.25981,36.38928],[139.2599,36.3893],[139.25999,36.38931],[139.26008,36.38933],[139.26017,36.38935],[139.26026,36.38936],[139.26035,36.38938],[139.26043,36.3894],[139.26053,36.38941],[139.26062,36.38943],[139.2607,36.38945],[139.26079,36.38946],[139.26088,36.38948],[139.26098,36.3895],[139.26107,36.38952],[139.26116,36.38953],[139.26124,36.38955],[139.26133,36.38957],[139.26143,36.38959],[139.26152,36.38961],[139.2616,36.38962],[139.2617,36.38964],[139.26179,36.38966],[139.26187,36.38968],[139.26196,36.3897],[139.26205,36.38972],[139.26214,36.38974],[139.26223,36.38976],[139.26232,36.38978],[139.26241,36.3898],[139.2625,36.38982],[139.26259,36.38984],[139.26268,36.38986],[139.26276,36.38988],[139.26285,36.3899],[139.26294,36.38992],[139.26303,36.38994],[139.26312,36.38996],[139.26321,36.38998],[139.2633,36.39],[139.26338,36.39002],[139.26347,36.39004],[139.26356,36.39006],[139.26365,36.39009],[139.26374,36.39011],[139.26383,36.39013],[139.26392,36.39015],[139.26451,36.3903],[139.26575,36.39064],[139.26639,36.39084],[139.26697,36.39101]]]}},{"type":"Feature","properties":{"n":"田園居住地区"},"geometry":{"type":"Polygon","coordinates":[[[139.24425,36.39073],[139.24425,36.39073],[139.24399,36.39079],[139.24358,36.39088],[139.24317,36.39097],[139.24292,36.39103],[139.24269,36.39108],[139.24251,36.39113],[139.24222,36.39119],[139.24208,36.39122],[139.24202,36.39124],[139.24194,36.39125],[139.24169,36.39131],[139.24143,36.39136],[139.24112,36.39143],[139.2408,36.3915],[139.24074,36.39152],[139.24069,36.39153],[139.24067,36.39154],[139.24064,36.39154],[139.24062,36.39155],[139.24059,36.39156],[139.24054,36.39159],[139.24053,36.3916],[139.2405,36.39161],[139.24049,36.39163],[139.24049,36.39164],[139.24049,36.39164],[139.24049,36.39165],[139.24053,36.39169],[139.24058,36.39173],[139.24089,36.39202],[139.24112,36.39223],[139.24131,36.39241],[139.24135,36.39245],[139.24139,36.39249],[139.24142,36.39252],[139.24149,36.39258],[139.24156,36.39265],[139.2416,36.39269],[139.24171,36.39279],[139.24185,36.39293],[139.24189,36.39296],[139.24201,36.39307],[139.24213,36.39319],[139.24219,36.39324],[139.2422,36.39325],[139.24225,36.39329],[139.24228,36.39332],[139.24235,36.39338],[139.24252,36.3935],[139.24274,36.39366],[139.24282,36.39372],[139.24321,36.39401],[139.24361,36.3943],[139.24369,36.39436],[139.24398,36.39461],[139.24425,36.39486],[139.24472,36.39531],[139.24484,36.39546],[139.24491,36.39556],[139.24498,36.39567],[139.24516,36.39601],[139.24523,36.39613],[139.24524,36.39615],[139.24533,36.39632],[139.24546,36.39655],[139.24547,36.39658],[139.24548,36.39658],[139.24549,36.39659],[139.2455,36.39659],[139.2458,36.39653],[139.24623,36.39644],[139.24654,36.39638],[139.24663,36.39634],[139.24698,36.39626],[139.24705,36.39624],[139.24761,36.39608],[139.2478,36.39603],[139.2482,36.39591],[139.24835,36.39588],[139.24851,36.39583],[139.24877,36.39574],[139.24879,36.39573],[139.24899,36.39566],[139.24915,36.3956],[139.24936,36.39552],[139.24939,36.39551],[139.24946,36.39548],[139.24958,36.39543],[139.24956,36.39552],[139.24949,36.39555],[139.24948,36.39563],[139.24943,36.39573],[139.24943,36.39583],[139.24942,36.39587],[139.24941,36.39601],[139.2494,36.39607],[139.2494,36.3961],[139.2494,36.39614],[139.24946,36.39612],[139.24951,36.39624],[139.24956,36.39639],[139.24958,36.39653],[139.24958,36.39671],[139.2496,36.39679],[139.24962,36.39683],[139.24968,36.39684],[139.24972,36.39694],[139.24975,36.397],[139.24982,36.39711],[139.24986,36.39723],[139.24997,36.39757],[139.24995,36.39765],[139.24998,36.39768],[139.25,36.39775],[139.25,36.39782],[139.25007,36.39789],[139.25023,36.39787],[139.2503,36.39787],[139.2504,36.39789],[139.25059,36.39796],[139.25053,36.39799],[139.25069,36.39806],[139.25072,36.39827],[139.25068,36.39836],[139.25068,36.39837],[139.25072,36.39845],[139.25077,36.39856],[139.25082,36.39866],[139.25084,36.39871],[139.25085,36.39875],[139.25085,36.39882],[139.25087,36.39891],[139.25097,36.39889],[139.25098,36.3989],[139.25099,36.3989],[139.251,36.39892],[139.25103,36.39896],[139.25106,36.39902],[139.25109,36.39909],[139.2511,36.39914],[139.25111,36.39922],[139.25111,36.39928],[139.25112,36.39933],[139.25114,36.39939],[139.25119,36.3995],[139.25127,36.39971],[139.25131,36.3998],[139.25135,36.39987],[139.25138,36.39994],[139.25142,36.40003],[139.25145,36.40013],[139.25147,36.40015],[139.25149,36.40019],[139.2515,36.40021],[139.25152,36.40022],[139.25154,36.40023],[139.2516,36.40025],[139.25164,36.40026],[139.25167,36.40027],[139.2517,36.40029],[139.25173,36.40031],[139.25175,36.40034],[139.25179,36.40038],[139.25181,36.40041],[139.25183,36.40049],[139.25186,36.40056],[139.2519,36.40064],[139.25191,36.40068],[139.2519,36.40072],[139.25187,36.4009],[139.25186,36.40097],[139.2517,36.401],[139.25183,36.40122],[139.25188,36.4013],[139.252,36.40151],[139.25203,36.40158],[139.25213,36.40184],[139.25218,36.40185],[139.25226,36.40194],[139.25231,36.40201],[139.25237,36.40209],[139.25238,36.40211],[139.25239,36.40213],[139.2524,36.40218],[139.25241,36.40233],[139.25242,36.40243],[139.25243,36.40244],[139.25243,36.40245],[139.25247,36.40248],[139.25256,36.40257],[139.25259,36.4026],[139.25262,36.40264],[139.25264,36.40268],[139.25266,36.40273],[139.25269,36.40278],[139.25273,36.40289],[139.25276,36.40301],[139.25281,36.40304],[139.25285,36.40309],[139.25288,36.40315],[139.25294,36.40328],[139.25296,36.40334],[139.25305,36.4035],[139.25314,36.40366],[139.25317,36.40371],[139.25324,36.40379],[139.25336,36.40397],[139.25343,36.40406],[139.25351,36.40416],[139.25358,36.40412],[139.25373,36.40402],[139.25391,36.40391],[139.25395,36.40389],[139.25405,36.404],[139.25406,36.40401],[139.25413,36.40407],[139.25423,36.40418],[139.25457,36.40453],[139.25469,36.40467],[139.25482,36.4048],[139.25492,36.40486],[139.25506,36.40495],[139.25514,36.40503],[139.25529,36.40519],[139.25532,36.40523],[139.25535,36.40526],[139.2554,36.4053],[139.25537,36.40535],[139.25533,36.4054],[139.25532,36.40545],[139.25531,36.40549],[139.25532,36.40559],[139.25533,36.40569],[139.25534,36.40575],[139.25534,36.40579],[139.25536,36.40585],[139.25538,36.40592],[139.25542,36.40603],[139.25545,36.40608],[139.25547,36.40612],[139.2555,36.40615],[139.25554,36.40618],[139.25567,36.40625],[139.25565,36.40628],[139.25565,36.40633],[139.25566,36.40642],[139.25567,36.40644],[139.25573,36.40648],[139.2558,36.40652],[139.25584,36.40655],[139.25585,36.40658],[139.25582,36.40661],[139.25579,36.40666],[139.25576,36.40671],[139.25575,36.40675],[139.25575,36.40686],[139.25577,36.407],[139.25578,36.40714],[139.25578,36.4072],[139.25578,36.4073],[139.25577,36.40739],[139.25577,36.40744],[139.25579,36.40751],[139.25583,36.40758],[139.25586,36.40766],[139.2559,36.40778],[139.25593,36.4079],[139.25594,36.40793],[139.25597,36.408],[139.256,36.40807],[139.25602,36.4081],[139.25613,36.40816],[139.25615,36.40817],[139.25616,36.40819],[139.25617,36.40822],[139.25617,36.40833],[139.25608,36.40842],[139.25608,36.40848],[139.25612,36.40851],[139.256,36.40861],[139.25597,36.40859],[139.25594,36.40857],[139.25589,36.40849],[139.25556,36.40818],[139.25547,36.40812],[139.25545,36.4081],[139.25534,36.40792],[139.25531,36.40788],[139.25528,36.40785],[139.25526,36.40782],[139.25523,36.4078],[139.25518,36.40778],[139.25515,36.40775],[139.2551,36.40773],[139.25501,36.40774],[139.25495,36.40775],[139.25492,36.40775],[139.25486,36.40775],[139.25479,36.40774],[139.25459,36.4077],[139.2544,36.40766],[139.25412,36.40759],[139.25408,36.40759],[139.25403,36.40759],[139.25396,36.4076],[139.25351,36.40768],[139.25353,36.40778],[139.25352,36.40786],[139.25347,36.40787],[139.25348,36.40781],[139.25348,36.40781],[139.25349,36.40778],[139.25347,36.40772],[139.25344,36.40767],[139.25342,36.40763],[139.25336,36.40757],[139.25278,36.40774],[139.25251,36.40713],[139.25243,36.40697],[139.25228,36.40697],[139.25221,36.40697],[139.2522,36.40695],[139.25175,36.40697],[139.25153,36.40698],[139.25142,36.4069],[139.25125,36.40689],[139.25114,36.40689],[139.25084,36.40689],[139.25049,36.40689],[139.25023,36.40689],[139.25005,36.40689],[139.24969,36.40688],[139.24952,36.40687],[139.24937,36.40686],[139.2493,36.40685],[139.24924,36.40684],[139.24923,36.40681],[139.24921,36.40665],[139.24916,36.40665],[139.24912,36.40664],[139.24904,36.40663],[139.24899,36.40662],[139.24894,36.40662],[139.24889,36.40661],[139.24883,36.40659],[139.24863,36.40652],[139.24855,36.4065],[139.24848,36.40649],[139.24842,36.40648],[139.2483,36.40645],[139.24812,36.40639],[139.24797,36.40634],[139.24787,36.40631],[139.24775,36.40629],[139.24766,36.40628],[139.24749,36.40624],[139.24738,36.4062],[139.24712,36.40613],[139.24683,36.40601],[139.24666,36.406],[139.24627,36.40592],[139.24595,36.40583],[139.24563,36.40575],[139.24559,36.40573],[139.24569,36.40562],[139.24578,36.40554],[139.24586,36.40547],[139.24592,36.40541],[139.24598,36.40535],[139.24603,36.40531],[139.2461,36.40527],[139.24603,36.40517],[139.24598,36.40508],[139.24589,36.40492],[139.24588,36.4049],[139.24587,36.40489],[139.24571,36.40458],[139.24577,36.40457],[139.24577,36.40456],[139.24565,36.4043],[139.24559,36.40431],[139.24548,36.40413],[139.24531,36.40386],[139.24527,36.4038],[139.24525,36.40377],[139.24519,36.40367],[139.24518,36.40365],[139.24514,36.40361],[139.24509,36.40354],[139.24509,36.40353],[139.24504,36.40344],[139.24501,36.40341],[139.24495,36.40324],[139.2449,36.40311],[139.24487,36.40306],[139.24478,36.40283],[139.24475,36.40283],[139.24472,36.40278],[139.24461,36.40248],[139.24447,36.40223],[139.24438,36.40203],[139.24435,36.40204],[139.24409,36.40166],[139.244,36.40152],[139.24384,36.40126],[139.24379,36.40121],[139.24376,36.4012],[139.24374,36.40117],[139.24372,36.40116],[139.2437,36.40113],[139.24366,36.40104],[139.24363,36.40098],[139.2436,36.40093],[139.24356,36.40088],[139.24352,36.40081],[139.24345,36.40072],[139.2434,36.40065],[139.24337,36.40061],[139.24333,36.40056],[139.24332,36.40055],[139.24314,36.40028],[139.24294,36.40002],[139.24287,36.3999],[139.24285,36.39988],[139.24269,36.39972],[139.24254,36.39959],[139.2425,36.39956],[139.24249,36.39955],[139.24248,36.39953],[139.24248,36.39951],[139.24244,36.39942],[139.24243,36.39939],[139.24241,36.39936],[139.24217,36.39909],[139.24183,36.39867],[139.24178,36.39864],[139.24173,36.39858],[139.24162,36.39843],[139.24143,36.39816],[139.24143,36.39807],[139.24141,36.39802],[139.24139,36.39801],[139.24131,36.39781],[139.24132,36.39779],[139.24129,36.39773],[139.24124,36.39762],[139.24111,36.39745],[139.24093,36.39718],[139.24089,36.39713],[139.24087,36.39712],[139.24083,36.39709],[139.24082,36.39708],[139.24038,36.39724],[139.24015,36.39732],[139.24012,36.39732],[139.2401,36.39731],[139.23997,36.39698],[139.23986,36.39704],[139.23955,36.39721],[139.23947,36.39725],[139.23913,36.39743],[139.23898,36.3975],[139.23885,36.39743],[139.2386,36.39725],[139.2385,36.39718],[139.23845,36.39714],[139.23839,36.39709],[139.23822,36.3969],[139.23816,36.39683],[139.23809,36.39676],[139.23802,36.39669],[139.23795,36.39663],[139.23792,36.39661],[139.23782,36.39656],[139.23773,36.39655],[139.2377,36.39654],[139.23768,36.39653],[139.23765,36.39651],[139.23763,36.3965],[139.23761,36.39646],[139.23758,36.39641],[139.23755,36.39634],[139.23746,36.39615],[139.2374,36.396],[139.23739,36.39595],[139.23734,36.39575],[139.23731,36.39565],[139.23727,36.39551],[139.23726,36.39547],[139.2371,36.39503],[139.2371,36.39499],[139.23705,36.39485],[139.23703,36.39481],[139.23695,36.39457],[139.23689,36.39442],[139.23676,36.39406],[139.23662,36.39364],[139.23656,36.39349],[139.2365,36.39334],[139.23639,36.39319],[139.23614,36.39298],[139.23618,36.39298],[139.23602,36.39277],[139.23589,36.3928],[139.23576,36.39287],[139.23556,36.39307],[139.23539,36.39324],[139.23523,36.3934],[139.23511,36.39346],[139.23506,36.39353],[139.23508,36.39364],[139.23503,36.39367],[139.23499,36.39368],[139.235,36.39386],[139.235,36.3939],[139.23499,36.39406],[139.23498,36.39429],[139.23495,36.39493],[139.23514,36.39522],[139.23546,36.39564],[139.23563,36.39566],[139.23567,36.39571],[139.23568,36.39583],[139.23537,36.39612],[139.23533,36.39616],[139.23528,36.3966],[139.23534,36.39678],[139.23541,36.39683],[139.23552,36.39687],[139.23553,36.3969],[139.23545,36.39695],[139.23534,36.39696],[139.23514,36.39704],[139.23482,36.39708],[139.23448,36.39694],[139.23444,36.39698],[139.2343,36.3969],[139.23392,36.39658],[139.23382,36.39654],[139.23379,36.39656],[139.23371,36.39655],[139.23368,36.39661],[139.233,36.39696],[139.23296,36.39702],[139.2328,36.39718],[139.23277,36.3972],[139.23267,36.3972],[139.2325,36.39724],[139.23232,36.39729],[139.23228,36.39743],[139.23227,36.39746],[139.23214,36.39757],[139.23208,36.3977],[139.23208,36.39773],[139.23207,36.39775],[139.23207,36.39778],[139.23207,36.39781],[139.23208,36.39783],[139.23209,36.39787],[139.23215,36.398],[139.23217,36.39806],[139.2322,36.39813],[139.23222,36.39819],[139.23225,36.39833],[139.23226,36.39834],[139.23228,36.39837],[139.23241,36.39849],[139.23261,36.39879],[139.23271,36.39888],[139.23276,36.39893],[139.23282,36.39903],[139.23284,36.39909],[139.23286,36.39917],[139.23285,36.3992],[139.23285,36.39922],[139.23284,36.39927],[139.23282,36.39932],[139.23282,36.39936],[139.23282,36.3994],[139.23283,36.39944],[139.23285,36.39953],[139.23287,36.39961],[139.23289,36.39969],[139.23289,36.39974],[139.2329,36.39979],[139.2329,36.3999],[139.2329,36.39997],[139.2329,36.40001],[139.23291,36.40009],[139.23293,36.4002],[139.23296,36.40032],[139.23296,36.40038],[139.23297,36.40042],[139.23297,36.40046],[139.23298,36.40049],[139.23299,36.40052],[139.23302,36.40057],[139.23305,36.40063],[139.23306,36.40067],[139.23306,36.4007],[139.23306,36.40073],[139.23306,36.40076],[139.23303,36.40083],[139.23298,36.40095],[139.23293,36.40102],[139.23291,36.40107],[139.2329,36.40111],[139.23289,36.40115],[139.23288,36.4012],[139.23288,36.40124],[139.23288,36.40131],[139.23289,36.40134],[139.2329,36.40143],[139.23293,36.40149],[139.23298,36.40164],[139.233,36.40169],[139.23305,36.40179],[139.23308,36.40187],[139.23312,36.40194],[139.23333,36.40224],[139.23339,36.40235],[139.23351,36.40271],[139.23356,36.4028],[139.23366,36.40296],[139.23371,36.40306],[139.23376,36.4031],[139.2338,36.40314],[139.23385,36.40325],[139.2339,36.40338],[139.23396,36.40355],[139.23399,36.40363],[139.234,36.40368],[139.23403,36.40377],[139.23404,36.40385],[139.23405,36.4039],[139.23406,36.40403],[139.23405,36.40415],[139.23406,36.40428],[139.23408,36.40436],[139.2341,36.40445],[139.2341,36.40454],[139.23403,36.40454],[139.23377,36.40454],[139.23341,36.40454],[139.23328,36.40453],[139.23313,36.40453],[139.23303,36.40454],[139.23295,36.40454],[139.23285,36.40455],[139.23273,36.40456],[139.2325,36.40459],[139.23164,36.40483],[139.23132,36.40491],[139.23095,36.40501],[139.23078,36.40505],[139.23066,36.40508],[139.2306,36.40509],[139.23055,36.40509],[139.23045,36.40506],[139.23039,36.40504],[139.23035,36.40501],[139.23029,36.40496],[139.23024,36.40489],[139.23022,36.40479],[139.23018,36.40472],[139.23011,36.4046],[139.23006,36.40452],[139.22998,36.40438],[139.22995,36.40434],[139.2299,36.40432],[139.2298,36.40434],[139.22981,36.40437],[139.22952,36.40438],[139.22898,36.40441],[139.22866,36.40441],[139.22853,36.40441],[139.22841,36.40437],[139.22827,36.4043],[139.22815,36.40426],[139.22803,36.40421],[139.22796,36.40419],[139.22791,36.40417],[139.22788,36.40417],[139.22783,36.40416],[139.2277,36.40414],[139.22749,36.40411],[139.22697,36.40405],[139.22692,36.40398],[139.22684,36.40397],[139.22675,36.40406],[139.22686,36.40385],[139.22691,36.40375],[139.22676,36.40373],[139.22665,36.40372],[139.22652,36.40369],[139.22646,36.40366],[139.22634,36.4036],[139.22631,36.40358],[139.22627,36.40358],[139.22619,36.40358],[139.22612,36.40358],[139.22611,36.40358],[139.22599,36.40356],[139.22588,36.40355],[139.22568,36.40353],[139.22539,36.40348],[139.22529,36.40347],[139.22523,36.40346],[139.22513,36.40345],[139.22493,36.40342],[139.22486,36.40342],[139.22482,36.40342],[139.22476,36.40342],[139.22468,36.40343],[139.22451,36.40347],[139.22433,36.40351],[139.2243,36.40352],[139.22427,36.40352],[139.22424,36.40352],[139.22418,36.40351],[139.22412,36.4035],[139.22408,36.4035],[139.22406,36.4035],[139.22403,36.40351],[139.22397,36.40352],[139.22395,36.40352],[139.22381,36.40356],[139.22378,36.40356],[139.22377,36.40356],[139.22374,36.40334],[139.22372,36.40314],[139.22371,36.40311],[139.22371,36.4031],[139.22369,36.40299],[139.22367,36.40293],[139.22367,36.40291],[139.22366,36.4029],[139.22351,36.40289],[139.22345,36.40288],[139.22329,36.40287],[139.22321,36.40287],[139.22314,36.40287],[139.22307,36.40287],[139.22294,36.40288],[139.22287,36.40288],[139.22282,36.40288],[139.2228,36.40288],[139.22277,36.40287],[139.22275,36.40285],[139.22274,36.40284],[139.22274,36.40283],[139.22273,36.40282],[139.22272,36.4028],[139.2227,36.40276],[139.22264,36.40261],[139.22257,36.40238],[139.22253,36.40227],[139.22252,36.40224],[139.2225,36.40222],[139.22248,36.4022],[139.22245,36.40217],[139.22236,36.4021],[139.222,36.40188],[139.22211,36.40172],[139.22197,36.40168],[139.22193,36.40166],[139.22211,36.4015],[139.22197,36.40146],[139.2219,36.40153],[139.22183,36.40153],[139.22178,36.4016],[139.22161,36.40169],[139.22143,36.40176],[139.22089,36.40199],[139.2204,36.40215],[139.22015,36.4022],[139.21985,36.40226],[139.2197,36.40222],[139.21953,36.40212],[139.21948,36.40202],[139.21938,36.40197],[139.21922,36.40226],[139.2192,36.40241],[139.21902,36.40235],[139.21893,36.40216],[139.21891,36.40193],[139.21875,36.40155],[139.21869,36.40153],[139.21825,36.40145],[139.21784,36.40152],[139.21752,36.4016],[139.21714,36.4016],[139.2171,36.40158],[139.21704,36.40143],[139.21702,36.40128],[139.21714,36.40105],[139.21717,36.40102],[139.21724,36.40071],[139.2173,36.40042],[139.21737,36.40024],[139.2174,36.40011],[139.21741,36.39994],[139.21742,36.39977],[139.21735,36.39964],[139.21732,36.39958],[139.2173,36.39953],[139.21726,36.39948],[139.21723,36.39944],[139.21718,36.39939],[139.21715,36.39936],[139.21714,36.39935],[139.2171,36.39931],[139.21708,36.3993],[139.21703,36.39927],[139.21681,36.39911],[139.21669,36.39902],[139.21637,36.39882],[139.21616,36.39878],[139.21604,36.39875],[139.21593,36.3987],[139.2159,36.39866],[139.21585,36.39856],[139.21582,36.3985],[139.21579,36.39842],[139.21578,36.39837],[139.21575,36.39827],[139.21575,36.39819],[139.21575,36.39813],[139.21575,36.3981],[139.21577,36.39805],[139.21579,36.39797],[139.21581,36.39787],[139.21583,36.39773],[139.21584,36.39769],[139.21585,36.39765],[139.21586,36.39762],[139.21592,36.39751],[139.21603,36.39732],[139.21609,36.39721],[139.21611,36.39716],[139.21614,36.39709],[139.21623,36.39691],[139.21625,36.39686],[139.21627,36.39682],[139.21629,36.39678],[139.21631,36.39673],[139.21634,36.39669],[139.21636,36.39666],[139.21646,36.39658],[139.21652,36.39652],[139.21657,36.39647],[139.21664,36.39638],[139.21674,36.39623],[139.21682,36.39613],[139.21691,36.39604],[139.21704,36.39592],[139.21717,36.39581],[139.21721,36.39577],[139.21723,36.39576],[139.21726,36.39574],[139.2173,36.39572],[139.21734,36.39569],[139.21752,36.39553],[139.21767,36.39538],[139.21781,36.39526],[139.218,36.39512],[139.21816,36.39501],[139.21855,36.39476],[139.21858,36.39475],[139.21871,36.39468],[139.21895,36.39454],[139.2193,36.39432],[139.21969,36.3941],[139.21995,36.39397],[139.22001,36.39394],[139.22009,36.39392],[139.22012,36.39391],[139.22031,36.39381],[139.22054,36.39369],[139.22063,36.39361],[139.22074,36.3935],[139.22086,36.39335],[139.2209,36.39327],[139.22097,36.39308],[139.22104,36.39291],[139.22108,36.39282],[139.22115,36.39269],[139.2212,36.39263],[139.22122,36.3926],[139.22128,36.39254],[139.22137,36.39248],[139.22149,36.39241],[139.22149,36.39239],[139.22161,36.39235],[139.2217,36.39231],[139.22186,36.39223],[139.22191,36.3922],[139.22196,36.39217],[139.22205,36.39209],[139.22212,36.39201],[139.22218,36.39192],[139.22223,36.39183],[139.22226,36.39173],[139.22227,36.39166],[139.22226,36.39133],[139.22226,36.39099],[139.22228,36.3905],[139.22229,36.39035],[139.22231,36.39014],[139.22234,36.39001],[139.22238,36.38984],[139.22243,36.38967],[139.22247,36.38955],[139.22249,36.38951],[139.22252,36.38946],[139.22265,36.38927],[139.22274,36.38915],[139.22306,36.38876],[139.22304,36.38875],[139.22312,36.38868],[139.22319,36.38859],[139.2233,36.38842],[139.22332,36.38837],[139.22336,36.38827],[139.22339,36.38816],[139.2234,36.38813],[139.22339,36.3881],[139.22338,36.38804],[139.22336,36.388],[139.22335,36.38799],[139.2233,36.3879],[139.22326,36.38785],[139.22323,36.38785],[139.22318,36.3878],[139.22316,36.38777],[139.2235,36.38773],[139.22764,36.38718],[139.22783,36.38715],[139.23047,36.38679],[139.23161,36.38665],[139.23164,36.38665],[139.23166,36.38665],[139.23169,36.38664],[139.23172,36.38664],[139.23175,36.38664],[139.23178,36.38663],[139.23181,36.38663],[139.23184,36.38663],[139.23187,36.38662],[139.2319,36.38662],[139.23193,36.38662],[139.23196,36.38661],[139.23199,36.38661],[139.23202,36.38661],[139.23205,36.38661],[139.23208,36.3866],[139.23211,36.3866],[139.23214,36.3866],[139.23217,36.3866],[139.2322,36.38659],[139.23222,36.38659],[139.23225,36.38659],[139.23228,36.38659],[139.23231,36.38659],[139.23234,36.38658],[139.23237,36.38658],[139.2324,36.38658],[139.23243,36.38658],[139.23246,36.38658],[139.23249,36.38658],[139.23252,36.38658],[139.23255,36.38658],[139.23258,36.38657],[139.23261,36.38657],[139.23264,36.38657],[139.23267,36.38657],[139.2327,36.38657],[139.23273,36.38657],[139.23276,36.38657],[139.23279,36.38657],[139.23282,36.38657],[139.23285,36.38657],[139.23288,36.38657],[139.23291,36.38657],[139.23294,36.38657],[139.23297,36.38657],[139.233,36.38657],[139.23303,36.38657],[139.23306,36.38657],[139.23309,36.38657],[139.23312,36.38657],[139.23314,36.38657],[139.23317,36.38657],[139.2332,36.38657],[139.23323,36.38657],[139.23326,36.38658],[139.23329,36.38658],[139.23332,36.38658],[139.23335,36.38658],[139.23338,36.38658],[139.23341,36.38658],[139.23344,36.38658],[139.23347,36.38659],[139.2335,36.38659],[139.23353,36.38659],[139.23356,36.38659],[139.23359,36.38659],[139.23362,36.3866],[139.23365,36.3866],[139.23368,36.3866],[139.23371,36.3866],[139.23374,36.3866],[139.23377,36.38661],[139.2338,36.38661],[139.23383,36.38661],[139.23386,36.38662],[139.23388,36.38662],[139.23391,36.38662],[139.23394,36.38662],[139.23397,36.38663],[139.234,36.38663],[139.23403,36.38663],[139.23406,36.38664],[139.23409,36.38664],[139.23412,36.38664],[139.23415,36.38665],[139.23418,36.38665],[139.23421,36.38666],[139.23424,36.38666],[139.23427,36.38666],[139.2343,36.38667],[139.23433,36.38667],[139.23435,36.38668],[139.23438,36.38668],[139.23441,36.38668],[139.23444,36.38669],[139.23447,36.38669],[139.2345,36.3867],[139.23453,36.3867],[139.23456,36.38671],[139.23459,36.38671],[139.23462,36.38672],[139.23465,36.38672],[139.23467,36.38673],[139.2347,36.38673],[139.23473,36.38674],[139.23476,36.38674],[139.23479,36.38675],[139.23482,36.38676],[139.23485,36.38676],[139.23488,36.38677],[139.23491,36.38677],[139.23493,36.38678],[139.23496,36.38679],[139.23499,36.38679],[139.23502,36.3868],[139.23505,36.3868],[139.23508,36.38681],[139.23511,36.38682],[139.23514,36.38682],[139.23516,36.38683],[139.23519,36.38684],[139.23522,36.38684],[139.23525,36.38685],[139.23528,36.38686],[139.23531,36.38686],[139.23533,36.38687],[139.23536,36.38688],[139.23539,36.38689],[139.23542,36.38689],[139.23545,36.3869],[139.23548,36.38691],[139.2355,36.38692],[139.23553,36.38692],[139.23556,36.38693],[139.23559,36.38694],[139.23562,36.38695],[139.23564,36.38696],[139.23567,36.38696],[139.2357,36.38697],[139.23573,36.38698],[139.23576,36.38699],[139.23578,36.387],[139.23581,36.38701],[139.23584,36.38701],[139.23587,36.38702],[139.23589,36.38703],[139.23592,36.38704],[139.23595,36.38705],[139.23598,36.38706],[139.23601,36.38707],[139.23604,36.38708],[139.23607,36.38709],[139.2361,36.3871],[139.23613,36.38711],[139.23616,36.38712],[139.23619,36.38713],[139.23621,36.38714],[139.23624,36.38716],[139.23627,36.38717],[139.2363,36.38718],[139.23633,36.38719],[139.23636,36.3872],[139.23639,36.38721],[139.23642,36.38722],[139.23645,36.38723],[139.23648,36.38724],[139.23651,36.38725],[139.23653,36.38726],[139.23656,36.38727],[139.23659,36.38729],[139.23662,36.3873],[139.23665,36.38731],[139.23668,36.38732],[139.23671,36.38733],[139.23674,36.38734],[139.23677,36.38735],[139.23679,36.38736],[139.23682,36.38738],[139.23685,36.38739],[139.23688,36.3874],[139.23691,36.38741],[139.23694,36.38742],[139.23697,36.38743],[139.23699,36.38745],[139.23702,36.38746],[139.23705,36.38747],[139.23708,36.38748],[139.23711,36.38749],[139.23714,36.3875],[139.23717,36.38752],[139.23719,36.38753],[139.23722,36.38754],[139.23725,36.38755],[139.23728,36.38757],[139.23731,36.38758],[139.23733,36.38759],[139.23736,36.3876],[139.23739,36.38761],[139.23742,36.38763],[139.23745,36.38764],[139.23748,36.38765],[139.2375,36.38766],[139.23753,36.38768],[139.23756,36.38769],[139.23759,36.3877],[139.23762,36.38771],[139.23764,36.38773],[139.23767,36.38774],[139.2377,36.38775],[139.23773,36.38776],[139.23775,36.38778],[139.23778,36.38779],[139.23781,36.3878],[139.23784,36.38782],[139.23787,36.38783],[139.23789,36.38784],[139.23792,36.38786],[139.23795,36.38787],[139.23798,36.38788],[139.238,36.38789],[139.23803,36.38791],[139.24425,36.39073]]]}}]}