{"type":"FeatureCollection","features":[{"type":"Feature","properties":{"layer":1},"geometry":{"type":"Polygon","coordinates":[[[139.14507,36.3376],[139.14547,36.33758],[139.14638,36.33754],[139.14669,36.33758],[139.14685,36.3376],[139.14695,36.33761],[139.14693,36.33822],[139.14693,36.33829],[139.14691,36.33897],[139.14687,36.33919],[139.1468,36.33936],[139.14674,36.33952],[139.14668,36.33986],[139.14665,36.33998],[139.14661,36.34018],[139.14658,36.34032],[139.14655,36.34051],[139.14658,36.34065],[139.1466,36.3408],[139.14667,36.34089],[139.14676,36.34102],[139.14684,36.3411],[139.14689,36.34115],[139.14697,36.3412],[139.14709,36.34128],[139.14717,36.34134],[139.14732,36.34138],[139.14775,36.34118],[139.1479,36.34116],[139.14805,36.34113],[139.14851,36.34112],[139.14894,36.3411],[139.14938,36.34128],[139.14993,36.34151],[139.15,36.34154],[139.15001,36.34154],[139.15029,36.34167],[139.15029,36.34167],[139.15041,36.34172],[139.15066,36.34185],[139.15069,36.34186],[139.15185,36.34133],[139.15226,36.34117],[139.15265,36.34103],[139.15318,36.34088],[139.15339,36.34083],[139.15368,36.34071],[139.15395,36.34055],[139.15424,36.34034],[139.1545,36.34007],[139.15467,36.33987],[139.15483,36.33962],[139.15497,36.33939],[139.15514,36.33914],[139.15534,36.33892],[139.15572,36.33861],[139.15617,36.33831],[139.15663,36.33809],[139.1572,36.3379],[139.15757,36.3378],[139.1579,36.33771],[139.15838,36.33766],[139.1588,36.33763],[139.15926,36.33756],[139.15994,36.33745],[139.16069,36.33731],[139.16106,36.33722],[139.16177,36.33708],[139.16259,36.33689],[139.16344,36.33675],[139.16407,36.33666],[139.16481,36.33654],[139.16528,36.33641],[139.16599,36.33611],[139.16658,36.33568],[139.16691,36.33527],[139.16708,36.33463],[139.16742,36.33417],[139.16766,36.33381],[139.1679,36.33335],[139.16845,36.33229],[139.16904,36.33138],[139.16991,36.33038],[139.17048,36.32976],[139.17132,36.32901],[139.17231,36.32825],[139.17334,36.32758],[139.17442,36.32694],[139.17571,36.32642],[139.17692,36.3261],[139.17798,36.32599],[139.17882,36.32591],[139.18025,36.3258],[139.18256,36.32569],[139.18357,36.32565],[139.18451,36.32554],[139.18528,36.32537],[139.18586,36.32509],[139.18642,36.32461],[139.18715,36.32383],[139.18782,36.32297],[139.1883,36.32228],[139.18875,36.32121],[139.18902,36.32047],[139.18909,36.31949],[139.18897,36.31722],[139.18888,36.31691],[139.1877,36.31504],[139.18711,36.31426],[139.18665,36.31303],[139.18655,36.3125],[139.18563,36.31112],[139.18756,36.31031],[139.18809,36.3101],[139.18887,36.31001],[139.19017,36.30953],[139.19113,36.30918],[139.19198,36.30864],[139.19268,36.3077],[139.19327,36.30694],[139.19398,36.30618],[139.19476,36.30547],[139.1957,36.30493],[139.19764,36.30425],[139.19842,36.30416],[139.19909,36.30419],[139.19994,36.30419],[139.20081,36.30389],[139.20122,36.30358],[139.20156,36.30278],[139.20185,36.30196],[139.20204,36.3018],[139.20244,36.30097],[139.20259,36.30016],[139.20249,36.29979],[139.20209,36.29992],[139.20008,36.29977],[139.20008,36.299],[139.19849,36.29757],[139.19765,36.29714],[139.19609,36.29721],[139.19189,36.29815],[139.18619,36.29963],[139.18241,36.29968],[139.18235,36.29898],[139.182,36.29926],[139.18134,36.29994],[139.18109,36.30028],[139.17305,36.30432],[139.17517,36.30512],[139.17351,36.30807],[139.17216,36.31023],[139.17153,36.31085],[139.17071,36.31096],[139.16997,36.31107],[139.16929,36.31118],[139.16907,36.31121],[139.16866,36.31154],[139.16874,36.31172],[139.16842,36.31185],[139.16828,36.31172],[139.1681,36.31182],[139.168,36.31175],[139.16791,36.3117],[139.16781,36.31163],[139.16754,36.31145],[139.16733,36.31128],[139.16715,36.31103],[139.1669,36.3107],[139.16683,36.31034],[139.16684,36.31018],[139.16628,36.31011],[139.166,36.31008],[139.16555,36.31004],[139.16465,36.30989],[139.16431,36.3098],[139.16384,36.30962],[139.16326,36.3094],[139.16264,36.30911],[139.16259,36.30922],[139.16254,36.30919],[139.1627,36.30888],[139.16334,36.30781],[139.1635,36.30747],[139.16358,36.30729],[139.16396,36.30528],[139.15779,36.30593],[139.15656,36.30809],[139.15533,36.30761],[139.15459,36.30889],[139.15333,36.30841],[139.15323,36.30857],[139.15307,36.30881],[139.15284,36.30914],[139.15273,36.30931],[139.15254,36.30958],[139.1524,36.30979],[139.15212,36.3102],[139.15188,36.31054],[139.15177,36.31073],[139.15153,36.3114],[139.15142,36.31156],[139.1512,36.31187],[139.15108,36.31217],[139.15143,36.31228],[139.15138,36.31239],[139.1516,36.31248],[139.15364,36.31325],[139.15371,36.31314],[139.15499,36.3136],[139.15499,36.31332],[139.15561,36.31219],[139.15578,36.31226],[139.1561,36.31237],[139.15635,36.31245],[139.15659,36.31254],[139.1572,36.31276],[139.15746,36.31286],[139.15757,36.31267],[139.1578,36.31275],[139.1581,36.31222],[139.15843,36.31234],[139.15881,36.31248],[139.15911,36.3126],[139.15933,36.31268],[139.15981,36.31285],[139.16001,36.31293],[139.1602,36.313],[139.16007,36.31321],[139.15991,36.31351],[139.15966,36.31391],[139.1594,36.31436],[139.15886,36.31535],[139.15914,36.31534],[139.15932,36.31533],[139.15974,36.31531],[139.16011,36.3153],[139.16046,36.31528],[139.16078,36.31526],[139.16133,36.31524],[139.16163,36.31523],[139.16195,36.31522],[139.16235,36.3152],[139.16258,36.31519],[139.16288,36.31518],[139.16325,36.31516],[139.16346,36.31515],[139.16377,36.31515],[139.16386,36.31517],[139.16378,36.31528],[139.16363,36.31548],[139.16375,36.31547],[139.16359,36.3157],[139.16353,36.31581],[139.16337,36.3159],[139.16324,36.31599],[139.16296,36.31616],[139.16275,36.31629],[139.16253,36.31642],[139.16233,36.31653],[139.16196,36.3168],[139.16175,36.31697],[139.16153,36.31716],[139.16133,36.31732],[139.16117,36.31754],[139.16118,36.31766],[139.16135,36.31833],[139.16141,36.31851],[139.16138,36.31861],[139.16132,36.31884],[139.16123,36.31923],[139.16119,36.31945],[139.16118,36.31969],[139.16127,36.32003],[139.16134,36.3204],[139.16147,36.32096],[139.16155,36.32121],[139.16156,36.32136],[139.16151,36.32181],[139.16147,36.32203],[139.16151,36.32219],[139.1616,36.32245],[139.16167,36.32272],[139.1618,36.32332],[139.1618,36.3236],[139.1618,36.32391],[139.16179,36.3245],[139.16168,36.32462],[139.16143,36.32492],[139.16117,36.32523],[139.16101,36.32539],[139.16078,36.32556],[139.16044,36.32578],[139.16009,36.32599],[139.15977,36.32614],[139.15949,36.32628],[139.15925,36.32636],[139.15875,36.3264],[139.15858,36.32642],[139.15833,36.32653],[139.15769,36.32656],[139.15733,36.32658],[139.1569,36.32659],[139.15657,36.32661],[139.15632,36.32666],[139.15608,36.3267],[139.15591,36.32674],[139.15574,36.32677],[139.15561,36.32682],[139.15547,36.32692],[139.1552,36.32701],[139.1549,36.3271],[139.15472,36.3272],[139.15445,36.32729],[139.15412,36.3274],[139.15389,36.3275],[139.15376,36.32758],[139.15369,36.32759],[139.15357,36.32754],[139.15311,36.32751],[139.15282,36.32745],[139.15266,36.32737],[139.1525,36.32733],[139.15192,36.32757],[139.15104,36.32714],[139.15073,36.32728],[139.15043,36.32743],[139.15009,36.32763],[139.14984,36.32776],[139.14956,36.32796],[139.15011,36.32826],[139.14963,36.32892],[139.14938,36.32912],[139.14912,36.32941],[139.14902,36.3296],[139.149,36.32994],[139.14777,36.33072],[139.14796,36.33083],[139.14761,36.33108],[139.1475,36.33119],[139.14741,36.33133],[139.14725,36.33166],[139.14719,36.33186],[139.14716,36.3321],[139.14715,36.33258],[139.14698,36.33263],[139.14698,36.33284],[139.14709,36.33294],[139.14739,36.33307],[139.14755,36.33313],[139.1477,36.33328],[139.14782,36.3334],[139.14775,36.33352],[139.14774,36.33384],[139.14775,36.33404],[139.14774,36.3342],[139.14762,36.33444],[139.14746,36.33466],[139.14723,36.33494],[139.14715,36.33507],[139.14702,36.33525],[139.14693,36.33537],[139.14665,36.33568],[139.14638,36.33606],[139.14659,36.33649],[139.14648,36.33661],[139.14615,36.33683],[139.14591,36.33703],[139.14564,36.33723],[139.14507,36.3376]]]}},{"type":"Feature","properties":{"layer":1},"geometry":{"type":"Polygon","coordinates":[[[139.16909,36.28642],[139.16909,36.28741],[139.16973,36.28754],[139.16996,36.28755],[139.17051,36.28761],[139.17091,36.28768],[139.17145,36.28769],[139.17208,36.28762],[139.17275,36.28753],[139.17341,36.28741],[139.17422,36.28713],[139.1753,36.2866],[139.1753,36.28646],[139.17483,36.28655],[139.17467,36.28595],[139.17694,36.2856],[139.17732,36.28558],[139.1772,36.28422],[139.17608,36.28432],[139.17623,36.28224],[139.17481,36.28217],[139.17273,36.28236],[139.17283,36.28284],[139.17207,36.2829],[139.17256,36.28605],[139.16909,36.28642]]]}},{"type":"Feature","properties":{"layer":1},"geometry":{"type":"Polygon","coordinates":[[[139.17726,36.32874],[139.17724,36.32888],[139.17727,36.32904],[139.17732,36.32922],[139.17749,36.32933],[139.17763,36.32947],[139.17773,36.32984],[139.17776,36.33002],[139.17782,36.33029],[139.17792,36.33034],[139.17803,36.3306],[139.17812,36.33075],[139.17787,36.331],[139.1778,36.33113],[139.17784,36.33117],[139.17797,36.33121],[139.17822,36.33122],[139.17865,36.33123],[139.17891,36.33106],[139.17913,36.33089],[139.17925,36.33079],[139.17932,36.3307],[139.17955,36.33065],[139.17982,36.33056],[139.17998,36.33047],[139.18013,36.33033],[139.1803,36.33016],[139.18047,36.33006],[139.18064,36.33],[139.18074,36.32996],[139.18086,36.32977],[139.18095,36.32968],[139.18108,36.32956],[139.18123,36.3294],[139.18139,36.32926],[139.18156,36.32921],[139.18171,36.3292],[139.18189,36.32918],[139.18203,36.32913],[139.18217,36.32911],[139.1823,36.32911],[139.18235,36.32912],[139.1823,36.3292],[139.18226,36.32927],[139.18227,36.32933],[139.18229,36.32943],[139.18233,36.3295],[139.1824,36.32965],[139.18241,36.32976],[139.18242,36.32989],[139.1824,36.33003],[139.18236,36.3301],[139.18232,36.3302],[139.18232,36.33031],[139.18235,36.3304],[139.18242,36.33051],[139.18248,36.33064],[139.18248,36.33074],[139.1825,36.33091],[139.18252,36.33101],[139.18257,36.33113],[139.18265,36.33125],[139.18277,36.33137],[139.18223,36.33166],[139.18222,36.33179],[139.18223,36.33238],[139.18253,36.33237],[139.18254,36.33371],[139.18256,36.33489],[139.18258,36.33552],[139.18266,36.33862],[139.18709,36.33857],[139.18752,36.3385],[139.18886,36.33851],[139.1888,36.33884],[139.18876,36.33903],[139.18877,36.33932],[139.18891,36.3395],[139.18884,36.33963],[139.18854,36.33992],[139.18843,36.34007],[139.18832,36.3402],[139.18823,36.3403],[139.18802,36.34045],[139.18792,36.34062],[139.18783,36.34073],[139.18779,36.34085],[139.18773,36.34106],[139.18776,36.34118],[139.18751,36.34118],[139.18737,36.34122],[139.1873,36.34125],[139.18727,36.34145],[139.18727,36.34155],[139.18733,36.34162],[139.18732,36.34171],[139.18731,36.34182],[139.18734,36.34214],[139.18734,36.34255],[139.1873,36.3429],[139.18728,36.34311],[139.18723,36.34334],[139.18721,36.34352],[139.18721,36.34371],[139.1872,36.34412],[139.18721,36.34437],[139.18723,36.3446],[139.18724,36.34492],[139.18726,36.34526],[139.1873,36.34555],[139.1873,36.34583],[139.18791,36.34582],[139.18832,36.34581],[139.18902,36.3458],[139.18944,36.34578],[139.18973,36.34573],[139.18995,36.34566],[139.19012,36.3456],[139.19023,36.34556],[139.1906,36.3454],[139.19155,36.34504],[139.19201,36.34486],[139.19206,36.34495],[139.19217,36.34515],[139.1923,36.34529],[139.19247,36.3455],[139.19259,36.3456],[139.19275,36.3458],[139.19311,36.34581],[139.19371,36.34618],[139.19361,36.34629],[139.19352,36.34651],[139.19347,36.34667],[139.19364,36.34681],[139.19416,36.34681],[139.19419,36.34667],[139.19439,36.34676],[139.19451,36.34677],[139.19451,36.34686],[139.19479,36.34707],[139.1949,36.34724],[139.19508,36.34739],[139.19517,36.34744],[139.1953,36.34746],[139.19532,36.34759],[139.19532,36.34772],[139.19524,36.34789],[139.19522,36.34796],[139.19527,36.34816],[139.19568,36.34815],[139.19639,36.34819],[139.19689,36.34823],[139.19726,36.34826],[139.19804,36.34837],[139.19869,36.34846],[139.19927,36.34855],[139.19955,36.34849],[139.19967,36.3484],[139.19975,36.34811],[139.19983,36.34783],[139.19986,36.34722],[139.20038,36.34728],[139.20056,36.34666],[139.2006,36.34648],[139.20065,36.34625],[139.2007,36.346],[139.20076,36.34574],[139.2008,36.34561],[139.2009,36.3454],[139.20101,36.34518],[139.20117,36.34492],[139.20125,36.34479],[139.20137,36.34459],[139.20143,36.34447],[139.20147,36.34441],[139.20166,36.34438],[139.20123,36.34412],[139.20098,36.34391],[139.20081,36.34373],[139.20066,36.34352],[139.20059,36.34333],[139.20056,36.34294],[139.2006,36.34268],[139.20071,36.3424],[139.2008,36.34216],[139.20092,36.34189],[139.201,36.3417],[139.20106,36.34146],[139.20108,36.34126],[139.20105,36.34084],[139.2008,36.34081],[139.20092,36.34057],[139.20096,36.34036],[139.20101,36.34011],[139.20104,36.33986],[139.20104,36.33968],[139.20104,36.33961],[139.20102,36.33943],[139.201,36.33929],[139.20098,36.3391],[139.20094,36.3389],[139.20094,36.3388],[139.20093,36.33858],[139.20094,36.33814],[139.20095,36.33788],[139.20098,36.33773],[139.201,36.33759],[139.20104,36.33741],[139.20104,36.33731],[139.20107,36.33706],[139.20107,36.33695],[139.20107,36.3368],[139.201,36.33635],[139.20097,36.33621],[139.20091,36.33593],[139.2009,36.33574],[139.20089,36.33557],[139.20089,36.33536],[139.2009,36.33525],[139.20091,36.33507],[139.20092,36.33498],[139.20097,36.33463],[139.20103,36.33434],[139.20107,36.33409],[139.20113,36.33389],[139.2012,36.33364],[139.20127,36.33338],[139.20135,36.33324],[139.2015,36.33295],[139.20167,36.33271],[139.20189,36.33246],[139.20224,36.33214],[139.20235,36.33203],[139.20243,36.33193],[139.20249,36.33184],[139.20256,36.33175],[139.20261,36.33165],[139.20267,36.33156],[139.20272,36.33144],[139.20274,36.33135],[139.20277,36.33125],[139.20279,36.33116],[139.2028,36.33105],[139.20281,36.33094],[139.2028,36.33079],[139.20278,36.33062],[139.20278,36.33045],[139.20276,36.33032],[139.20272,36.33016],[139.20269,36.33005],[139.2026,36.32982],[139.20258,36.32976],[139.20252,36.32964],[139.20236,36.32943],[139.20217,36.32922],[139.20202,36.32905],[139.20188,36.32892],[139.20174,36.32872],[139.2016,36.32852],[139.20149,36.3283],[139.20141,36.32809],[139.20137,36.32794],[139.20135,36.32778],[139.20133,36.32763],[139.20133,36.3275],[139.20134,36.32734],[139.20135,36.32716],[139.20138,36.32691],[139.20141,36.32685],[139.20157,36.32679],[139.20167,36.32663],[139.20179,36.32644],[139.20188,36.32632],[139.202,36.32617],[139.2021,36.32602],[139.20219,36.32589],[139.20225,36.32578],[139.20235,36.32557],[139.20245,36.32539],[139.2025,36.32524],[139.20254,36.32506],[139.20256,36.32493],[139.20254,36.32478],[139.20257,36.32466],[139.20261,36.32445],[139.20265,36.32426],[139.20269,36.32408],[139.2028,36.32381],[139.20289,36.32359],[139.203,36.32339],[139.20307,36.32326],[139.20322,36.32299],[139.20332,36.32285],[139.2034,36.32272],[139.20348,36.32259],[139.20355,36.32246],[139.20369,36.32229],[139.2038,36.32212],[139.2039,36.322],[139.20403,36.32187],[139.2042,36.32172],[139.20441,36.32158],[139.20464,36.32146],[139.20483,36.32138],[139.20506,36.32129],[139.20534,36.32121],[139.2056,36.32114],[139.20581,36.32109],[139.20605,36.32102],[139.20629,36.32096],[139.20662,36.32087],[139.207,36.32078],[139.20737,36.32068],[139.20763,36.32062],[139.20829,36.32042],[139.20874,36.32027],[139.20916,36.3201],[139.2095,36.31998],[139.20972,36.31989],[139.20985,36.31984],[139.21005,36.31979],[139.21024,36.31976],[139.21046,36.31976],[139.2108,36.31978],[139.21109,36.3198],[139.21135,36.31983],[139.21174,36.31986],[139.21194,36.31987],[139.21218,36.31989],[139.21243,36.31989],[139.21267,36.31987],[139.21283,36.31986],[139.21307,36.31985],[139.21317,36.31984],[139.2133,36.31984],[139.21352,36.31986],[139.21387,36.31991],[139.21426,36.32002],[139.21457,36.32011],[139.21482,36.32017],[139.21503,36.32021],[139.2152,36.32025],[139.21533,36.32025],[139.21551,36.32024],[139.21569,36.3202],[139.21586,36.32016],[139.21605,36.3201],[139.21624,36.32005],[139.21641,36.31997],[139.21658,36.31989],[139.21671,36.31984],[139.2169,36.31973],[139.217,36.31967],[139.21713,36.31957],[139.21729,36.31943],[139.21735,36.31937],[139.21748,36.31925],[139.21759,36.31904],[139.21761,36.31897],[139.21766,36.31878],[139.21767,36.31855],[139.21767,36.3184],[139.21766,36.31822],[139.21765,36.31812],[139.21765,36.31799],[139.21768,36.31789],[139.21771,36.31777],[139.21782,36.31764],[139.21797,36.31751],[139.21821,36.31738],[139.21846,36.31725],[139.21868,36.31717],[139.21904,36.31702],[139.21927,36.31694],[139.21956,36.31681],[139.21973,36.31672],[139.22001,36.31658],[139.22018,36.31647],[139.22028,36.31637],[139.22039,36.31622],[139.22047,36.31605],[139.22053,36.31587],[139.22066,36.31542],[139.22069,36.31523],[139.22074,36.31501],[139.22077,36.31489],[139.22085,36.31482],[139.2209,36.31462],[139.22103,36.31441],[139.22115,36.31424],[139.22134,36.31398],[139.22145,36.31386],[139.22167,36.31358],[139.22181,36.31334],[139.22195,36.31311],[139.22203,36.31296],[139.22211,36.31281],[139.22219,36.31256],[139.2222,36.31244],[139.22222,36.31234],[139.22247,36.31232],[139.22248,36.31259],[139.22249,36.31286],[139.22248,36.31309],[139.22239,36.31332],[139.22232,36.31358],[139.2222,36.31378],[139.22313,36.31409],[139.22332,36.31413],[139.22374,36.31413],[139.22388,36.31412],[139.22407,36.31412],[139.2243,36.31414],[139.22461,36.31415],[139.22486,36.31417],[139.22512,36.31416],[139.22526,36.31417],[139.22567,36.31414],[139.22587,36.31411],[139.2262,36.31408],[139.22642,36.31409],[139.22724,36.31416],[139.22745,36.31416],[139.22801,36.31416],[139.22849,36.31421],[139.22903,36.31433],[139.22958,36.31438],[139.23003,36.31442],[139.23088,36.3145],[139.23156,36.31457],[139.23191,36.31459],[139.23261,36.31467],[139.23288,36.3147],[139.23355,36.31476],[139.23383,36.31479],[139.23469,36.31489],[139.23513,36.31494],[139.2357,36.31499],[139.23643,36.31507],[139.23712,36.31514],[139.23804,36.31523],[139.23626,36.30842],[139.23623,36.3083],[139.23333,36.30875],[139.23298,36.30729],[139.23228,36.30795],[139.23045,36.30829],[139.22291,36.30969],[139.22313,36.30922],[139.22339,36.30885],[139.22355,36.30865],[139.22369,36.30842],[139.22374,36.30831],[139.22378,36.30794],[139.22383,36.30749],[139.22378,36.30729],[139.22359,36.30697],[139.22346,36.30672],[139.2233,36.30626],[139.2232,36.30596],[139.22317,36.3055],[139.22314,36.30512],[139.22315,36.30495],[139.22318,36.30474],[139.22324,36.30438],[139.22329,36.30416],[139.22334,36.30385],[139.22333,36.30361],[139.22321,36.3033],[139.22306,36.30302],[139.22291,36.30275],[139.22277,36.3025],[139.22259,36.30254],[139.21975,36.30345],[139.22083,36.30976],[139.22084,36.30984],[139.2137,36.31066],[139.21139,36.31091],[139.21124,36.31093],[139.2108,36.31145],[139.21033,36.31188],[139.21006,36.3121],[139.20967,36.31235],[139.20931,36.31256],[139.20907,36.3127],[139.20885,36.3128],[139.20875,36.31284],[139.20861,36.3127],[139.20864,36.31244],[139.20865,36.31228],[139.20867,36.31211],[139.20872,36.31202],[139.20874,36.31197],[139.20877,36.31182],[139.20882,36.31159],[139.20889,36.31137],[139.20898,36.31123],[139.20912,36.31109],[139.20931,36.31092],[139.20946,36.31077],[139.20958,36.31063],[139.20976,36.31044],[139.20988,36.3103],[139.20997,36.31015],[139.21005,36.31],[139.21009,36.30988],[139.21011,36.3098],[139.21008,36.30975],[139.21041,36.30944],[139.21067,36.30911],[139.21083,36.30889],[139.21111,36.30855],[139.21137,36.30822],[139.21158,36.30795],[139.2118,36.30767],[139.21195,36.30738],[139.21211,36.3072],[139.21234,36.3069],[139.2126,36.30656],[139.21277,36.30637],[139.21288,36.30622],[139.21302,36.30607],[139.21322,36.30588],[139.21341,36.30574],[139.21378,36.30605],[139.2139,36.30587],[139.21464,36.30579],[139.21476,36.30592],[139.21769,36.30561],[139.21742,36.30414],[139.21771,36.30405],[139.21757,36.30281],[139.21812,36.30224],[139.21866,36.30168],[139.21893,36.3014],[139.21918,36.30111],[139.21965,36.30062],[139.22021,36.29994],[139.22048,36.29958],[139.22081,36.29922],[139.22097,36.299],[139.22114,36.29881],[139.2209,36.29854],[139.22076,36.29832],[139.22057,36.29813],[139.22022,36.29774],[139.21994,36.29741],[139.21975,36.29721],[139.21964,36.29715],[139.21939,36.29685],[139.21915,36.29653],[139.219,36.29638],[139.21892,36.29623],[139.2189,36.2961],[139.21887,36.29587],[139.21888,36.29582],[139.21868,36.29582],[139.21842,36.29568],[139.21822,36.29547],[139.21799,36.29523],[139.21773,36.29493],[139.21758,36.29477],[139.21742,36.29461],[139.21734,36.29448],[139.21729,36.29437],[139.21738,36.29289],[139.21721,36.29248],[139.21709,36.29226],[139.21697,36.29201],[139.21687,36.29174],[139.21678,36.29161],[139.21664,36.29141],[139.22048,36.28906],[139.22054,36.28902],[139.21989,36.28827],[139.2199,36.28819],[139.22018,36.28793],[139.22036,36.28769],[139.22042,36.28737],[139.22054,36.28724],[139.22071,36.28709],[139.22075,36.28697],[139.22104,36.28677],[139.22115,36.2867],[139.2212,36.28662],[139.22122,36.28649],[139.22124,36.28626],[139.22181,36.28588],[139.22176,36.28579],[139.22168,36.28539],[139.22156,36.28537],[139.22162,36.28495],[139.22207,36.28495],[139.22202,36.2843],[139.2213,36.28425],[139.22133,36.28362],[139.22187,36.2836],[139.22177,36.28339],[139.22212,36.28327],[139.22231,36.28316],[139.22246,36.28304],[139.22254,36.28296],[139.22262,36.28289],[139.22272,36.28276],[139.22282,36.2826],[139.22286,36.2825],[139.22297,36.28225],[139.2231,36.28202],[139.22318,36.2819],[139.22332,36.28173],[139.22342,36.28162],[139.22383,36.28116],[139.22395,36.28104],[139.22407,36.28085],[139.22416,36.28071],[139.22425,36.28052],[139.22412,36.28016],[139.22366,36.27909],[139.22342,36.27947],[139.22296,36.28014],[139.2225,36.28064],[139.22189,36.28115],[139.22114,36.28153],[139.22067,36.28172],[139.21924,36.28222],[139.21774,36.28275],[139.21674,36.28312],[139.21622,36.28338],[139.21574,36.28366],[139.21528,36.28394],[139.21492,36.2842],[139.21354,36.28516],[139.21253,36.28587],[139.21175,36.28637],[139.2106,36.28716],[139.20987,36.2877],[139.20941,36.2881],[139.20876,36.2888],[139.20828,36.28945],[139.20761,36.29041],[139.20725,36.29116],[139.20699,36.292],[139.20689,36.29325],[139.2068,36.29423],[139.20679,36.29461],[139.20662,36.29525],[139.20635,36.29594],[139.20628,36.29616],[139.20617,36.29641],[139.20598,36.29666],[139.20594,36.29702],[139.20588,36.2975],[139.20582,36.29802],[139.20561,36.29853],[139.2054,36.29876],[139.20518,36.29895],[139.20472,36.29927],[139.20448,36.29948],[139.20413,36.29981],[139.20382,36.3001],[139.20366,36.30031],[139.2035,36.30069],[139.20335,36.3011],[139.20323,36.30142],[139.20294,36.30209],[139.20279,36.30236],[139.20256,36.30247],[139.2023,36.30311],[139.20216,36.30345],[139.20204,36.30386],[139.20197,36.3041],[139.2019,36.30454],[139.20188,36.30487],[139.20172,36.3048],[139.20153,36.30465],[139.20138,36.30463],[139.20104,36.30475],[139.20081,36.30485],[139.20061,36.30491],[139.20039,36.30496],[139.20012,36.30502],[139.19981,36.30506],[139.19958,36.30508],[139.19919,36.30508],[139.19882,36.30506],[139.19854,36.30506],[139.19825,36.30506],[139.19793,36.30513],[139.19746,36.30522],[139.19699,36.30531],[139.19648,36.30548],[139.19609,36.30563],[139.19548,36.30595],[139.19513,36.30621],[139.19493,36.30637],[139.19459,36.30667],[139.19439,36.30688],[139.19418,36.30713],[139.19407,36.30726],[139.19383,36.30755],[139.19345,36.30807],[139.19311,36.30858],[139.19299,36.30877],[139.19281,36.30897],[139.19269,36.3091],[139.19254,36.30922],[139.19236,36.30938],[139.19212,36.30957],[139.19201,36.30967],[139.19194,36.30977],[139.19156,36.3099],[139.19115,36.31006],[139.19042,36.31031],[139.19007,36.31046],[139.18957,36.31071],[139.18907,36.31097],[139.18857,36.3113],[139.18836,36.31146],[139.18814,36.31168],[139.18805,36.31184],[139.18792,36.31207],[139.18784,36.31238],[139.1878,36.31258],[139.18778,36.31285],[139.1878,36.31314],[139.18782,36.31344],[139.18791,36.31367],[139.18798,36.31391],[139.1882,36.31429],[139.18853,36.31469],[139.18892,36.31519],[139.18921,36.31561],[139.18939,36.31589],[139.18964,36.31627],[139.18976,36.31648],[139.18984,36.31673],[139.18988,36.31689],[139.18989,36.31711],[139.18993,36.31753],[139.18995,36.31809],[139.18993,36.31892],[139.18993,36.31915],[139.18992,36.31928],[139.18992,36.31947],[139.18987,36.31955],[139.18987,36.31976],[139.18986,36.32045],[139.18984,36.32072],[139.18978,36.32104],[139.18961,36.32174],[139.18951,36.32206],[139.18942,36.32233],[139.18934,36.32273],[139.18918,36.32319],[139.18913,36.32349],[139.18905,36.32377],[139.18897,36.32389],[139.18876,36.32415],[139.1886,36.32426],[139.18838,36.32442],[139.18829,36.32444],[139.18797,36.32443],[139.18779,36.32454],[139.18771,36.3248],[139.18757,36.32518],[139.18751,36.32539],[139.18733,36.32558],[139.18692,36.32583],[139.18669,36.32593],[139.18641,36.326],[139.18607,36.32608],[139.18573,36.32615],[139.18512,36.32632],[139.18463,36.32645],[139.18427,36.32656],[139.18407,36.3266],[139.18374,36.32659],[139.18344,36.32653],[139.18294,36.3265],[139.18248,36.32652],[139.18217,36.32654],[139.18174,36.32653],[139.18144,36.32657],[139.18126,36.32659],[139.18088,36.32661],[139.18047,36.32668],[139.18008,36.32677],[139.17968,36.32686],[139.17917,36.32699],[139.1786,36.32721],[139.17823,36.32741],[139.17793,36.32757],[139.17763,36.32788],[139.1774,36.32822],[139.17732,36.3285],[139.17726,36.32874]]]}},{"type":"Feature","properties":{"layer":1},"geometry":{"type":"Polygon","coordinates":[[[139.18726,36.27065],[139.18672,36.27103],[139.18727,36.27094],[139.18785,36.2708],[139.18853,36.2706],[139.18888,36.27054],[139.1906,36.27076],[139.1911,36.27082],[139.19131,36.2708],[139.1915,36.27099],[139.19147,36.27104],[139.19138,36.27108],[139.19122,36.27141],[139.19108,36.27158],[139.1911,36.27161],[139.19203,36.27152],[139.19249,36.27191],[139.19008,36.27482],[139.18929,36.27575],[139.18798,36.27736],[139.18746,36.27797],[139.18718,36.27831],[139.18723,36.27907],[139.18724,36.27947],[139.18711,36.28247],[139.18797,36.2857],[139.19044,36.28489],[139.19045,36.28494],[139.19082,36.28614],[139.19223,36.28569],[139.19448,36.28773],[139.19657,36.28633],[139.19703,36.28603],[139.19745,36.28596],[139.19735,36.2853],[139.19689,36.28542],[139.19692,36.28413],[139.19759,36.2839],[139.19719,36.28314],[139.19695,36.28263],[139.19642,36.28155],[139.19645,36.28075],[139.1948,36.28069],[139.19492,36.27999],[139.19494,36.27968],[139.19536,36.27946],[139.19574,36.27932],[139.19602,36.27925],[139.19661,36.27923],[139.19728,36.27927],[139.20063,36.2794],[139.20074,36.27842],[139.20085,36.27827],[139.20103,36.27808],[139.20143,36.27771],[139.20187,36.27727],[139.20224,36.27692],[139.20232,36.27677],[139.20239,36.27617],[139.20251,36.27612],[139.2027,36.27617],[139.20308,36.27556],[139.20342,36.275],[139.2035,36.27494],[139.20487,36.27445],[139.20534,36.27362],[139.206,36.2735],[139.20594,36.27285],[139.2063,36.2728],[139.20656,36.27296],[139.20663,36.27297],[139.20717,36.2727],[139.20742,36.27201],[139.20844,36.27156],[139.2092,36.27151],[139.20995,36.27153],[139.21013,36.27149],[139.21036,36.27147],[139.21085,36.27147],[139.21162,36.2715],[139.21265,36.27156],[139.21319,36.27161],[139.21352,36.27163],[139.21375,36.27161],[139.21386,36.27157],[139.21406,36.27147],[139.21464,36.27109],[139.21529,36.27075],[139.21527,36.27072],[139.21418,36.26946],[139.2141,36.26929],[139.21355,36.26793],[139.21341,36.26766],[139.21252,36.26728],[139.21227,36.26683],[139.21441,36.26571],[139.21393,36.26496],[139.21134,36.2664],[139.21112,36.26652],[139.21095,36.2665],[139.21087,36.26647],[139.21009,36.26657],[139.21009,36.26647],[139.21009,36.26619],[139.21009,36.26596],[139.21012,36.26528],[139.21013,36.26489],[139.20965,36.26503],[139.20903,36.2652],[139.2086,36.2653],[139.20838,36.26534],[139.20811,36.26546],[139.20779,36.26557],[139.20761,36.26505],[139.20755,36.26507],[139.20724,36.26513],[139.20689,36.26517],[139.20643,36.26523],[139.20622,36.26522],[139.20603,36.26511],[139.20588,36.26493],[139.20571,36.26424],[139.2057,36.26417],[139.20594,36.26412],[139.20627,36.26411],[139.20681,36.26411],[139.207,36.26411],[139.20755,36.26407],[139.20731,36.26338],[139.20718,36.26324],[139.20703,36.2628],[139.20692,36.26282],[139.20691,36.26283],[139.20663,36.2629],[139.20587,36.26303],[139.20557,36.26309],[139.20552,36.2631],[139.20539,36.26313],[139.20537,36.26313],[139.20524,36.26315],[139.20524,36.26315],[139.20511,36.26312],[139.20504,36.26302],[139.20493,36.26286],[139.20475,36.2627],[139.20451,36.26258],[139.20436,36.26253],[139.20396,36.26246],[139.20361,36.26241],[139.20328,36.2624],[139.20328,36.2624],[139.20294,36.26247],[139.20238,36.26257],[139.2023,36.26259],[139.20196,36.26265],[139.20196,36.26265],[139.20186,36.26265],[139.20171,36.26264],[139.20151,36.26264],[139.20118,36.2626],[139.20118,36.2626],[139.19899,36.26358],[139.19832,36.2639],[139.19799,36.26424],[139.1976,36.26448],[139.19728,36.26457],[139.19688,36.26467],[139.19553,36.26551],[139.1946,36.26606],[139.19272,36.26719],[139.19226,36.26748],[139.19194,36.26779],[139.19115,36.26829],[139.18849,36.26992],[139.18726,36.27065]]]}},{"type":"Feature","properties":{"layer":1},"geometry":{"type":"Polygon","coordinates":[[[139.20158,36.33469],[139.20157,36.33496],[139.20283,36.33494],[139.20381,36.33411],[139.20526,36.33295],[139.20547,36.33228],[139.20575,36.33165],[139.20606,36.33099],[139.20637,36.3304],[139.20691,36.32931],[139.20702,36.32912],[139.20804,36.32968],[139.20902,36.33022],[139.20984,36.33072],[139.21055,36.33114],[139.21115,36.33154],[139.21177,36.33197],[139.21305,36.33287],[139.21368,36.33337],[139.21415,36.33375],[139.21461,36.33415],[139.21529,36.33477],[139.21574,36.33518],[139.21649,36.33588],[139.21784,36.33707],[139.21906,36.33699],[139.21913,36.3368],[139.21926,36.33643],[139.21931,36.3362],[139.21936,36.33582],[139.21971,36.33584],[139.22016,36.33584],[139.22086,36.33582],[139.22153,36.33578],[139.22151,36.33559],[139.2214,36.33487],[139.22132,36.33405],[139.22131,36.33363],[139.22179,36.33353],[139.22209,36.33332],[139.22219,36.33319],[139.22242,36.33281],[139.22257,36.33263],[139.22266,36.33246],[139.22278,36.3323],[139.22285,36.33219],[139.22297,36.33186],[139.22312,36.33147],[139.22316,36.33127],[139.22322,36.33112],[139.22329,36.33093],[139.22335,36.33061],[139.22342,36.33031],[139.22351,36.3299],[139.22324,36.32985],[139.22323,36.32973],[139.2232,36.32948],[139.22313,36.32916],[139.22312,36.32882],[139.22309,36.3285],[139.22307,36.32815],[139.22303,36.32771],[139.22303,36.32756],[139.22296,36.32721],[139.22296,36.32697],[139.22295,36.32671],[139.22293,36.32657],[139.2229,36.32644],[139.2229,36.32633],[139.22293,36.32619],[139.22295,36.32614],[139.22291,36.32609],[139.22279,36.32593],[139.22272,36.32582],[139.22269,36.32576],[139.22255,36.32543],[139.22246,36.32525],[139.2223,36.32524],[139.2218,36.32535],[139.22168,36.32536],[139.22137,36.32541],[139.22121,36.32541],[139.22087,36.32536],[139.22077,36.32542],[139.22049,36.32542],[139.22027,36.32542],[139.22012,36.32539],[139.21996,36.32532],[139.21987,36.32524],[139.21969,36.32538],[139.21963,36.32554],[139.21953,36.32555],[139.21924,36.32554],[139.21867,36.32552],[139.21838,36.32551],[139.21787,36.3255],[139.21774,36.32552],[139.21755,36.32553],[139.2171,36.32554],[139.21705,36.32545],[139.217,36.32538],[139.2169,36.3253],[139.21683,36.32528],[139.21629,36.32548],[139.21513,36.32552],[139.21507,36.32538],[139.21485,36.3241],[139.21588,36.32403],[139.21566,36.32208],[139.21568,36.322],[139.21557,36.32193],[139.2152,36.32176],[139.21506,36.32171],[139.21494,36.3217],[139.21482,36.32172],[139.21468,36.32178],[139.2144,36.32188],[139.21415,36.32198],[139.21397,36.32209],[139.21382,36.32222],[139.2138,36.32224],[139.2124,36.32243],[139.21228,36.32206],[139.21203,36.32163],[139.21188,36.32136],[139.21163,36.32094],[139.21137,36.32056],[139.21126,36.32035],[139.21123,36.32031],[139.21054,36.32021],[139.21029,36.3202],[139.21012,36.32022],[139.20974,36.32037],[139.20948,36.32048],[139.20873,36.32077],[139.20854,36.32083],[139.20832,36.32093],[139.2082,36.32097],[139.20799,36.32104],[139.20782,36.32107],[139.20753,36.32114],[139.20707,36.32123],[139.20675,36.32133],[139.20651,36.32138],[139.20604,36.32149],[139.20571,36.32158],[139.2054,36.32167],[139.20507,36.32178],[139.20485,36.32186],[139.20462,36.32199],[139.20443,36.32215],[139.20426,36.32238],[139.20413,36.32256],[139.20406,36.32271],[139.20389,36.32297],[139.20374,36.32323],[139.20355,36.32354],[139.20341,36.3238],[139.20333,36.32408],[139.20325,36.32443],[139.20323,36.32459],[139.20321,36.32479],[139.20315,36.32516],[139.20296,36.3257],[139.20281,36.32599],[139.20242,36.3266],[139.20215,36.32697],[139.20206,36.32718],[139.20202,36.32746],[139.202,36.32764],[139.20204,36.3279],[139.20209,36.32809],[139.20218,36.32825],[139.20237,36.32851],[139.20257,36.32876],[139.20287,36.3291],[139.20303,36.32934],[139.20334,36.32986],[139.20339,36.33013],[139.20345,36.3305],[139.20346,36.33107],[139.20344,36.33138],[139.20344,36.33171],[139.20338,36.33192],[139.20331,36.33214],[139.20304,36.33215],[139.20286,36.33232],[139.20243,36.33275],[139.20215,36.33304],[139.20198,36.33327],[139.20181,36.33358],[139.20167,36.33399],[139.20162,36.33442],[139.20158,36.33469]]]}},{"type":"Feature","properties":{"layer":1},"geometry":{"type":"Polygon","coordinates":[[[139.21321,36.35487],[139.21324,36.35499],[139.21378,36.35583],[139.21679,36.35547],[139.21751,36.35538],[139.21811,36.35536],[139.21844,36.35545],[139.21869,36.35557],[139.21884,36.35572],[139.21908,36.35591],[139.21935,36.356],[139.21959,36.35601],[139.21976,36.35599],[139.21995,36.35593],[139.22014,36.35581],[139.22028,36.35632],[139.22073,36.35625],[139.22105,36.35615],[139.22142,36.35607],[139.22197,36.35596],[139.22266,36.35585],[139.22361,36.35569],[139.22427,36.35558],[139.22482,36.35549],[139.22508,36.35642],[139.22528,36.35719],[139.22681,36.3569],[139.22917,36.35645],[139.23063,36.35617],[139.23103,36.35614],[139.23187,36.3563],[139.23271,36.35647],[139.23322,36.35656],[139.23377,36.35672],[139.23411,36.35675],[139.23484,36.35687],[139.23498,36.35737],[139.23506,36.35776],[139.2351,36.35791],[139.23561,36.35771],[139.23567,36.35837],[139.23568,36.35869],[139.23569,36.35906],[139.23581,36.35928],[139.23505,36.35959],[139.23529,36.36003],[139.23464,36.36024],[139.23521,36.36137],[139.23743,36.36061],[139.23708,36.3599],[139.23737,36.3599],[139.23784,36.35983],[139.23827,36.36032],[139.23851,36.3604],[139.23859,36.36069],[139.23879,36.36157],[139.23877,36.36172],[139.23877,36.36179],[139.23892,36.3625],[139.2386,36.36259],[139.23821,36.36269],[139.2382,36.36297],[139.2382,36.36313],[139.23831,36.36334],[139.23845,36.36348],[139.23865,36.36359],[139.23867,36.36365],[139.2386,36.36389],[139.23864,36.36412],[139.23872,36.36424],[139.23867,36.36439],[139.23871,36.36456],[139.2388,36.3647],[139.23891,36.36493],[139.23896,36.36519],[139.23901,36.3654],[139.23877,36.36554],[139.23664,36.36689],[139.23673,36.36702],[139.2383,36.36665],[139.23847,36.36707],[139.23928,36.36689],[139.23931,36.36711],[139.23956,36.36784],[139.23971,36.36806],[139.23974,36.36856],[139.2397,36.36865],[139.23971,36.36928],[139.23977,36.36934],[139.2401,36.36941],[139.24036,36.36944],[139.24085,36.36937],[139.24087,36.36918],[139.2409,36.36905],[139.241,36.36898],[139.24109,36.36895],[139.2413,36.36888],[139.24153,36.36884],[139.24163,36.3688],[139.24157,36.36844],[139.24139,36.36753],[139.24242,36.3674],[139.24332,36.36731],[139.24338,36.36739],[139.24349,36.36742],[139.2437,36.36741],[139.24396,36.36736],[139.24412,36.36733],[139.2443,36.36724],[139.24448,36.36715],[139.24476,36.36711],[139.24463,36.36628],[139.24459,36.36603],[139.24455,36.36582],[139.24451,36.3657],[139.24447,36.36559],[139.24437,36.36541],[139.24428,36.36527],[139.2442,36.36519],[139.2445,36.36516],[139.24488,36.36509],[139.2449,36.36506],[139.24468,36.36367],[139.24468,36.36361],[139.24454,36.36361],[139.24447,36.36334],[139.24443,36.36277],[139.24439,36.36236],[139.24436,36.3621],[139.24444,36.36109],[139.24444,36.36083],[139.24443,36.36059],[139.2464,36.36218],[139.24651,36.36157],[139.24659,36.36094],[139.24668,36.3604],[139.24674,36.35991],[139.24682,36.3593],[139.24688,36.35892],[139.2469,36.35877],[139.24885,36.35897],[139.24968,36.35906],[139.24989,36.35906],[139.24974,36.35885],[139.24953,36.35852],[139.24942,36.35829],[139.24935,36.35807],[139.24926,36.35775],[139.24909,36.35712],[139.24899,36.35669],[139.2489,36.35636],[139.24958,36.3563],[139.24958,36.35583],[139.2496,36.3557],[139.24963,36.35556],[139.24964,36.35541],[139.24961,36.35525],[139.24957,36.35516],[139.24946,36.35502],[139.24938,36.35487],[139.24935,36.35478],[139.24936,36.35463],[139.24935,36.35454],[139.24928,36.35436],[139.24927,36.35417],[139.24929,36.35408],[139.24936,36.35393],[139.2495,36.3537],[139.24957,36.35357],[139.24968,36.3535],[139.24977,36.35342],[139.24987,36.35333],[139.24999,36.35322],[139.2501,36.35301],[139.25022,36.35286],[139.25029,36.35278],[139.25032,36.35266],[139.25035,36.35253],[139.25041,36.35242],[139.25046,36.35234],[139.2505,36.35227],[139.25047,36.35218],[139.25038,36.35201],[139.25038,36.35195],[139.25039,36.35182],[139.25042,36.35173],[139.25054,36.35164],[139.25064,36.35157],[139.25078,36.35149],[139.25083,36.35145],[139.25088,36.35135],[139.25089,36.35127],[139.25093,36.35115],[139.251,36.3511],[139.25111,36.35099],[139.25118,36.35091],[139.25123,36.35074],[139.25126,36.35064],[139.25133,36.35052],[139.25135,36.35049],[139.2511,36.35038],[139.25106,36.35013],[139.25103,36.34995],[139.251,36.34984],[139.25098,36.34961],[139.25097,36.34955],[139.25101,36.34952],[139.25111,36.34952],[139.25153,36.3495],[139.25167,36.34949],[139.25192,36.34948],[139.25214,36.34947],[139.25243,36.34945],[139.25272,36.34943],[139.25281,36.34937],[139.25285,36.34922],[139.25289,36.34903],[139.25292,36.34888],[139.25289,36.34868],[139.25292,36.34854],[139.25295,36.34845],[139.25296,36.34822],[139.25293,36.34801],[139.25285,36.34743],[139.25279,36.34724],[139.25273,36.34702],[139.25261,36.34677],[139.25241,36.34647],[139.25228,36.3463],[139.25219,36.34625],[139.25214,36.34627],[139.25186,36.34638],[139.25181,36.3463],[139.25177,36.34624],[139.25162,36.34616],[139.25132,36.34612],[139.25111,36.34614],[139.251,36.34615],[139.24982,36.34612],[139.24974,36.3458],[139.24966,36.34543],[139.24932,36.34389],[139.24931,36.34387],[139.24831,36.34401],[139.24804,36.3428],[139.24804,36.34253],[139.24799,36.34188],[139.24802,36.34182],[139.24789,36.34102],[139.24785,36.34034],[139.24744,36.34038],[139.24733,36.33983],[139.24647,36.33997],[139.24666,36.34085],[139.2458,36.34093],[139.24589,36.34072],[139.24595,36.3404],[139.24601,36.34003],[139.24575,36.34003],[139.24552,36.33996],[139.24513,36.33983],[139.24495,36.33974],[139.24469,36.33956],[139.24474,36.33927],[139.24481,36.33914],[139.24485,36.33858],[139.24495,36.33848],[139.24512,36.33836],[139.24518,36.33818],[139.24533,36.33812],[139.24537,36.33801],[139.24541,36.33788],[139.24544,36.33775],[139.24546,36.33762],[139.24549,36.33748],[139.24552,36.33735],[139.24555,36.33732],[139.24569,36.33731],[139.2461,36.33722],[139.24612,36.33712],[139.24606,36.33689],[139.2459,36.33648],[139.24579,36.33599],[139.24587,36.33597],[139.24607,36.33522],[139.24648,36.33515],[139.24665,36.33486],[139.24678,36.33478],[139.24686,36.3347],[139.24701,36.33448],[139.24721,36.33426],[139.24732,36.33413],[139.24745,36.33399],[139.24757,36.33387],[139.24771,36.33373],[139.2478,36.33364],[139.24794,36.33359],[139.24809,36.33352],[139.24818,36.33341],[139.24826,36.33325],[139.24842,36.33321],[139.24849,36.33311],[139.24854,36.33298],[139.24856,36.33292],[139.24881,36.33279],[139.24886,36.33271],[139.24891,36.33249],[139.24893,36.33228],[139.24911,36.33142],[139.24924,36.33129],[139.24933,36.33097],[139.24905,36.3309],[139.2491,36.33083],[139.24921,36.33074],[139.24929,36.33068],[139.24938,36.33057],[139.24969,36.33025],[139.24998,36.33033],[139.25029,36.33035],[139.25036,36.33023],[139.25047,36.32998],[139.25067,36.32956],[139.25078,36.32934],[139.25099,36.32868],[139.25101,36.32854],[139.25091,36.32833],[139.2509,36.32788],[139.2509,36.32773],[139.25086,36.32761],[139.25072,36.32744],[139.25067,36.32733],[139.25063,36.32693],[139.25061,36.32665],[139.25059,36.32631],[139.25055,36.32586],[139.25052,36.32545],[139.25051,36.32536],[139.24951,36.32542],[139.24953,36.32587],[139.24957,36.32651],[139.24957,36.32653],[139.24965,36.3268],[139.24973,36.32704],[139.24974,36.32717],[139.2497,36.32766],[139.24958,36.32787],[139.24947,36.32834],[139.24946,36.32841],[139.24895,36.32834],[139.24847,36.32832],[139.2485,36.32821],[139.24852,36.32812],[139.24852,36.32799],[139.24845,36.32736],[139.24841,36.32686],[139.24838,36.32645],[139.24835,36.32613],[139.24834,36.32593],[139.2483,36.32585],[139.24822,36.32575],[139.24776,36.32559],[139.24743,36.32629],[139.24528,36.3256],[139.24475,36.32669],[139.24429,36.32654],[139.24401,36.32647],[139.24364,36.32638],[139.24341,36.32633],[139.24326,36.3263],[139.24314,36.32626],[139.24288,36.3261],[139.24284,36.32596],[139.24292,36.3258],[139.24313,36.32538],[139.24341,36.3248],[139.24361,36.32438],[139.2437,36.32437],[139.24404,36.3244],[139.2443,36.32443],[139.24463,36.3245],[139.2447,36.32451],[139.24518,36.32452],[139.24519,36.32457],[139.24527,36.32462],[139.24544,36.32464],[139.24565,36.32468],[139.24571,36.32473],[139.24574,36.32477],[139.24591,36.3248],[139.24598,36.3248],[139.24602,36.32478],[139.24603,36.32476],[139.24605,36.32474],[139.24607,36.32474],[139.2461,36.32473],[139.24623,36.32472],[139.24641,36.3247],[139.24643,36.32476],[139.24645,36.32482],[139.24656,36.32496],[139.24666,36.32507],[139.24672,36.32512],[139.24681,36.32515],[139.24697,36.32511],[139.24711,36.32505],[139.24728,36.325],[139.24737,36.32495],[139.24747,36.3249],[139.24763,36.32478],[139.24775,36.32467],[139.24795,36.32446],[139.24829,36.3241],[139.24826,36.32383],[139.24846,36.32379],[139.24861,36.32346],[139.24867,36.32337],[139.24875,36.3233],[139.24906,36.32301],[139.24916,36.32292],[139.24923,36.32288],[139.24927,36.32287],[139.24978,36.32267],[139.25018,36.32249],[139.25039,36.32237],[139.25086,36.32218],[139.251,36.32214],[139.25108,36.3221],[139.25142,36.32175],[139.25145,36.32166],[139.25145,36.32158],[139.2515,36.32149],[139.25157,36.32132],[139.25168,36.32106],[139.25176,36.32092],[139.2518,36.32082],[139.25178,36.32055],[139.25179,36.32045],[139.25181,36.32033],[139.25186,36.32017],[139.25189,36.32002],[139.25198,36.3199],[139.25211,36.31976],[139.25211,36.31971],[139.25208,36.31967],[139.25201,36.31963],[139.25199,36.31961],[139.25204,36.31957],[139.25212,36.31944],[139.2522,36.31929],[139.25229,36.31913],[139.25235,36.31901],[139.25243,36.31883],[139.25254,36.31856],[139.25262,36.31836],[139.25286,36.31781],[139.2516,36.3178],[139.25149,36.31791],[139.25139,36.31801],[139.25131,36.31808],[139.25121,36.31819],[139.25117,36.31826],[139.25114,36.31841],[139.25113,36.31858],[139.2511,36.3187],[139.25106,36.31884],[139.25102,36.31897],[139.25094,36.31907],[139.25086,36.31915],[139.25082,36.31919],[139.25073,36.31912],[139.25039,36.31884],[139.24997,36.31854],[139.24977,36.31842],[139.2495,36.31826],[139.24914,36.31803],[139.24866,36.31773],[139.24779,36.31721],[139.24755,36.31708],[139.24738,36.31699],[139.24709,36.31688],[139.24693,36.3168],[139.24668,36.31667],[139.24634,36.31648],[139.24626,36.31641],[139.24608,36.31628],[139.24593,36.31618],[139.24586,36.31611],[139.24516,36.31602],[139.2445,36.31593],[139.24353,36.31581],[139.24274,36.31574],[139.24214,36.31566],[139.24131,36.31555],[139.24057,36.31541],[139.2396,36.31529],[139.23912,36.31525],[139.23892,36.31556],[139.23875,36.31577],[139.23852,36.31589],[139.23781,36.31601],[139.2372,36.31618],[139.23683,36.31633],[139.23649,36.31659],[139.23599,36.317],[139.23574,36.31677],[139.23538,36.3169],[139.23532,36.31682],[139.23514,36.31685],[139.23508,36.31687],[139.23486,36.31708],[139.23443,36.31725],[139.23436,36.31735],[139.23422,36.31735],[139.23401,36.31778],[139.234,36.31787],[139.2336,36.31844],[139.23353,36.31847],[139.23187,36.31868],[139.23183,36.31869],[139.23203,36.31974],[139.2319,36.31997],[139.23165,36.31994],[139.23141,36.32091],[139.23135,36.32095],[139.23022,36.321],[139.23009,36.32165],[139.23,36.32221],[139.22992,36.32309],[139.22986,36.3238],[139.22979,36.32393],[139.22966,36.32432],[139.22948,36.32498],[139.22946,36.3251],[139.22942,36.32562],[139.22934,36.32644],[139.22935,36.32647],[139.2299,36.32662],[139.22975,36.32696],[139.23045,36.32715],[139.23011,36.32787],[139.229,36.32756],[139.22828,36.32933],[139.22948,36.32967],[139.22864,36.33167],[139.22773,36.33144],[139.22717,36.33124],[139.22671,36.33112],[139.22662,36.3311],[139.2266,36.3311],[139.2261,36.33224],[139.22604,36.33246],[139.226,36.33328],[139.22764,36.33414],[139.22765,36.33514],[139.22768,36.33517],[139.22844,36.33499],[139.22847,36.33533],[139.22848,36.33556],[139.22851,36.33574],[139.2286,36.33589],[139.22876,36.33609],[139.22879,36.33612],[139.22877,36.33635],[139.22879,36.33649],[139.22886,36.33669],[139.22889,36.33969],[139.2289,36.34035],[139.22928,36.34058],[139.22959,36.34072],[139.22983,36.34079],[139.23047,36.34083],[139.23265,36.34079],[139.23455,36.34078],[139.23843,36.34077],[139.23978,36.34074],[139.23976,36.3442],[139.24032,36.34423],[139.24064,36.34449],[139.24064,36.34561],[139.24149,36.34562],[139.2415,36.34711],[139.24246,36.34713],[139.24265,36.34753],[139.24263,36.34765],[139.24256,36.34781],[139.24318,36.34777],[139.2433,36.3485],[139.24162,36.34915],[139.24108,36.34937],[139.24075,36.3495],[139.24032,36.34966],[139.23989,36.34983],[139.23902,36.35012],[139.239,36.35012],[139.23898,36.35029],[139.23835,36.35037],[139.23818,36.35042],[139.2373,36.35057],[139.23715,36.35061],[139.23669,36.3507],[139.23617,36.35081],[139.23578,36.35094],[139.23576,36.35114],[139.23533,36.35126],[139.23465,36.3514],[139.23455,36.35117],[139.23324,36.35157],[139.23484,36.35301],[139.23457,36.35314],[139.23535,36.35467],[139.23438,36.3548],[139.234,36.35466],[139.23367,36.35504],[139.23266,36.35455],[139.23264,36.3545],[139.23308,36.35405],[139.23337,36.3537],[139.23343,36.35365],[139.23169,36.35412],[139.23086,36.35383],[139.23074,36.3542],[139.22972,36.3543],[139.22982,36.3538],[139.22905,36.35385],[139.22876,36.3539],[139.22824,36.354],[139.22713,36.35428],[139.22679,36.35433],[139.22478,36.35469],[139.22387,36.35117],[139.22373,36.35086],[139.22348,36.35059],[139.22276,36.34987],[139.22256,36.34955],[139.2223,36.34913],[139.22201,36.34874],[139.22185,36.3485],[139.22158,36.34833],[139.22123,36.34819],[139.2203,36.34917],[139.21946,36.35007],[139.21894,36.35061],[139.21826,36.3513],[139.21734,36.35222],[139.2168,36.35267],[139.21616,36.35312],[139.21567,36.35349],[139.2147,36.35409],[139.21412,36.35445],[139.2136,36.35469],[139.21321,36.35487]],[[139.23846,36.35578],[139.2361,36.35381],[139.23967,36.353],[139.23938,36.35413],[139.23846,36.35578]],[[139.23768,36.33849],[139.23762,36.33788],[139.23808,36.33787],[139.23804,36.33723],[139.23893,36.33721],[139.23982,36.33723],[139.23969,36.336],[139.23974,36.33551],[139.23862,36.33566],[139.23872,36.33516],[139.23879,36.33473],[139.2389,36.33458],[139.239,36.33427],[139.2391,36.33398],[139.2394,36.33344],[139.23962,36.33303],[139.23973,36.33281],[139.23989,36.33252],[139.2404,36.33269],[139.24083,36.3319],[139.24097,36.33174],[139.24149,36.33081],[139.24201,36.32988],[139.24246,36.32905],[139.24257,36.32902],[139.24367,36.32943],[139.24312,36.33038],[139.24367,36.33057],[139.2432,36.33136],[139.24315,36.33148],[139.24308,36.33157],[139.24266,36.33198],[139.24241,36.33223],[139.24206,36.33258],[139.24176,36.33288],[139.24159,36.33303],[139.24146,36.33318],[139.24139,36.3333],[139.24133,36.33344],[139.24123,36.33369],[139.24118,36.33386],[139.24112,36.33405],[139.24102,36.33432],[139.24096,36.33443],[139.24089,36.33466],[139.24083,36.33515],[139.24089,36.33534],[139.24111,36.33538],[139.24112,36.33543],[139.24146,36.33587],[139.24148,36.33601],[139.24148,36.33648],[139.24151,36.33668],[139.2417,36.33715],[139.24169,36.33725],[139.24121,36.33737],[139.24113,36.33773],[139.24105,36.33798],[139.24092,36.33827],[139.24052,36.33825],[139.24047,36.33849],[139.2403,36.33886],[139.24011,36.33923],[139.23997,36.33956],[139.2399,36.33985],[139.23991,36.34067],[139.23776,36.33949],[139.2377,36.33923],[139.23764,36.33855],[139.23768,36.33849]],[[139.24138,36.35342],[139.24139,36.35265],[139.24141,36.35134],[139.24141,36.34939],[139.24327,36.34941],[139.24324,36.35066],[139.24284,36.35094],[139.24251,36.35094],[139.2425,36.35141],[139.24224,36.3516],[139.24225,36.35184],[139.24231,36.35215],[139.24249,36.35231],[139.24249,36.35397],[139.24249,36.35401],[139.24173,36.35408],[139.24154,36.35415],[139.24143,36.35389],[139.24138,36.35342]]]}},{"type":"Feature","properties":{"layer":1},"geometry":{"type":"Polygon","coordinates":[[[139.21594,36.26886],[139.2162,36.26915],[139.21687,36.26872],[139.21712,36.26864],[139.21745,36.26859],[139.2177,36.26843],[139.21813,36.26908],[139.21988,36.26874],[139.21953,36.26788],[139.21925,36.26709],[139.21999,36.26701],[139.22199,36.26632],[139.22196,36.26628],[139.22175,36.26588],[139.22151,36.26537],[139.22133,36.26505],[139.22096,36.26445],[139.22178,36.26425],[139.22357,36.26397],[139.224,36.26397],[139.22487,36.26398],[139.22579,36.26402],[139.22658,36.26416],[139.22794,36.26452],[139.22881,36.26487],[139.22956,36.26511],[139.23003,36.26513],[139.23081,36.26509],[139.23181,36.26496],[139.23236,36.26484],[139.23202,36.26258],[139.23051,36.26267],[139.23027,36.26181],[139.22921,36.26211],[139.2291,36.26202],[139.22824,36.26161],[139.22781,36.26127],[139.22712,36.26104],[139.22635,36.26079],[139.22534,36.26006],[139.22468,36.25925],[139.22369,36.25938],[139.22364,36.25943],[139.22362,36.25972],[139.2229,36.25971],[139.22287,36.25951],[139.22238,36.25955],[139.21863,36.2599],[139.21698,36.26006],[139.21679,36.26098],[139.21635,36.26344],[139.21786,36.26489],[139.21867,36.26564],[139.21836,36.26585],[139.21778,36.26638],[139.21734,36.26692],[139.21704,36.26734],[139.21645,36.26817],[139.21594,36.26886]]]}},{"type":"Feature","properties":{"layer":1},"geometry":{"type":"Polygon","coordinates":[[[139.22919,36.34498],[139.22919,36.34635],[139.22957,36.34637],[139.22959,36.34641],[139.22957,36.34699],[139.23137,36.34681],[139.2316,36.34672],[139.23187,36.34658],[139.23213,36.34641],[139.23256,36.34629],[139.23258,36.34674],[139.23261,36.34792],[139.23262,36.34833],[139.23263,36.34877],[139.23345,36.34875],[139.23346,36.349],[139.23349,36.34976],[139.23347,36.34988],[139.23366,36.35001],[139.23349,36.35013],[139.23327,36.35028],[139.23313,36.35038],[139.23299,36.35057],[139.23269,36.35106],[139.23308,36.35141],[139.23447,36.35101],[139.23443,36.35096],[139.23399,36.35031],[139.23491,36.34985],[139.23495,36.3497],[139.23498,36.34945],[139.23501,36.34935],[139.23504,36.34931],[139.23467,36.3492],[139.23486,36.34884],[139.235,36.34851],[139.23542,36.34746],[139.23553,36.34746],[139.23611,36.34754],[139.23668,36.34761],[139.23715,36.34761],[139.23741,36.34762],[139.23752,36.34755],[139.23766,36.34754],[139.2378,36.34754],[139.23785,36.34751],[139.2379,36.34734],[139.23792,36.34723],[139.23788,36.34714],[139.2378,36.34708],[139.23771,36.34693],[139.23772,36.34687],[139.23778,36.34675],[139.23783,36.34663],[139.23785,36.34654],[139.23786,36.34645],[139.23802,36.34641],[139.23822,36.34638],[139.23864,36.34637],[139.23864,36.34566],[139.23854,36.34566],[139.23773,36.34562],[139.23733,36.34558],[139.23681,36.34554],[139.2365,36.34555],[139.23641,36.34555],[139.23623,36.34469],[139.23655,36.34467],[139.23656,36.34298],[139.236,36.34295],[139.23583,36.34297],[139.23574,36.34302],[139.23569,36.34304],[139.23479,36.34311],[139.23475,36.34311],[139.2344,36.3426],[139.23435,36.34224],[139.23258,36.34226],[139.23253,36.34225],[139.23247,36.34216],[139.23247,36.342],[139.23216,36.34205],[139.23176,36.34215],[139.23181,36.34239],[139.23195,36.34294],[139.23216,36.34357],[139.23166,36.34374],[139.23099,36.34398],[139.23082,36.34399],[139.22959,36.34402],[139.22961,36.34449],[139.2296,36.34455],[139.22919,36.34498]]]}},{"type":"Feature","properties":{"layer":1},"geometry":{"type":"Polygon","coordinates":[[[139.24073,36.27221],[139.24098,36.27233],[139.2415,36.27305],[139.24136,36.27317],[139.24162,36.27318],[139.2418,36.27349],[139.24192,36.27356],[139.24177,36.27392],[139.24286,36.27402],[139.24394,36.27412],[139.24679,36.27439],[139.24814,36.2745],[139.24901,36.27458],[139.24826,36.27516],[139.24823,36.27516],[139.24807,36.27507],[139.2479,36.27517],[139.24774,36.27536],[139.24759,36.27564],[139.24752,36.27591],[139.24748,36.27627],[139.2473,36.27628],[139.24729,36.27705],[139.24746,36.27735],[139.24714,36.2777],[139.24714,36.2778],[139.24717,36.27798],[139.2473,36.27814],[139.24717,36.27819],[139.24726,36.27886],[139.24743,36.27898],[139.24746,36.27936],[139.24797,36.27916],[139.24803,36.27909],[139.24824,36.27897],[139.24839,36.27889],[139.2488,36.27864],[139.24941,36.27825],[139.24978,36.27801],[139.2498,36.27804],[139.2498,36.27815],[139.24985,36.27843],[139.24991,36.27863],[139.25014,36.27918],[139.25106,36.2786],[139.25142,36.27839],[139.25201,36.27814],[139.25238,36.27799],[139.25318,36.27779],[139.25395,36.27766],[139.25464,36.28018],[139.25395,36.28032],[139.25351,36.2805],[139.25299,36.28063],[139.25326,36.28175],[139.24983,36.28315],[139.24925,36.28348],[139.24934,36.28393],[139.25211,36.28282],[139.25381,36.28216],[139.25469,36.2819],[139.25512,36.28178],[139.25516,36.28201],[139.25732,36.28165],[139.25843,36.28147],[139.2606,36.28111],[139.26157,36.28095],[139.26247,36.28081],[139.26273,36.28092],[139.26293,36.2809],[139.26303,36.28071],[139.26328,36.28067],[139.26623,36.28018],[139.26674,36.28011],[139.26778,36.28003],[139.26883,36.28005],[139.26885,36.27976],[139.26929,36.2798],[139.2699,36.27985],[139.27044,36.27991],[139.27079,36.27993],[139.27108,36.27991],[139.27148,36.2799],[139.27157,36.27988],[139.27163,36.27979],[139.27167,36.27955],[139.27195,36.27834],[139.27209,36.27773],[139.27213,36.27754],[139.27211,36.27729],[139.27209,36.27698],[139.27202,36.27653],[139.27198,36.27634],[139.2719,36.276],[139.27189,36.276],[139.27188,36.276],[139.27172,36.27543],[139.2716,36.275],[139.2716,36.275],[139.27155,36.27484],[139.27154,36.27471],[139.27154,36.27466],[139.27151,36.27439],[139.2715,36.27433],[139.2715,36.27427],[139.27149,36.27423],[139.27141,36.27359],[139.27141,36.27356],[139.27139,36.2735],[139.27133,36.27315],[139.27133,36.27313],[139.27133,36.27303],[139.27135,36.27262],[139.27155,36.27152],[139.27169,36.27066],[139.27176,36.26936],[139.27176,36.26935],[139.27195,36.26838],[139.27195,36.26816],[139.27196,36.26784],[139.27196,36.26784],[139.27195,36.26773],[139.27195,36.26767],[139.27195,36.26764],[139.27189,36.2675],[139.2718,36.26737],[139.27176,36.26732],[139.27176,36.26731],[139.2716,36.26717],[139.27156,36.26713],[139.27148,36.26712],[139.2713,36.2671],[139.27111,36.26707],[139.27092,36.2671],[139.27081,36.2671],[139.27063,36.26713],[139.27053,36.26713],[139.27023,36.26711],[139.26998,36.26711],[139.26975,36.26701],[139.26969,36.26693],[139.26967,36.26685],[139.2697,36.26677],[139.2698,36.26667],[139.2698,36.26667],[139.26985,36.26661],[139.26986,36.26659],[139.26995,36.26649],[139.27001,36.26642],[139.27017,36.26614],[139.2702,36.2661],[139.27021,36.26608],[139.26982,36.26577],[139.26943,36.26545],[139.26942,36.26544],[139.26932,36.26521],[139.26932,36.26521],[139.26923,36.26502],[139.26921,36.26494],[139.26871,36.26506],[139.26822,36.26523],[139.26808,36.26533],[139.26786,36.2653],[139.26765,36.26524],[139.26746,36.26521],[139.26724,36.2652],[139.26706,36.26517],[139.26691,36.26514],[139.26674,36.26507],[139.26653,36.265],[139.26628,36.26496],[139.26594,36.26495],[139.26553,36.265],[139.26514,36.26504],[139.26463,36.2651],[139.26435,36.26514],[139.26406,36.2652],[139.26372,36.26529],[139.26337,36.26538],[139.26305,36.26545],[139.26271,36.26553],[139.26257,36.26557],[139.26238,36.26563],[139.26219,36.26567],[139.26201,36.2657],[139.2619,36.26567],[139.2617,36.26566],[139.2613,36.26574],[139.26076,36.26585],[139.2606,36.26588],[139.26041,36.26597],[139.26005,36.26621],[139.25992,36.26635],[139.25982,36.26645],[139.25978,36.26655],[139.2594,36.26655],[139.25919,36.26659],[139.25896,36.26666],[139.25905,36.26689],[139.25852,36.26704],[139.25804,36.26717],[139.2578,36.26727],[139.25763,36.26737],[139.25725,36.26772],[139.25704,36.26791],[139.2568,36.26797],[139.2566,36.26817],[139.25638,36.26842],[139.2563,36.26852],[139.25621,36.2686],[139.25605,36.2688],[139.25594,36.26896],[139.25583,36.26908],[139.25554,36.26942],[139.25539,36.26949],[139.25511,36.26965],[139.25492,36.26974],[139.25474,36.26952],[139.25461,36.26959],[139.25427,36.26989],[139.2541,36.27007],[139.25402,36.27013],[139.25398,36.2701],[139.25385,36.26992],[139.25359,36.27003],[139.2531,36.27022],[139.25279,36.27031],[139.25258,36.27042],[139.25261,36.2706],[139.25263,36.27129],[139.25257,36.27154],[139.25199,36.27176],[139.25157,36.27191],[139.25136,36.27204],[139.25118,36.27219],[139.25087,36.27235],[139.25067,36.27219],[139.25013,36.27185],[139.24954,36.27145],[139.24891,36.27104],[139.24829,36.27063],[139.24801,36.27045],[139.2477,36.27022],[139.24752,36.27001],[139.24742,36.26982],[139.2473,36.2696],[139.2472,36.26951],[139.24705,36.26943],[139.24698,36.26935],[139.24678,36.26962],[139.24662,36.26984],[139.24631,36.27021],[139.2461,36.27041],[139.24591,36.2706],[139.24556,36.27094],[139.24525,36.27124],[139.24484,36.27159],[139.24448,36.27183],[139.2442,36.27197],[139.24377,36.27206],[139.24346,36.2721],[139.24317,36.27205],[139.24271,36.27195],[139.24209,36.27182],[139.24186,36.27177],[139.24143,36.27173],[139.24106,36.27176],[139.24073,36.27221]]]}},{"type":"Feature","properties":{"layer":1},"geometry":{"type":"Polygon","coordinates":[[[139.25025,36.2915],[139.25011,36.29655],[139.25069,36.29658],[139.25065,36.29815],[139.25229,36.2982],[139.25232,36.29824],[139.25314,36.29804],[139.2558,36.29515],[139.25576,36.29504],[139.25675,36.29415],[139.25762,36.29339],[139.25833,36.2928],[139.25834,36.29279],[139.25887,36.29236],[139.25919,36.29209],[139.25972,36.29167],[139.25972,36.29167],[139.25987,36.29154],[139.2599,36.28896],[139.25045,36.28895],[139.2503,36.28905],[139.25025,36.2915]]]}},{"type":"Feature","properties":{"layer":1},"geometry":{"type":"Polygon","coordinates":[[[139.25901,36.31847],[139.25936,36.3195],[139.25946,36.31981],[139.25957,36.32025],[139.26018,36.32002],[139.26148,36.31974],[139.26207,36.31961],[139.26368,36.3192],[139.26369,36.31929],[139.2647,36.31915],[139.26467,36.31899],[139.26528,36.31887],[139.26542,36.3193],[139.26734,36.31869],[139.26753,36.31856],[139.26837,36.31857],[139.26837,36.31854],[139.26847,36.31794],[139.26858,36.31761],[139.26861,36.31739],[139.26862,36.31729],[139.26865,36.31667],[139.26865,36.31667],[139.2687,36.31587],[139.26727,36.31608],[139.26699,36.31612],[139.26694,36.31588],[139.26691,36.31568],[139.26687,36.31548],[139.26681,36.31519],[139.26485,36.31535],[139.26478,36.31488],[139.26481,36.31446],[139.26496,36.31369],[139.26306,36.31372],[139.26208,36.31384],[139.26224,36.31538],[139.26201,36.31541],[139.26212,36.31691],[139.26212,36.31694],[139.26125,36.31708],[139.26131,36.31775],[139.26012,36.31798],[139.25901,36.31847]]]}},{"type":"Feature","properties":{"layer":1},"geometry":{"type":"Polygon","coordinates":[[[139.27202,36.27598],[139.27222,36.27667],[139.27558,36.27611],[139.27539,36.27545],[139.27504,36.27545],[139.27501,36.27546],[139.275,36.27546],[139.27473,36.2755],[139.27357,36.27569],[139.27356,36.27569],[139.27243,36.2759],[139.27224,36.27593],[139.27202,36.27598]]]}},{"type":"Feature","properties":{"layer":2},"geometry":{"type":"Polygon","coordinates":[[[139.1362,36.33333],[139.13618,36.33434],[139.13702,36.33437],[139.13765,36.33438],[139.13776,36.33438],[139.13781,36.33439],[139.13796,36.33439],[139.13809,36.33439],[139.13897,36.33441],[139.13922,36.33443],[139.13937,36.33444],[139.13944,36.33444],[139.13968,36.33445],[139.14002,36.33447],[139.14027,36.33448],[139.14048,36.33448],[139.14053,36.33448],[139.14167,36.3345],[139.14167,36.3345],[139.14168,36.3345],[139.14168,36.33463],[139.14167,36.33486],[139.14167,36.33509],[139.14167,36.33512],[139.14166,36.33526],[139.14167,36.33534],[139.14167,36.33537],[139.14167,36.33537],[139.14171,36.33547],[139.14183,36.33566],[139.14202,36.33595],[139.14208,36.33602],[139.14228,36.33625],[139.14233,36.3363],[139.14238,36.33635],[139.14254,36.33648],[139.14273,36.33662],[139.14286,36.33686],[139.14291,36.33695],[139.14294,36.33701],[139.14305,36.33712],[139.14311,36.33715],[139.14328,36.33723],[139.14351,36.33733],[139.1436,36.33737],[139.14373,36.33743],[139.14376,36.33743],[139.14384,36.33745],[139.14427,36.33755],[139.14425,36.33764],[139.14469,36.33762],[139.14495,36.33761],[139.14507,36.3376],[139.14564,36.33723],[139.14591,36.33703],[139.14615,36.33683],[139.14648,36.33661],[139.14659,36.33649],[139.14638,36.33606],[139.14665,36.33568],[139.14693,36.33537],[139.14702,36.33525],[139.14715,36.33507],[139.14723,36.33494],[139.14746,36.33466],[139.14762,36.33444],[139.14774,36.3342],[139.14775,36.33404],[139.14774,36.33384],[139.14775,36.33352],[139.14782,36.3334],[139.1477,36.33328],[139.14755,36.33313],[139.14739,36.33307],[139.14709,36.33294],[139.14698,36.33284],[139.14698,36.33263],[139.14715,36.33258],[139.14716,36.3321],[139.14719,36.33186],[139.14725,36.33166],[139.14741,36.33133],[139.1475,36.33119],[139.14761,36.33108],[139.14796,36.33083],[139.14777,36.33072],[139.149,36.32994],[139.14902,36.3296],[139.14912,36.32941],[139.14938,36.32912],[139.14963,36.32892],[139.15011,36.32826],[139.14956,36.32796],[139.14984,36.32776],[139.15009,36.32763],[139.15043,36.32743],[139.15073,36.32728],[139.15104,36.32714],[139.15192,36.32757],[139.1525,36.32733],[139.15266,36.32737],[139.15282,36.32745],[139.15311,36.32751],[139.15357,36.32754],[139.15369,36.32759],[139.15376,36.32758],[139.15389,36.3275],[139.15412,36.3274],[139.15445,36.32729],[139.15472,36.3272],[139.1549,36.3271],[139.1552,36.32701],[139.15547,36.32692],[139.15561,36.32682],[139.15574,36.32677],[139.15591,36.32674],[139.15608,36.3267],[139.15632,36.32666],[139.15657,36.32661],[139.1569,36.32659],[139.15733,36.32658],[139.15769,36.32656],[139.15833,36.32653],[139.15858,36.32642],[139.15875,36.3264],[139.15925,36.32636],[139.15949,36.32628],[139.15977,36.32614],[139.16009,36.32599],[139.16044,36.32578],[139.16078,36.32556],[139.16101,36.32539],[139.16117,36.32523],[139.16143,36.32492],[139.16168,36.32462],[139.16179,36.3245],[139.1618,36.32391],[139.1618,36.3236],[139.1618,36.32332],[139.16167,36.32272],[139.1616,36.32245],[139.16151,36.32219],[139.16147,36.32203],[139.16151,36.32181],[139.16156,36.32136],[139.16155,36.32121],[139.16147,36.32096],[139.16134,36.3204],[139.16127,36.32003],[139.16118,36.31969],[139.16119,36.31945],[139.16123,36.31923],[139.16132,36.31884],[139.16138,36.31861],[139.16141,36.31851],[139.16135,36.31833],[139.16118,36.31766],[139.16117,36.31754],[139.16133,36.31732],[139.16153,36.31716],[139.16175,36.31697],[139.16196,36.3168],[139.16233,36.31653],[139.16253,36.31642],[139.16275,36.31629],[139.16296,36.31616],[139.16324,36.31599],[139.16337,36.3159],[139.16353,36.31581],[139.16359,36.3157],[139.16375,36.31547],[139.16363,36.31548],[139.16378,36.31528],[139.16386,36.31517],[139.16377,36.31515],[139.16346,36.31515],[139.16325,36.31516],[139.16288,36.31518],[139.16258,36.31519],[139.16235,36.3152],[139.16195,36.31522],[139.16163,36.31523],[139.16133,36.31524],[139.16078,36.31526],[139.16046,36.31528],[139.16011,36.3153],[139.15974,36.31531],[139.15932,36.31533],[139.15914,36.31534],[139.15886,36.31535],[139.1594,36.31436],[139.15966,36.31391],[139.15991,36.31351],[139.16007,36.31321],[139.1602,36.313],[139.16001,36.31293],[139.15981,36.31285],[139.15933,36.31268],[139.15911,36.3126],[139.15881,36.31248],[139.15843,36.31234],[139.1581,36.31222],[139.1578,36.31275],[139.15757,36.31267],[139.15746,36.31286],[139.1572,36.31276],[139.15659,36.31254],[139.15635,36.31245],[139.1561,36.31237],[139.15578,36.31226],[139.15561,36.31219],[139.15499,36.31332],[139.15499,36.3136],[139.15371,36.31314],[139.15364,36.31325],[139.1516,36.31248],[139.15138,36.31239],[139.15143,36.31228],[139.15108,36.31217],[139.1512,36.31187],[139.15142,36.31156],[139.15153,36.3114],[139.15177,36.31073],[139.15188,36.31054],[139.15212,36.3102],[139.1524,36.30979],[139.15254,36.30958],[139.15273,36.30931],[139.15284,36.30914],[139.15307,36.30881],[139.15323,36.30857],[139.15333,36.30841],[139.15459,36.30889],[139.15533,36.30761],[139.15656,36.30809],[139.15779,36.30593],[139.16396,36.30528],[139.16358,36.30729],[139.1635,36.30747],[139.16334,36.30781],[139.1627,36.30888],[139.16254,36.30919],[139.16259,36.30922],[139.16264,36.30911],[139.16326,36.3094],[139.16384,36.30962],[139.16431,36.3098],[139.16465,36.30989],[139.16555,36.31004],[139.166,36.31008],[139.16628,36.31011],[139.16684,36.31018],[139.16683,36.31034],[139.1669,36.3107],[139.16715,36.31103],[139.16733,36.31128],[139.16754,36.31145],[139.16781,36.31163],[139.16791,36.3117],[139.168,36.31175],[139.1681,36.31182],[139.16828,36.31172],[139.16842,36.31185],[139.16874,36.31172],[139.16866,36.31154],[139.16907,36.31121],[139.16929,36.31118],[139.16997,36.31107],[139.17071,36.31096],[139.17153,36.31085],[139.17216,36.31023],[139.17351,36.30807],[139.17517,36.30512],[139.17305,36.30432],[139.18109,36.30028],[139.18134,36.29994],[139.182,36.29926],[139.18235,36.29898],[139.18241,36.29968],[139.18619,36.29963],[139.19189,36.29815],[139.19609,36.29721],[139.19765,36.29714],[139.19849,36.29757],[139.20008,36.299],[139.20008,36.29977],[139.20209,36.29992],[139.20249,36.29979],[139.20259,36.30016],[139.20244,36.30097],[139.20204,36.3018],[139.20185,36.30196],[139.20156,36.30278],[139.20122,36.30358],[139.20081,36.30389],[139.19994,36.30419],[139.19909,36.30419],[139.19842,36.30416],[139.19764,36.30425],[139.1957,36.30493],[139.19476,36.30547],[139.19398,36.30618],[139.19327,36.30694],[139.19268,36.3077],[139.19198,36.30864],[139.19113,36.30918],[139.19017,36.30953],[139.18887,36.31001],[139.18809,36.3101],[139.18756,36.31031],[139.18563,36.31112],[139.18655,36.3125],[139.18665,36.31303],[139.18711,36.31426],[139.1877,36.31504],[139.18888,36.31691],[139.18897,36.31722],[139.18909,36.31949],[139.18902,36.32047],[139.18875,36.32121],[139.1883,36.32228],[139.18782,36.32297],[139.18715,36.32383],[139.18642,36.32461],[139.18586,36.32509],[139.18528,36.32537],[139.18451,36.32554],[139.18357,36.32565],[139.18256,36.32569],[139.18025,36.3258],[139.17882,36.32591],[139.17798,36.32599],[139.17692,36.3261],[139.17571,36.32642],[139.17442,36.32694],[139.17334,36.32758],[139.17231,36.32825],[139.17132,36.32901],[139.17048,36.32976],[139.16991,36.33038],[139.16904,36.33138],[139.16845,36.33229],[139.1679,36.33335],[139.16766,36.33381],[139.16742,36.33417],[139.16708,36.33463],[139.16691,36.33527],[139.16658,36.33568],[139.16599,36.33611],[139.16528,36.33641],[139.16481,36.33654],[139.16407,36.33666],[139.16344,36.33675],[139.16259,36.33689],[139.16177,36.33708],[139.16106,36.33722],[139.16069,36.33731],[139.15994,36.33745],[139.15926,36.33756],[139.1588,36.33763],[139.15838,36.33766],[139.1579,36.33771],[139.15757,36.3378],[139.1572,36.3379],[139.15663,36.33809],[139.15617,36.33831],[139.15572,36.33861],[139.15534,36.33892],[139.15514,36.33914],[139.15497,36.33939],[139.15483,36.33962],[139.15467,36.33987],[139.1545,36.34007],[139.15424,36.34034],[139.15395,36.34055],[139.15368,36.34071],[139.15339,36.34083],[139.15318,36.34088],[139.15265,36.34103],[139.15226,36.34117],[139.15185,36.34133],[139.15069,36.34186],[139.15079,36.34192],[139.15085,36.34196],[139.151,36.34206],[139.15117,36.34219],[139.15117,36.34219],[139.15188,36.3419],[139.1522,36.34177],[139.15241,36.34169],[139.15246,36.34167],[139.15246,36.34167],[139.15272,36.34157],[139.15297,36.34147],[139.15298,36.34147],[139.15305,36.34144],[139.15361,36.34123],[139.15365,36.34122],[139.15387,36.34111],[139.15411,36.34101],[139.15429,36.34092],[139.15442,36.34084],[139.15461,36.34067],[139.15491,36.34074],[139.15491,36.34074],[139.15529,36.34083],[139.15555,36.34083],[139.15592,36.34027],[139.156,36.34006],[139.15611,36.33995],[139.15627,36.3397],[139.15649,36.33947],[139.15672,36.33928],[139.15692,36.33915],[139.15712,36.33905],[139.15741,36.33896],[139.15775,36.33886],[139.15807,36.33881],[139.15833,36.33878],[139.15834,36.33878],[139.15896,36.3387],[139.15939,36.33866],[139.15989,36.33862],[139.16022,36.33859],[139.16044,36.33854],[139.16075,36.33849],[139.16132,36.33838],[139.16143,36.33802],[139.16149,36.33785],[139.16149,36.33785],[139.16154,36.33771],[139.16156,36.33762],[139.16157,36.33761],[139.16251,36.33743],[139.16322,36.33732],[139.16374,36.33723],[139.16392,36.3372],[139.1643,36.33718],[139.16451,36.3372],[139.16466,36.33724],[139.16485,36.3373],[139.16486,36.3373],[139.16494,36.33732],[139.16517,36.33738],[139.16536,36.3374],[139.16576,36.33734],[139.16595,36.33732],[139.16608,36.33732],[139.16616,36.33734],[139.16648,36.3375],[139.16652,36.33752],[139.16657,36.33756],[139.1666,36.3376],[139.16667,36.33766],[139.16667,36.33767],[139.16679,36.3379],[139.16694,36.33825],[139.16694,36.33825],[139.16697,36.33832],[139.16696,36.33837],[139.16672,36.33876],[139.16667,36.33883],[139.16667,36.33884],[139.16624,36.33944],[139.16601,36.33973],[139.1657,36.34001],[139.16564,36.34004],[139.16529,36.34009],[139.16524,36.3401],[139.16524,36.34014],[139.16523,36.34029],[139.1652,36.34035],[139.16519,36.34037],[139.16466,36.34089],[139.16451,36.34105],[139.16443,36.34112],[139.16426,36.34138],[139.16413,36.3416],[139.16411,36.34167],[139.16411,36.34167],[139.16408,36.34175],[139.16407,36.34193],[139.16414,36.34207],[139.1642,36.34221],[139.16431,36.34237],[139.16414,36.34248],[139.16417,36.34252],[139.16428,36.34266],[139.16437,36.34276],[139.16442,36.34281],[139.16455,36.34294],[139.16463,36.34302],[139.16474,36.3431],[139.1649,36.34319],[139.16499,36.34324],[139.16503,36.34327],[139.16511,36.34334],[139.1652,36.34343],[139.1653,36.34358],[139.16537,36.34369],[139.16539,36.3437],[139.1655,36.34383],[139.16561,36.34396],[139.16562,36.34399],[139.16566,36.34414],[139.16566,36.34417],[139.16566,36.34418],[139.16566,36.34419],[139.16567,36.34431],[139.16567,36.34478],[139.16571,36.34492],[139.16571,36.34493],[139.16578,36.34504],[139.16579,36.34504],[139.16591,36.34511],[139.16603,36.34515],[139.16608,36.34517],[139.1664,36.34528],[139.1666,36.34532],[139.16664,36.34533],[139.16667,36.34533],[139.16667,36.34533],[139.16674,36.34535],[139.16687,36.34542],[139.16691,36.34544],[139.16703,36.3455],[139.1672,36.34563],[139.16756,36.34597],[139.1677,36.34609],[139.16794,36.34628],[139.1681,36.34637],[139.16824,36.34644],[139.16841,36.34648],[139.1686,36.34653],[139.16878,36.34658],[139.16902,36.34667],[139.16923,36.34678],[139.16932,36.34692],[139.16942,36.34715],[139.16951,36.34737],[139.16958,36.34752],[139.16969,36.3477],[139.16977,36.34781],[139.16984,36.34787],[139.17003,36.34795],[139.17022,36.34803],[139.17048,36.34811],[139.17122,36.34837],[139.17172,36.34859],[139.17192,36.3487],[139.17208,36.34879],[139.17213,36.34881],[139.1723,36.34893],[139.17247,36.34901],[139.17258,36.3491],[139.17264,36.34917],[139.17271,36.34929],[139.1728,36.34946],[139.17287,36.34962],[139.17297,36.34992],[139.17298,36.35],[139.17299,36.35],[139.17303,36.35019],[139.17306,36.35039],[139.17305,36.35046],[139.17304,36.35075],[139.17309,36.3508],[139.17319,36.35081],[139.17337,36.35086],[139.17358,36.35089],[139.17389,36.35093],[139.17413,36.35098],[139.17425,36.35103],[139.17439,36.35114],[139.17449,36.35126],[139.17454,36.35142],[139.17454,36.35179],[139.17456,36.35193],[139.17461,36.35215],[139.17469,36.35229],[139.17475,36.3524],[139.17487,36.35252],[139.17497,36.35258],[139.175,36.3526],[139.17501,36.3526],[139.1751,36.35267],[139.17527,36.35273],[139.17542,36.35273],[139.17555,36.35274],[139.17596,36.35277],[139.17612,36.35273],[139.17632,36.35274],[139.17652,36.35275],[139.17677,36.35277],[139.17682,36.35277],[139.17692,36.35277],[139.17755,36.3532],[139.17804,36.35348],[139.17827,36.35361],[139.17867,36.35382],[139.17892,36.35399],[139.17893,36.35399],[139.17917,36.35418],[139.17921,36.35421],[139.17944,36.3544],[139.17962,36.35455],[139.17976,36.35468],[139.17989,36.35476],[139.18005,36.35485],[139.1804,36.35506],[139.1806,36.35534],[139.18075,36.35555],[139.18105,36.35599],[139.18123,36.35628],[139.18136,36.35654],[139.18162,36.35688],[139.18173,36.35703],[139.18196,36.35725],[139.18218,36.3574],[139.18233,36.35749],[139.18248,36.35757],[139.18288,36.35775],[139.18311,36.35787],[139.18333,36.35802],[139.18334,36.35802],[139.18346,36.3581],[139.18372,36.35831],[139.18378,36.35833],[139.18378,36.35833],[139.18388,36.35838],[139.18419,36.35853],[139.1845,36.35868],[139.18471,36.35876],[139.18486,36.35883],[139.18497,36.35893],[139.18511,36.35915],[139.1852,36.35932],[139.18531,36.35941],[139.18541,36.35945],[139.18557,36.35946],[139.18589,36.35949],[139.18605,36.3595],[139.18615,36.35958],[139.18639,36.35981],[139.18658,36.35994],[139.18667,36.35993],[139.1868,36.35988],[139.18683,36.35987],[139.18692,36.35983],[139.18698,36.35984],[139.18701,36.3599],[139.18703,36.35992],[139.18705,36.36002],[139.18708,36.36014],[139.18708,36.36017],[139.18707,36.36041],[139.18706,36.36066],[139.18708,36.36083],[139.1871,36.36095],[139.18713,36.3611],[139.18712,36.36123],[139.18707,36.36135],[139.18699,36.36147],[139.18683,36.36166],[139.1865,36.3621],[139.18639,36.36224],[139.18633,36.36236],[139.18632,36.3625],[139.18633,36.36265],[139.18638,36.36281],[139.18647,36.36296],[139.18661,36.3632],[139.1867,36.36334],[139.18687,36.36369],[139.18698,36.36392],[139.18706,36.36411],[139.18706,36.36422],[139.18704,36.36437],[139.18702,36.3645],[139.18696,36.36458],[139.18692,36.36463],[139.18666,36.36485],[139.18657,36.36497],[139.18655,36.36504],[139.18666,36.36516],[139.18683,36.36524],[139.18689,36.36534],[139.18698,36.36545],[139.18708,36.36551],[139.18716,36.3655],[139.18717,36.36547],[139.18722,36.36529],[139.18732,36.36525],[139.1878,36.36513],[139.18799,36.36511],[139.18824,36.36509],[139.18865,36.36499],[139.18902,36.36485],[139.18926,36.36517],[139.18941,36.36515],[139.18977,36.36513],[139.18977,36.36513],[139.18985,36.36528],[139.19001,36.36538],[139.19013,36.36546],[139.1902,36.36582],[139.1903,36.3663],[139.19041,36.36655],[139.19049,36.36667],[139.1905,36.36667],[139.19052,36.3667],[139.19071,36.36695],[139.19083,36.36709],[139.19087,36.36718],[139.19088,36.36722],[139.19092,36.36738],[139.19096,36.36758],[139.19103,36.36778],[139.19113,36.36809],[139.19092,36.36818],[139.19096,36.36833],[139.19111,36.36849],[139.19128,36.36868],[139.19134,36.36875],[139.19142,36.36889],[139.19141,36.369],[139.19136,36.36919],[139.19138,36.36938],[139.1914,36.36946],[139.19141,36.36955],[139.19146,36.36973],[139.19167,36.37025],[139.19167,36.37027],[139.19168,36.37028],[139.19174,36.37043],[139.19178,36.37055],[139.19182,36.37068],[139.19179,36.3709],[139.19172,36.37127],[139.19168,36.37178],[139.19167,36.37186],[139.19167,36.37193],[139.19165,36.37218],[139.19162,36.37284],[139.19163,36.37294],[139.19167,36.37296],[139.19167,36.37296],[139.19173,36.37299],[139.19178,36.37301],[139.19208,36.37316],[139.19225,36.37327],[139.19238,36.37339],[139.19251,36.37353],[139.19272,36.37373],[139.19287,36.37387],[139.19299,36.37395],[139.19317,36.37403],[139.19335,36.37407],[139.19358,36.37408],[139.19384,36.37409],[139.1941,36.37412],[139.19454,36.37418],[139.19467,36.37418],[139.1953,36.37344],[139.19539,36.37345],[139.19647,36.37349],[139.19644,36.37387],[139.19675,36.3739],[139.19673,36.37411],[139.19663,36.375],[139.19663,36.375],[139.19662,36.37503],[139.19789,36.37512],[139.19797,36.37519],[139.19799,36.37521],[139.19808,36.3753],[139.19821,36.37542],[139.19838,36.37558],[139.1987,36.37576],[139.19891,36.37587],[139.19931,36.37607],[139.19936,36.3761],[139.19948,36.37617],[139.19965,36.3762],[139.19994,36.3762],[139.2,36.3762],[139.2,36.3762],[139.20001,36.3762],[139.20018,36.3762],[139.20032,36.37613],[139.20047,36.37605],[139.20077,36.37589],[139.20084,36.37591],[139.20104,36.37597],[139.20119,36.37598],[139.20156,36.37588],[139.20189,36.37575],[139.20239,36.37552],[139.20255,36.37544],[139.20263,36.37523],[139.20297,36.37522],[139.20303,36.37538],[139.20306,36.37555],[139.20307,36.37562],[139.20312,36.37592],[139.20322,36.3763],[139.20338,36.37671],[139.2036,36.3773],[139.20375,36.37773],[139.20391,36.37823],[139.20397,36.3785],[139.20405,36.37886],[139.20414,36.37993],[139.20421,36.3806],[139.20423,36.38116],[139.20426,36.38137],[139.20428,36.38148],[139.2043,36.38183],[139.20436,36.38203],[139.20443,36.38234],[139.20452,36.38262],[139.20467,36.38292],[139.20478,36.38319],[139.20484,36.38333],[139.20484,36.38333],[139.20485,36.38334],[139.20553,36.38459],[139.20585,36.3852],[139.20619,36.38598],[139.20657,36.38616],[139.20704,36.38644],[139.20714,36.38653],[139.20716,36.38679],[139.2071,36.3869],[139.20701,36.38703],[139.20694,36.38719],[139.20685,36.38765],[139.20682,36.38797],[139.20681,36.38823],[139.20687,36.38853],[139.2069,36.38878],[139.20695,36.38909],[139.20703,36.38925],[139.20702,36.38961],[139.20702,36.38962],[139.20709,36.38984],[139.20712,36.39003],[139.2071,36.39042],[139.20706,36.39078],[139.20723,36.39093],[139.20736,36.39104],[139.20736,36.39105],[139.20743,36.3911],[139.20761,36.39102],[139.20812,36.39118],[139.20833,36.39123],[139.20834,36.39123],[139.20852,36.39127],[139.20887,36.3914],[139.20898,36.39141],[139.20907,36.39141],[139.20932,36.3915],[139.20945,36.39147],[139.20958,36.39143],[139.21001,36.3916],[139.21014,36.39167],[139.21015,36.39167],[139.21041,36.39181],[139.21074,36.39201],[139.21098,36.39222],[139.21133,36.39266],[139.21138,36.39275],[139.21158,36.39308],[139.21167,36.39325],[139.21178,36.39344],[139.21183,36.39353],[139.21185,36.39357],[139.21195,36.39373],[139.21229,36.39392],[139.21243,36.39399],[139.21262,36.39416],[139.21304,36.39458],[139.21319,36.39464],[139.21338,36.39471],[139.21402,36.39494],[139.21419,36.395],[139.21443,36.39503],[139.2147,36.39498],[139.21501,36.39489],[139.21524,36.39488],[139.21549,36.39489],[139.21561,36.3949],[139.21594,36.39515],[139.21606,36.39526],[139.21607,36.39526],[139.21611,36.3953],[139.21595,36.39549],[139.21588,36.39557],[139.21581,36.39572],[139.21569,36.39609],[139.21564,36.39639],[139.21565,36.3969],[139.21558,36.39724],[139.21556,36.3977],[139.21546,36.39783],[139.21528,36.39792],[139.21518,36.39809],[139.21516,36.39822],[139.21515,36.39843],[139.2152,36.3986],[139.21528,36.39875],[139.21538,36.39885],[139.21554,36.39897],[139.21566,36.39907],[139.21573,36.39919],[139.21586,36.39925],[139.21598,36.39931],[139.21597,36.39945],[139.21642,36.39957],[139.21653,36.39957],[139.21667,36.39958],[139.21667,36.39958],[139.21668,36.39958],[139.2168,36.39964],[139.21694,36.39968],[139.217,36.3997],[139.21711,36.39977],[139.21713,36.39978],[139.2172,36.39986],[139.21714,36.39995],[139.21712,36.4],[139.21712,36.4],[139.21709,36.40005],[139.21708,36.40025],[139.21709,36.40043],[139.21712,36.40078],[139.21714,36.40091],[139.21719,36.40121],[139.21726,36.40148],[139.21731,36.4016],[139.21741,36.40166],[139.2177,36.40164],[139.218,36.40161],[139.21832,36.40157],[139.21844,36.40159],[139.21853,36.40163],[139.21865,36.40173],[139.21873,36.40188],[139.21876,36.40197],[139.21887,36.40223],[139.21887,36.40224],[139.21889,36.40223],[139.21906,36.40222],[139.2191,36.40209],[139.21926,36.40207],[139.2194,36.40222],[139.21975,36.40218],[139.22007,36.40214],[139.22024,36.40216],[139.22049,36.4022],[139.2209,36.40195],[139.22117,36.40176],[139.22192,36.40119],[139.22209,36.40133],[139.22185,36.40151],[139.2219,36.4016],[139.22196,36.40163],[139.22199,36.40175],[139.22206,36.40181],[139.22246,36.40202],[139.22245,36.40288],[139.22301,36.40288],[139.22356,36.4029],[139.22359,36.4029],[139.22364,36.40365],[139.224,36.40363],[139.22422,36.40359],[139.22446,36.40357],[139.22476,36.40357],[139.225,36.40357],[139.22501,36.40357],[139.22507,36.40357],[139.22521,36.40358],[139.22549,36.40361],[139.22572,36.40365],[139.22591,36.40365],[139.22601,36.40365],[139.2261,36.40366],[139.22623,36.40369],[139.22639,36.40375],[139.22654,36.4038],[139.22664,36.40381],[139.22664,36.40381],[139.22672,36.40383],[139.2268,36.40384],[139.22681,36.40384],[139.22705,36.40389],[139.22711,36.40399],[139.2276,36.40406],[139.22789,36.40413],[139.22796,36.40415],[139.22809,36.40418],[139.22819,36.40434],[139.22837,36.40454],[139.22849,36.40454],[139.22859,36.40454],[139.22872,36.40453],[139.22908,36.40452],[139.22933,36.40449],[139.22969,36.4045],[139.22984,36.40457],[139.22986,36.40457],[139.23003,36.40481],[139.23015,36.40498],[139.23027,36.40509],[139.23035,36.40514],[139.23054,36.40519],[139.23074,36.40522],[139.23098,36.40517],[139.23153,36.40504],[139.23211,36.40487],[139.23265,36.40469],[139.23287,36.4047],[139.23318,36.40468],[139.23328,36.40468],[139.23333,36.40468],[139.23334,36.40468],[139.23368,36.40469],[139.23415,36.4047],[139.23411,36.40451],[139.23407,36.40431],[139.23402,36.40366],[139.23398,36.40349],[139.23347,36.40248],[139.23334,36.40221],[139.23333,36.4022],[139.23333,36.4022],[139.23299,36.40157],[139.23294,36.40144],[139.23296,36.40124],[139.23304,36.40103],[139.23299,36.40093],[139.23304,36.40075],[139.23302,36.40058],[139.23297,36.40042],[139.23297,36.4002],[139.23294,36.4],[139.23294,36.4],[139.23292,36.3999],[139.23284,36.39958],[139.23281,36.3994],[139.2328,36.39921],[139.23276,36.39901],[139.2327,36.39889],[139.23265,36.39878],[139.23251,36.39859],[139.23238,36.39844],[139.23227,36.39831],[139.23216,36.39812],[139.23209,36.39779],[139.2321,36.3976],[139.23215,36.3975],[139.23219,36.39744],[139.23222,36.39734],[139.23237,36.39731],[139.23238,36.39731],[139.23251,36.39727],[139.23302,36.39696],[139.23329,36.39681],[139.23333,36.39684],[139.23334,36.39684],[139.23346,36.39692],[139.2339,36.39665],[139.23415,36.39686],[139.23449,36.39701],[139.23471,36.39703],[139.23485,36.39704],[139.23515,36.39696],[139.23526,36.39693],[139.23545,36.39688],[139.23545,36.39688],[139.23556,36.39685],[139.23551,36.39676],[139.23547,36.39659],[139.23549,36.39646],[139.23554,36.39629],[139.23561,36.396],[139.23563,36.39583],[139.23559,36.39562],[139.2355,36.39546],[139.23549,36.39546],[139.23547,36.39542],[139.23534,36.3952],[139.23522,36.39508],[139.23519,36.39488],[139.2352,36.39485],[139.23523,36.39462],[139.23526,36.39448],[139.23524,36.39429],[139.23521,36.39413],[139.2352,36.39388],[139.23513,36.39367],[139.23515,36.39353],[139.23526,36.39347],[139.23539,36.39343],[139.23585,36.39301],[139.236,36.39285],[139.23609,36.39275],[139.23664,36.39321],[139.23672,36.39348],[139.23686,36.39397],[139.23706,36.39458],[139.23708,36.39466],[139.2371,36.39473],[139.2371,36.39473],[139.23733,36.39546],[139.2374,36.39566],[139.23751,36.39604],[139.23764,36.3963],[139.23774,36.39642],[139.23788,36.39653],[139.23793,36.39656],[139.23807,36.39667],[139.23813,36.39671],[139.23849,36.39708],[139.23871,36.39723],[139.23883,36.39734],[139.23899,36.39743],[139.23931,36.39723],[139.23982,36.39694],[139.23988,36.39712],[139.23993,36.39718],[139.23999,36.39721],[139.24059,36.39707],[139.2407,36.39705],[139.24078,36.39707],[139.24092,36.39728],[139.24105,36.39744],[139.24116,36.39757],[139.24124,36.3978],[139.24139,36.39826],[139.24149,36.39839],[139.24167,36.39858],[139.24167,36.39858],[139.24176,36.39868],[139.24189,36.39883],[139.24227,36.39929],[139.24283,36.4],[139.24283,36.4],[139.24285,36.40003],[139.24332,36.40066],[139.24385,36.40134],[139.24431,36.40188],[139.24446,36.40187],[139.24453,36.40203],[139.2446,36.40222],[139.2447,36.40263],[139.24477,36.40284],[139.24488,36.40317],[139.2451,36.40375],[139.24525,36.40382],[139.2453,36.40412],[139.24513,36.40419],[139.24528,36.40454],[139.2454,36.40485],[139.24556,36.40542],[139.24561,36.40555],[139.2461,36.40564],[139.24679,36.40579],[139.24694,36.40586],[139.24702,36.4059],[139.24728,36.4061],[139.24767,36.40625],[139.24808,36.40634],[139.24832,36.40635],[139.24855,36.40637],[139.24902,36.40649],[139.24911,36.40651],[139.2492,36.40653],[139.24945,36.4066],[139.24991,36.40665],[139.25,36.40665],[139.25021,36.40667],[139.25031,36.40668],[139.25069,36.40671],[139.25072,36.40671],[139.25072,36.40671],[139.25072,36.40671],[139.25073,36.40671],[139.25077,36.40671],[139.25077,36.40671],[139.25081,36.40671],[139.25087,36.40671],[139.251,36.4067],[139.25101,36.4067],[139.25104,36.4067],[139.25107,36.4067],[139.25116,36.40671],[139.25135,36.40673],[139.25163,36.40675],[139.25197,36.40679],[139.25206,36.40681],[139.25214,36.40682],[139.25216,36.40682],[139.25221,36.40682],[139.25221,36.40682],[139.25222,36.40682],[139.25223,36.40682],[139.25225,36.40682],[139.25228,36.40682],[139.2523,36.40682],[139.2523,36.40682],[139.25231,36.40682],[139.25231,36.40682],[139.25247,36.40679],[139.25254,36.40678],[139.25258,36.40688],[139.25259,36.40694],[139.25279,36.40732],[139.2531,36.40802],[139.25325,36.40833],[139.25325,36.40833],[139.25327,36.40837],[139.25334,36.40836],[139.25341,36.40833],[139.25342,36.40833],[139.25342,36.40833],[139.25367,36.40827],[139.25369,36.40824],[139.25366,36.40815],[139.25366,36.4081],[139.25369,36.40806],[139.25377,36.40802],[139.2541,36.40791],[139.2543,36.40785],[139.25448,36.40784],[139.25465,36.40788],[139.25494,36.40788],[139.25526,36.40788],[139.25543,36.40786],[139.25551,36.40789],[139.25557,36.408],[139.2556,36.40801],[139.25569,36.40802],[139.25576,36.40801],[139.25578,36.40798],[139.25576,36.40782],[139.25571,36.40748],[139.25568,36.40727],[139.25564,36.40704],[139.25564,36.40686],[139.25561,36.40669],[139.25554,36.40646],[139.25546,36.40632],[139.25538,36.40617],[139.25525,36.40596],[139.25521,36.40583],[139.25518,36.40575],[139.25517,36.40573],[139.25516,36.40568],[139.25515,36.40566],[139.25515,36.40564],[139.25515,36.40564],[139.25515,36.40563],[139.25513,36.40552],[139.25513,36.40552],[139.25513,36.40551],[139.25513,36.4055],[139.25513,36.40549],[139.25513,36.40538],[139.25512,36.40529],[139.25512,36.40526],[139.25512,36.40521],[139.25511,36.40519],[139.25511,36.40519],[139.25509,36.40514],[139.25507,36.40511],[139.25502,36.40505],[139.25495,36.40499],[139.25485,36.40493],[139.25479,36.40491],[139.25474,36.40492],[139.25472,36.40493],[139.25467,36.40494],[139.25465,36.40495],[139.25464,36.40495],[139.25464,36.40495],[139.25462,36.40496],[139.2545,36.40501],[139.25445,36.405],[139.25443,36.405],[139.25443,36.405],[139.25435,36.40491],[139.25434,36.4049],[139.25434,36.4049],[139.25426,36.40476],[139.25425,36.40475],[139.25419,36.40468],[139.25412,36.4046],[139.2541,36.40459],[139.25406,36.40454],[139.25392,36.40438],[139.2537,36.40414],[139.25368,36.40412],[139.25362,36.40404],[139.25357,36.40398],[139.25353,36.40393],[139.2535,36.4039],[139.25349,36.40387],[139.25345,36.40381],[139.25343,36.40377],[139.2534,36.40373],[139.2534,36.40373],[139.25336,36.40365],[139.25335,36.40362],[139.25334,36.40361],[139.25334,36.4036],[139.25333,36.40359],[139.25332,36.40354],[139.25332,36.40354],[139.25332,36.40354],[139.25332,36.40354],[139.25332,36.40354],[139.25332,36.40353],[139.25331,36.40352],[139.25331,36.40352],[139.25331,36.40352],[139.25331,36.40352],[139.25331,36.40352],[139.25331,36.40352],[139.25325,36.40331],[139.25324,36.40331],[139.25319,36.40322],[139.25317,36.4032],[139.25317,36.40319],[139.25317,36.40318],[139.25316,36.40318],[139.25316,36.40318],[139.25314,36.40315],[139.25311,36.40312],[139.25306,36.40304],[139.25302,36.403],[139.25296,36.40291],[139.25289,36.40282],[139.25285,36.40276],[139.25282,36.40272],[139.25281,36.4027],[139.25279,36.40267],[139.25266,36.40251],[139.25257,36.40236],[139.2525,36.40225],[139.25249,36.40224],[139.25243,36.40209],[139.25236,36.40191],[139.25229,36.40174],[139.25219,36.40155],[139.25214,36.40145],[139.25206,36.40134],[139.25197,36.40117],[139.25183,36.40103],[139.25179,36.40099],[139.25161,36.40081],[139.25148,36.40062],[139.25144,36.40048],[139.25135,36.40027],[139.25128,36.40013],[139.25119,36.4],[139.25119,36.4],[139.25116,36.39995],[139.25105,36.3998],[139.25098,36.3997],[139.25094,36.39958],[139.25088,36.39928],[139.25082,36.39908],[139.25078,36.39887],[139.25071,36.39862],[139.25062,36.39837],[139.25057,36.39817],[139.25055,36.39805],[139.25053,36.39796],[139.25049,36.39779],[139.25049,36.39778],[139.25049,36.39775],[139.25047,36.39764],[139.25039,36.39744],[139.2503,36.3971],[139.25021,36.39688],[139.25014,36.39671],[139.25005,36.39657],[139.25001,36.39649],[139.25,36.39647],[139.24998,36.39644],[139.24996,36.3963],[139.24996,36.39596],[139.24998,36.39579],[139.25,36.39568],[139.25001,36.39565],[139.25003,36.39554],[139.25009,36.39534],[139.25013,36.3952],[139.25018,36.39514],[139.25032,36.3951],[139.25052,36.39505],[139.2506,36.39503],[139.25072,36.39503],[139.25103,36.39502],[139.25125,36.39501],[139.25165,36.395],[139.25215,36.39499],[139.25243,36.39498],[139.25267,36.395],[139.25315,36.395],[139.25346,36.39503],[139.25371,36.39503],[139.2538,36.39504],[139.25421,36.39502],[139.25458,36.395],[139.25509,36.39496],[139.25539,36.39494],[139.25543,36.39493],[139.25572,36.3949],[139.25589,36.39487],[139.25619,36.39484],[139.25674,36.39468],[139.25702,36.39461],[139.25729,36.39453],[139.2573,36.39452],[139.25756,36.39445],[139.25776,36.39439],[139.258,36.39435],[139.25829,36.3943],[139.25833,36.3943],[139.25834,36.3943],[139.25854,36.3943],[139.25884,36.39426],[139.25895,36.39425],[139.25921,36.39422],[139.25977,36.39416],[139.26007,36.39412],[139.26031,36.39412],[139.26053,36.39411],[139.26073,36.39411],[139.26091,36.39415],[139.26104,36.39417],[139.26158,36.3941],[139.26186,36.39405],[139.26208,36.394],[139.26217,36.39398],[139.26238,36.39392],[139.26266,36.39383],[139.2631,36.39376],[139.26334,36.39371],[139.26362,36.39366],[139.26369,36.39365],[139.26391,36.39363],[139.26411,36.39359],[139.2646,36.39352],[139.26465,36.39351],[139.26484,36.39346],[139.26527,36.39329],[139.26544,36.39319],[139.26571,36.39308],[139.26587,36.39299],[139.26608,36.39291],[139.26629,36.39283],[139.26667,36.39273],[139.26667,36.39272],[139.26692,36.39265],[139.26711,36.39261],[139.26724,36.39257],[139.26748,36.3925],[139.26755,36.39247],[139.26764,36.39245],[139.26766,36.39242],[139.26767,36.39237],[139.26766,36.39229],[139.26762,36.39222],[139.2676,36.39218],[139.26732,36.39167],[139.26732,36.39167],[139.26732,36.39167],[139.26718,36.3914],[139.26703,36.39102],[139.26699,36.39085],[139.26701,36.39074],[139.267,36.39059],[139.26697,36.39051],[139.26693,36.39033],[139.2669,36.39022],[139.2669,36.39013],[139.26695,36.39006],[139.26703,36.38994],[139.26713,36.38976],[139.26723,36.38956],[139.26728,36.38939],[139.26727,36.38926],[139.26726,36.38908],[139.26727,36.38892],[139.2673,36.38882],[139.26739,36.38862],[139.26752,36.38845],[139.26765,36.38828],[139.26773,36.38811],[139.26779,36.38799],[139.26781,36.3879],[139.26783,36.38772],[139.26786,36.38748],[139.2679,36.3872],[139.26795,36.3869],[139.26797,36.38674],[139.26799,36.38654],[139.26794,36.38635],[139.26781,36.3862],[139.26752,36.38577],[139.26735,36.38549],[139.26734,36.38548],[139.26728,36.38537],[139.26734,36.38536],[139.26742,36.38527],[139.26741,36.38485],[139.2674,36.38456],[139.26737,36.38441],[139.26728,36.38403],[139.26728,36.38399],[139.26724,36.38391],[139.26715,36.3839],[139.26708,36.3839],[139.26706,36.38382],[139.26703,36.3837],[139.267,36.38358],[139.267,36.38339],[139.26699,36.38333],[139.26699,36.38333],[139.26696,36.38322],[139.2669,36.38308],[139.26684,36.38291],[139.26682,36.38287],[139.26679,36.38234],[139.26677,36.38206],[139.26676,36.38182],[139.26672,36.38159],[139.26668,36.38104],[139.26667,36.38101],[139.26667,36.38098],[139.26656,36.38048],[139.26651,36.3801],[139.26644,36.37987],[139.2664,36.37959],[139.26638,36.37944],[139.26635,36.37928],[139.26634,36.37886],[139.26635,36.37864],[139.26632,36.37852],[139.26629,36.37842],[139.2663,36.37831],[139.2663,36.37829],[139.26633,36.37819],[139.26644,36.37791],[139.26654,36.37762],[139.26657,36.37741],[139.26659,36.37702],[139.26663,36.37682],[139.26667,36.37674],[139.26667,36.37673],[139.26674,36.37656],[139.26683,36.37628],[139.26691,36.37631],[139.26698,36.37631],[139.26702,36.37629],[139.26706,36.37614],[139.26712,36.37578],[139.26716,36.37559],[139.2672,36.37552],[139.26728,36.37547],[139.2674,36.3754],[139.26743,36.37535],[139.26747,36.37527],[139.26748,36.37521],[139.26752,36.375],[139.26752,36.375],[139.26758,36.37466],[139.26763,36.37443],[139.26766,36.37433],[139.26774,36.37418],[139.26795,36.37396],[139.26806,36.37383],[139.26814,36.37376],[139.26831,36.37376],[139.26862,36.37375],[139.26887,36.37374],[139.26952,36.37371],[139.27016,36.37369],[139.27103,36.37369],[139.27117,36.37369],[139.27121,36.37362],[139.27124,36.37339],[139.27125,36.373],[139.27129,36.37255],[139.27133,36.37221],[139.27139,36.37184],[139.27146,36.37159],[139.27147,36.37155],[139.27157,36.37125],[139.27176,36.37084],[139.27192,36.37055],[139.27206,36.37029],[139.27225,36.37],[139.27242,36.36971],[139.27267,36.36916],[139.27277,36.36896],[139.27292,36.36883],[139.27293,36.36883],[139.27308,36.36868],[139.27312,36.36842],[139.27308,36.36805],[139.2731,36.36769],[139.27311,36.36746],[139.27315,36.36716],[139.27312,36.36696],[139.27306,36.36667],[139.27306,36.36667],[139.27305,36.36662],[139.27304,36.36657],[139.27284,36.36567],[139.27274,36.36518],[139.27258,36.36459],[139.27247,36.36412],[139.27244,36.36395],[139.27243,36.36391],[139.27229,36.36332],[139.27218,36.3628],[139.27218,36.36277],[139.27207,36.36237],[139.27195,36.36191],[139.27191,36.36172],[139.27184,36.36147],[139.27178,36.36095],[139.2717,36.36053],[139.27168,36.36034],[139.27165,36.3603],[139.27146,36.36031],[139.27121,36.3603],[139.27104,36.36033],[139.27099,36.36034],[139.27099,36.36034],[139.2706,36.36045],[139.2705,36.36046],[139.27038,36.36048],[139.27025,36.36051],[139.26973,36.36058],[139.26926,36.36067],[139.26881,36.36075],[139.26853,36.36078],[139.26843,36.36079],[139.2681,36.36084],[139.26762,36.36093],[139.26724,36.36098],[139.26716,36.36096],[139.26719,36.36087],[139.26722,36.36082],[139.26726,36.36071],[139.26746,36.36046],[139.26766,36.36023],[139.26778,36.36007],[139.26787,36.35995],[139.26808,36.35974],[139.2684,36.3594],[139.26855,36.35919],[139.26867,36.35898],[139.2687,36.35892],[139.26873,36.35887],[139.26875,36.35884],[139.26895,36.35855],[139.269,36.35846],[139.26905,36.35835],[139.26905,36.35833],[139.26905,36.35833],[139.26907,36.35819],[139.26909,36.35799],[139.26912,36.35778],[139.26917,36.35746],[139.26918,36.3573],[139.26923,36.35721],[139.26929,36.35716],[139.26922,36.35707],[139.26917,36.35701],[139.26913,36.3569],[139.26915,36.35682],[139.26922,36.35665],[139.26929,36.35648],[139.26932,36.3564],[139.26933,36.35629],[139.26931,36.35617],[139.26918,36.35581],[139.26914,36.35566],[139.26906,36.35541],[139.26894,36.35505],[139.26885,36.35463],[139.26876,36.35426],[139.26868,36.35396],[139.26867,36.3539],[139.26865,36.35377],[139.26867,36.3537],[139.26869,36.35368],[139.26871,36.35365],[139.26878,36.35356],[139.26882,36.35347],[139.26882,36.35339],[139.26878,36.35328],[139.26872,36.35318],[139.2687,36.35306],[139.26872,36.35301],[139.2688,36.3529],[139.26893,36.35277],[139.26896,36.35268],[139.26895,36.3526],[139.26891,36.35253],[139.26885,36.35247],[139.26875,36.35235],[139.26874,36.35224],[139.26872,36.35212],[139.26865,36.35205],[139.26854,36.35204],[139.26832,36.35204],[139.26829,36.35193],[139.26826,36.3516],[139.26819,36.35121],[139.26818,36.35114],[139.26813,36.35085],[139.26805,36.35055],[139.26793,36.35007],[139.26791,36.35],[139.26791,36.35],[139.26781,36.3497],[139.26775,36.34947],[139.26758,36.34898],[139.26746,36.34867],[139.26743,36.34855],[139.26741,36.34845],[139.26741,36.34845],[139.26738,36.34835],[139.26738,36.34835],[139.26733,36.34795],[139.26733,36.34769],[139.26729,36.34761],[139.26711,36.34751],[139.26696,36.3475],[139.26667,36.34754],[139.26667,36.34754],[139.26653,36.34755],[139.26599,36.34763],[139.26529,36.34767],[139.26493,36.34769],[139.26467,36.34768],[139.26462,36.34764],[139.26459,36.34755],[139.26459,36.34746],[139.26458,36.34734],[139.26457,36.34695],[139.26457,36.34632],[139.26456,36.34584],[139.26456,36.34513],[139.26454,36.34474],[139.26454,36.34473],[139.26457,36.34432],[139.26454,36.34412],[139.2645,36.3441],[139.26437,36.34409],[139.26416,36.34407],[139.26406,36.34403],[139.26402,36.34395],[139.26402,36.34392],[139.26405,36.34376],[139.26408,36.34354],[139.26407,36.34339],[139.26401,36.34311],[139.26394,36.34286],[139.2639,36.34269],[139.26388,36.34247],[139.26391,36.34226],[139.26394,36.34208],[139.26402,36.34188],[139.26405,36.34173],[139.26406,36.34167],[139.26406,36.34167],[139.26408,36.34152],[139.26409,36.3413],[139.26408,36.34104],[139.2641,36.34088],[139.26413,36.34078],[139.26424,36.34062],[139.26436,36.34046],[139.26464,36.34015],[139.26473,36.34001],[139.26483,36.3399],[139.26504,36.3397],[139.26513,36.33959],[139.26519,36.33951],[139.26529,36.33935],[139.26544,36.33913],[139.26547,36.33906],[139.26553,36.33891],[139.26558,36.33867],[139.2656,36.33844],[139.26561,36.33831],[139.26562,36.33808],[139.2656,36.33796],[139.26557,36.33776],[139.26555,36.33754],[139.26551,36.33733],[139.26539,36.33719],[139.26524,36.3371],[139.26501,36.33699],[139.26486,36.33693],[139.26475,36.33695],[139.26473,36.33695],[139.26463,36.33695],[139.26455,36.33691],[139.26451,36.33686],[139.26444,36.33678],[139.26431,36.33666],[139.26415,36.33648],[139.26407,36.33608],[139.26396,36.33551],[139.26395,36.33542],[139.26393,36.33534],[139.26392,36.33526],[139.26384,36.33459],[139.26372,36.33386],[139.2636,36.33362],[139.26327,36.33333],[139.26327,36.33333],[139.26321,36.33327],[139.26278,36.33291],[139.26252,36.3328],[139.2624,36.33203],[139.26237,36.3318],[139.26229,36.33109],[139.26176,36.33035],[139.26239,36.32989],[139.26254,36.32979],[139.2627,36.32968],[139.26325,36.32941],[139.26372,36.32903],[139.26373,36.32878],[139.26376,36.32772],[139.26387,36.32661],[139.26388,36.32657],[139.264,36.32604],[139.264,36.32604],[139.26408,36.32569],[139.26417,36.32537],[139.26434,36.3253],[139.26493,36.32508],[139.26514,36.325],[139.26514,36.325],[139.26523,36.32497],[139.26552,36.32491],[139.26608,36.3248],[139.26644,36.32475],[139.26667,36.32472],[139.26667,36.32472],[139.26688,36.32469],[139.26746,36.32461],[139.26757,36.3246],[139.26777,36.32457],[139.26782,36.32457],[139.26784,36.32458],[139.26813,36.3246],[139.26834,36.32457],[139.26853,36.3245],[139.26888,36.32436],[139.26892,36.32435],[139.26898,36.32428],[139.26905,36.32421],[139.26906,36.32415],[139.26911,36.32375],[139.26913,36.32354],[139.26924,36.3226],[139.26928,36.32189],[139.26932,36.32123],[139.26895,36.32121],[139.26803,36.32131],[139.26786,36.32119],[139.26783,36.32117],[139.26769,36.32041],[139.26767,36.32034],[139.26765,36.32026],[139.26758,36.31996],[139.26732,36.31885],[139.26743,36.31883],[139.26788,36.31872],[139.26835,36.31866],[139.26837,36.31857],[139.26753,36.31856],[139.26734,36.31869],[139.26542,36.3193],[139.26528,36.31887],[139.26467,36.31899],[139.2647,36.31915],[139.26369,36.31929],[139.26368,36.3192],[139.26207,36.31961],[139.26148,36.31974],[139.26018,36.32002],[139.25957,36.32025],[139.25946,36.31981],[139.25936,36.3195],[139.25901,36.31847],[139.26012,36.31798],[139.26131,36.31775],[139.26125,36.31708],[139.26212,36.31694],[139.26212,36.31691],[139.26201,36.31541],[139.26224,36.31538],[139.26208,36.31384],[139.26306,36.31372],[139.26496,36.31369],[139.26481,36.31446],[139.26478,36.31488],[139.26485,36.31535],[139.26681,36.31519],[139.26678,36.31504],[139.26687,36.31503],[139.26798,36.31488],[139.26798,36.31474],[139.26797,36.31412],[139.26802,36.31304],[139.26803,36.31287],[139.26811,36.31182],[139.26812,36.31175],[139.26815,36.31159],[139.26816,36.31155],[139.26815,36.31148],[139.26812,36.31136],[139.2681,36.31129],[139.26806,36.3111],[139.26804,36.31102],[139.26795,36.31066],[139.2677,36.31023],[139.26755,36.31009],[139.26752,36.31006],[139.26746,36.30998],[139.26722,36.30996],[139.26681,36.31001],[139.26667,36.30999],[139.26667,36.30999],[139.26666,36.30999],[139.26666,36.30932],[139.26667,36.30928],[139.26667,36.3092],[139.26669,36.30896],[139.26675,36.30883],[139.26684,36.30872],[139.26687,36.30868],[139.26695,36.30833],[139.26695,36.30833],[139.267,36.30812],[139.26711,36.30758],[139.26719,36.30729],[139.2672,36.30722],[139.26737,36.3063],[139.26751,36.30539],[139.26752,36.30528],[139.26754,36.30446],[139.26758,36.30404],[139.26758,36.30399],[139.26752,36.30322],[139.26752,36.30321],[139.26745,36.30264],[139.26667,36.30273],[139.26667,36.30273],[139.26653,36.30275],[139.26624,36.30278],[139.26602,36.30283],[139.26556,36.30277],[139.26537,36.30272],[139.2652,36.30267],[139.26492,36.30275],[139.26477,36.3028],[139.26397,36.30306],[139.26386,36.30308],[139.26357,36.30313],[139.26309,36.30318],[139.26286,36.30317],[139.26259,36.30315],[139.26225,36.30313],[139.26189,36.30308],[139.26149,36.30308],[139.26092,36.30308],[139.26057,36.30303],[139.26022,36.30295],[139.26004,36.30292],[139.25992,36.3029],[139.2594,36.30285],[139.25906,36.30292],[139.25853,36.30302],[139.25834,36.30303],[139.25833,36.30303],[139.25808,36.30304],[139.25771,36.30306],[139.25769,36.30296],[139.25764,36.30272],[139.25753,36.3022],[139.25742,36.30159],[139.2573,36.30059],[139.25777,36.30057],[139.25726,36.30007],[139.25719,36.3],[139.25719,36.3],[139.25658,36.29939],[139.25655,36.29932],[139.25644,36.29906],[139.25634,36.29889],[139.2563,36.29878],[139.25629,36.29868],[139.25634,36.29839],[139.25641,36.29741],[139.2564,36.29731],[139.25637,36.29692],[139.25634,36.29675],[139.25611,36.29616],[139.25603,36.29593],[139.25603,36.29593],[139.25601,36.29583],[139.25598,36.29575],[139.25598,36.29575],[139.25588,36.29543],[139.2558,36.29517],[139.2558,36.29515],[139.25314,36.29804],[139.25232,36.29824],[139.25229,36.2982],[139.25065,36.29815],[139.25069,36.29658],[139.25011,36.29655],[139.25025,36.2915],[139.2503,36.28905],[139.25045,36.28895],[139.2599,36.28896],[139.25987,36.29154],[139.25996,36.29147],[139.26064,36.29091],[139.26214,36.28968],[139.26219,36.28964],[139.26285,36.2891],[139.26331,36.28873],[139.26349,36.28858],[139.26392,36.28821],[139.26394,36.28824],[139.26435,36.28863],[139.26436,36.28864],[139.26442,36.28871],[139.2645,36.28879],[139.2645,36.28879],[139.26455,36.28885],[139.26503,36.28849],[139.26519,36.28861],[139.26592,36.28804],[139.26667,36.28743],[139.26667,36.28742],[139.26743,36.2868],[139.26869,36.28577],[139.26923,36.2853],[139.27038,36.28432],[139.27141,36.28364],[139.27162,36.28353],[139.27179,36.28346],[139.27182,36.28357],[139.27186,36.28371],[139.27187,36.28373],[139.27192,36.28382],[139.272,36.2839],[139.2721,36.28394],[139.27232,36.28395],[139.27236,36.28394],[139.27252,36.28386],[139.27259,36.28378],[139.27266,36.28367],[139.2727,36.2836],[139.27274,36.28354],[139.27281,36.28349],[139.2729,36.28345],[139.273,36.2834],[139.27311,36.28338],[139.27348,36.2834],[139.27357,36.28333],[139.27357,36.28333],[139.27359,36.28332],[139.27363,36.28311],[139.27368,36.28273],[139.27374,36.28265],[139.27384,36.28251],[139.27391,36.28237],[139.27397,36.28222],[139.2739,36.28139],[139.27387,36.28108],[139.27388,36.28105],[139.2739,36.28098],[139.2741,36.28088],[139.27459,36.28063],[139.27472,36.28057],[139.275,36.28045],[139.27501,36.28045],[139.27503,36.28044],[139.2754,36.28028],[139.27548,36.28025],[139.27563,36.28018],[139.27586,36.28009],[139.2759,36.27997],[139.27586,36.27987],[139.27569,36.2794],[139.2756,36.27925],[139.27548,36.27904],[139.27537,36.27884],[139.27535,36.27881],[139.27533,36.27878],[139.27519,36.27852],[139.27516,36.2783],[139.27512,36.27795],[139.27522,36.27793],[139.27594,36.27778],[139.2759,36.27736],[139.27589,36.27721],[139.27558,36.27611],[139.27222,36.27667],[139.27202,36.27598],[139.272,36.27598],[139.27198,36.27598],[139.2719,36.276],[139.27198,36.27634],[139.27202,36.27653],[139.27209,36.27698],[139.27211,36.27729],[139.27213,36.27754],[139.27209,36.27773],[139.27195,36.27834],[139.27167,36.27955],[139.27163,36.27979],[139.27157,36.27988],[139.27148,36.2799],[139.27108,36.27991],[139.27079,36.27993],[139.27044,36.27991],[139.2699,36.27985],[139.26929,36.2798],[139.26885,36.27976],[139.26883,36.28005],[139.26778,36.28003],[139.26674,36.28011],[139.26623,36.28018],[139.26328,36.28067],[139.26303,36.28071],[139.26293,36.2809],[139.26273,36.28092],[139.26247,36.28081],[139.26157,36.28095],[139.2606,36.28111],[139.25843,36.28147],[139.25732,36.28165],[139.25516,36.28201],[139.25512,36.28178],[139.25469,36.2819],[139.25381,36.28216],[139.25211,36.28282],[139.24934,36.28393],[139.24925,36.28348],[139.24983,36.28315],[139.25326,36.28175],[139.25299,36.28063],[139.25351,36.2805],[139.25395,36.28032],[139.25464,36.28018],[139.25395,36.27766],[139.25318,36.27779],[139.25238,36.27799],[139.25201,36.27814],[139.25142,36.27839],[139.25106,36.2786],[139.25014,36.27918],[139.24991,36.27863],[139.24985,36.27843],[139.2498,36.27815],[139.2498,36.27804],[139.24978,36.27801],[139.24941,36.27825],[139.2488,36.27864],[139.24839,36.27889],[139.24824,36.27897],[139.24803,36.27909],[139.24797,36.27916],[139.24746,36.27936],[139.24743,36.27898],[139.24726,36.27886],[139.24717,36.27819],[139.2473,36.27814],[139.24717,36.27798],[139.24714,36.2778],[139.24714,36.2777],[139.24746,36.27735],[139.24729,36.27705],[139.2473,36.27628],[139.24748,36.27627],[139.24752,36.27591],[139.24759,36.27564],[139.24774,36.27536],[139.2479,36.27517],[139.24807,36.27507],[139.24823,36.27516],[139.24826,36.27516],[139.24901,36.27458],[139.24814,36.2745],[139.24679,36.27439],[139.24394,36.27412],[139.24286,36.27402],[139.24177,36.27392],[139.24192,36.27356],[139.2418,36.27349],[139.24162,36.27318],[139.24136,36.27317],[139.2415,36.27305],[139.24098,36.27233],[139.24073,36.27221],[139.24106,36.27176],[139.24143,36.27173],[139.24186,36.27177],[139.24209,36.27182],[139.24271,36.27195],[139.24317,36.27205],[139.24346,36.2721],[139.24377,36.27206],[139.2442,36.27197],[139.24448,36.27183],[139.24484,36.27159],[139.24525,36.27124],[139.24556,36.27094],[139.24591,36.2706],[139.2461,36.27041],[139.24631,36.27021],[139.24662,36.26984],[139.24678,36.26962],[139.24698,36.26935],[139.24705,36.26943],[139.2472,36.26951],[139.2473,36.2696],[139.24742,36.26982],[139.24752,36.27001],[139.2477,36.27022],[139.24801,36.27045],[139.24829,36.27063],[139.24891,36.27104],[139.24954,36.27145],[139.25013,36.27185],[139.25067,36.27219],[139.25087,36.27235],[139.25118,36.27219],[139.25136,36.27204],[139.25157,36.27191],[139.25199,36.27176],[139.25257,36.27154],[139.25263,36.27129],[139.25261,36.2706],[139.25258,36.27042],[139.25279,36.27031],[139.2531,36.27022],[139.25359,36.27003],[139.25385,36.26992],[139.25398,36.2701],[139.25402,36.27013],[139.2541,36.27007],[139.25427,36.26989],[139.25461,36.26959],[139.25474,36.26952],[139.25492,36.26974],[139.25511,36.26965],[139.25539,36.26949],[139.25554,36.26942],[139.25583,36.26908],[139.25594,36.26896],[139.25605,36.2688],[139.25621,36.2686],[139.2563,36.26852],[139.25638,36.26842],[139.2566,36.26817],[139.2568,36.26797],[139.25704,36.26791],[139.25725,36.26772],[139.25763,36.26737],[139.2578,36.26727],[139.25804,36.26717],[139.25852,36.26704],[139.25905,36.26689],[139.25896,36.26666],[139.25919,36.26659],[139.2594,36.26655],[139.25978,36.26655],[139.25982,36.26645],[139.25992,36.26635],[139.26005,36.26621],[139.26041,36.26597],[139.2606,36.26588],[139.26076,36.26585],[139.2613,36.26574],[139.2617,36.26566],[139.2619,36.26567],[139.26201,36.2657],[139.26219,36.26567],[139.26238,36.26563],[139.26257,36.26557],[139.26271,36.26553],[139.26305,36.26545],[139.26337,36.26538],[139.26372,36.26529],[139.26406,36.2652],[139.26435,36.26514],[139.26463,36.2651],[139.26514,36.26504],[139.26553,36.265],[139.26594,36.26495],[139.26628,36.26496],[139.26653,36.265],[139.26674,36.26507],[139.26691,36.26514],[139.26706,36.26517],[139.26724,36.2652],[139.26746,36.26521],[139.26765,36.26524],[139.26786,36.2653],[139.26808,36.26533],[139.26822,36.26523],[139.26871,36.26506],[139.26921,36.26494],[139.2692,36.2649],[139.26915,36.26474],[139.26912,36.26474],[139.26877,36.26477],[139.26876,36.26469],[139.26878,36.26462],[139.26911,36.26459],[139.26916,36.26459],[139.26916,36.26459],[139.26931,36.2636],[139.26953,36.26285],[139.26986,36.26181],[139.27009,36.26115],[139.27013,36.26109],[139.27039,36.26069],[139.27091,36.2601],[139.27097,36.26003],[139.27117,36.25984],[139.27123,36.25978],[139.27099,36.25958],[139.27085,36.25965],[139.27072,36.25958],[139.27068,36.25932],[139.27065,36.25915],[139.27046,36.25844],[139.27047,36.25833],[139.27047,36.25833],[139.2705,36.25799],[139.27054,36.25786],[139.27058,36.25769],[139.27064,36.25761],[139.27068,36.25755],[139.2708,36.2574],[139.27118,36.25689],[139.27165,36.25646],[139.27195,36.25624],[139.27214,36.25617],[139.27266,36.25603],[139.27326,36.25594],[139.27337,36.25592],[139.27366,36.2559],[139.27368,36.2559],[139.27443,36.25585],[139.27472,36.25587],[139.2749,36.25588],[139.275,36.25589],[139.27501,36.25589],[139.27534,36.25592],[139.27547,36.25593],[139.27663,36.25632],[139.277,36.25648],[139.27799,36.25694],[139.27818,36.25697],[139.27874,36.25674],[139.27985,36.25628],[139.28015,36.25656],[139.28021,36.25661],[139.28025,36.25665],[139.2808,36.2564],[139.2808,36.2564],[139.28115,36.25599],[139.28131,36.25577],[139.28179,36.25499],[139.28219,36.2543],[139.28235,36.25402],[139.28251,36.25401],[139.28261,36.25392],[139.28281,36.25347],[139.28281,36.25332],[139.28262,36.2533],[139.28252,36.25329],[139.2825,36.2533],[139.28228,36.25342],[139.28219,36.25343],[139.28215,36.25338],[139.28205,36.25315],[139.28197,36.25296],[139.28231,36.25291],[139.28231,36.25256],[139.28212,36.25216],[139.28204,36.25199],[139.28189,36.25171],[139.28168,36.25143],[139.2812,36.25133],[139.28067,36.25116],[139.28047,36.2511],[139.27968,36.25092],[139.27946,36.25087],[139.27761,36.25043],[139.27701,36.25029],[139.27658,36.25019],[139.27651,36.25018],[139.27606,36.25007],[139.27599,36.25006],[139.27576,36.25],[139.27576,36.25],[139.27501,36.24981],[139.275,36.24981],[139.27435,36.24965],[139.27419,36.24961],[139.27344,36.24944],[139.27265,36.24924],[139.2723,36.24933],[139.27194,36.24943],[139.27167,36.24951],[139.27164,36.24952],[139.27116,36.24963],[139.27029,36.24984],[139.26978,36.24996],[139.26959,36.25],[139.26959,36.25],[139.26806,36.25034],[139.26777,36.2504],[139.26766,36.25043],[139.26727,36.2505],[139.26725,36.25051],[139.26711,36.25054],[139.26697,36.25056],[139.26692,36.25055],[139.26684,36.25052],[139.26682,36.25042],[139.26686,36.25],[139.26686,36.25],[139.26686,36.24992],[139.2669,36.2496],[139.26693,36.24921],[139.26699,36.24837],[139.26708,36.24741],[139.26711,36.24702],[139.26712,36.24694],[139.26714,36.24666],[139.26717,36.24634],[139.26719,36.2461],[139.26722,36.2456],[139.26724,36.24552],[139.26731,36.2452],[139.26733,36.24512],[139.26736,36.24462],[139.26736,36.24442],[139.26734,36.24426],[139.26733,36.24418],[139.26733,36.24417],[139.26731,36.244],[139.26729,36.24389],[139.26719,36.24342],[139.26714,36.24323],[139.26712,36.24316],[139.26709,36.24307],[139.26705,36.24288],[139.26701,36.24262],[139.26687,36.24259],[139.26678,36.24256],[139.26667,36.24255],[139.26667,36.24255],[139.26572,36.24248],[139.26483,36.24246],[139.26396,36.24248],[139.26374,36.24249],[139.26354,36.2425],[139.2626,36.24257],[139.262,36.24265],[139.2619,36.24266],[139.26169,36.2427],[139.26148,36.2428],[139.26126,36.24294],[139.26102,36.24312],[139.26088,36.24322],[139.26054,36.24349],[139.2601,36.24384],[139.25964,36.24422],[139.25942,36.24436],[139.25918,36.24449],[139.25877,36.24464],[139.25872,36.24466],[139.25834,36.24476],[139.25833,36.24477],[139.25794,36.24488],[139.25739,36.24508],[139.25624,36.24543],[139.25606,36.24547],[139.25548,36.24557],[139.25476,36.24571],[139.25422,36.24583],[139.25389,36.24584],[139.25366,36.24581],[139.25354,36.24579],[139.25289,36.24569],[139.25194,36.24554],[139.25101,36.24541],[139.2507,36.24536],[139.25022,36.24529],[139.25001,36.24526],[139.25,36.24526],[139.24995,36.24525],[139.24947,36.24516],[139.24895,36.24508],[139.24836,36.24499],[139.24808,36.24494],[139.24803,36.24493],[139.24741,36.24483],[139.2474,36.24483],[139.2468,36.24477],[139.24578,36.24464],[139.2452,36.24457],[139.24407,36.24443],[139.24386,36.24449],[139.24375,36.24451],[139.24366,36.24454],[139.24357,36.24456],[139.24295,36.24475],[139.24294,36.24475],[139.24272,36.24482],[139.24167,36.24508],[139.24167,36.24508],[139.24124,36.24519],[139.24003,36.2455],[139.23955,36.24564],[139.23883,36.24585],[139.23844,36.24596],[139.23747,36.2462],[139.23727,36.24632],[139.23718,36.24637],[139.23708,36.24642],[139.23669,36.24663],[139.23658,36.24671],[139.2353,36.24756],[139.23474,36.24798],[139.23458,36.2481],[139.23349,36.24891],[139.23334,36.24914],[139.23333,36.24915],[139.23297,36.2497],[139.2328,36.25],[139.23279,36.25],[139.23244,36.25059],[139.23212,36.25113],[139.23207,36.25121],[139.23201,36.2513],[139.23197,36.25136],[139.23135,36.25229],[139.23119,36.25247],[139.23118,36.25248],[139.23106,36.25258],[139.23101,36.25263],[139.23066,36.25279],[139.23036,36.25293],[139.22991,36.25315],[139.22983,36.25325],[139.22968,36.25339],[139.22885,36.2541],[139.22864,36.25428],[139.2282,36.25468],[139.22816,36.25471],[139.22733,36.25544],[139.22696,36.25577],[139.22663,36.25606],[139.22603,36.25658],[139.22554,36.257],[139.22501,36.2575],[139.225,36.2575],[139.22495,36.25755],[139.22444,36.25797],[139.22436,36.25803],[139.224,36.2583],[139.22376,36.25831],[139.22372,36.25831],[139.2234,36.25825],[139.22327,36.25823],[139.22253,36.2581],[139.22068,36.25779],[139.2183,36.25738],[139.217,36.25715],[139.21667,36.2571],[139.21667,36.2571],[139.21611,36.25701],[139.21582,36.25694],[139.21536,36.25687],[139.21451,36.25673],[139.21332,36.25652],[139.21215,36.25634],[139.2117,36.25623],[139.21163,36.25625],[139.2116,36.25641],[139.21163,36.25673],[139.21167,36.25708],[139.21169,36.25734],[139.21171,36.25758],[139.21173,36.2577],[139.21174,36.25784],[139.21178,36.25833],[139.21178,36.25833],[139.21186,36.25914],[139.21188,36.25936],[139.21192,36.25991],[139.21192,36.25995],[139.21195,36.26008],[139.21197,36.26017],[139.21183,36.2602],[139.21157,36.26017],[139.21152,36.26027],[139.21148,36.26035],[139.21119,36.26104],[139.211,36.26136],[139.21085,36.26148],[139.21083,36.2615],[139.21077,36.26153],[139.21075,36.26152],[139.21062,36.26143],[139.21051,36.26134],[139.21038,36.26131],[139.21023,36.26127],[139.2101,36.26131],[139.20999,36.26137],[139.20986,36.26148],[139.20899,36.26203],[139.2085,36.26233],[139.20834,36.26242],[139.20833,36.26242],[139.20825,36.26246],[139.20808,36.26252],[139.20782,36.26259],[139.20735,36.26271],[139.20724,36.26274],[139.20703,36.2628],[139.20718,36.26324],[139.20731,36.26338],[139.20755,36.26407],[139.207,36.26411],[139.20681,36.26411],[139.20627,36.26411],[139.20594,36.26412],[139.2057,36.26417],[139.20571,36.26424],[139.20588,36.26493],[139.20603,36.26511],[139.20622,36.26522],[139.20643,36.26523],[139.20689,36.26517],[139.20724,36.26513],[139.20755,36.26507],[139.20761,36.26505],[139.20779,36.26557],[139.20811,36.26546],[139.20838,36.26534],[139.2086,36.2653],[139.20903,36.2652],[139.20965,36.26503],[139.21013,36.26489],[139.21012,36.26528],[139.21009,36.26596],[139.21009,36.26619],[139.21009,36.26647],[139.21009,36.26657],[139.21087,36.26647],[139.21095,36.2665],[139.21112,36.26652],[139.21134,36.2664],[139.21393,36.26496],[139.21441,36.26571],[139.21227,36.26683],[139.21252,36.26728],[139.21341,36.26766],[139.21355,36.26793],[139.2141,36.26929],[139.21418,36.26946],[139.21527,36.27072],[139.21529,36.27075],[139.21464,36.27109],[139.21406,36.27147],[139.21386,36.27157],[139.21375,36.27161],[139.21352,36.27163],[139.21319,36.27161],[139.21265,36.27156],[139.21162,36.2715],[139.21085,36.27147],[139.21036,36.27147],[139.21013,36.27149],[139.20995,36.27153],[139.2092,36.27151],[139.20844,36.27156],[139.20742,36.27201],[139.20717,36.2727],[139.20663,36.27297],[139.20656,36.27296],[139.2063,36.2728],[139.20594,36.27285],[139.206,36.2735],[139.20534,36.27362],[139.20487,36.27445],[139.2035,36.27494],[139.20342,36.275],[139.20308,36.27556],[139.2027,36.27617],[139.20251,36.27612],[139.20239,36.27617],[139.20232,36.27677],[139.20224,36.27692],[139.20187,36.27727],[139.20143,36.27771],[139.20103,36.27808],[139.20085,36.27827],[139.20074,36.27842],[139.20063,36.2794],[139.19728,36.27927],[139.19661,36.27923],[139.19602,36.27925],[139.19574,36.27932],[139.19536,36.27946],[139.19494,36.27968],[139.19492,36.27999],[139.1948,36.28069],[139.19645,36.28075],[139.19642,36.28155],[139.19695,36.28263],[139.19719,36.28314],[139.19759,36.2839],[139.19692,36.28413],[139.19689,36.28542],[139.19735,36.2853],[139.19745,36.28596],[139.19703,36.28603],[139.19657,36.28633],[139.19448,36.28773],[139.19223,36.28569],[139.19082,36.28614],[139.19045,36.28494],[139.19044,36.28489],[139.18797,36.2857],[139.18711,36.28247],[139.18724,36.27947],[139.18723,36.27907],[139.18718,36.27831],[139.18746,36.27797],[139.18798,36.27736],[139.18929,36.27575],[139.19008,36.27482],[139.19249,36.27191],[139.19203,36.27152],[139.1911,36.27161],[139.19108,36.27158],[139.19122,36.27141],[139.19138,36.27108],[139.19147,36.27104],[139.1915,36.27099],[139.19131,36.2708],[139.1911,36.27082],[139.1906,36.27076],[139.18888,36.27054],[139.18853,36.2706],[139.18785,36.2708],[139.18727,36.27094],[139.18672,36.27103],[139.18726,36.27065],[139.18849,36.26992],[139.19115,36.26829],[139.19194,36.26779],[139.19226,36.26748],[139.19272,36.26719],[139.1946,36.26606],[139.19553,36.26551],[139.19688,36.26467],[139.19728,36.26457],[139.1976,36.26448],[139.19799,36.26424],[139.19832,36.2639],[139.19899,36.26358],[139.20118,36.2626],[139.20047,36.26251],[139.20001,36.26246],[139.2,36.26246],[139.19934,36.26239],[139.1985,36.26232],[139.19821,36.26227],[139.1981,36.26226],[139.198,36.26225],[139.19787,36.26231],[139.19778,36.26233],[139.19759,36.26238],[139.19745,36.26243],[139.19717,36.26254],[139.19659,36.26276],[139.19539,36.26319],[139.19465,36.26347],[139.19464,36.26348],[139.19411,36.26369],[139.19357,36.26389],[139.19323,36.26402],[139.19281,36.2642],[139.1927,36.26424],[139.19228,36.26442],[139.19216,36.26447],[139.19167,36.26468],[139.19167,36.26468],[139.19102,36.26496],[139.18951,36.26563],[139.18899,36.26588],[139.18846,36.26611],[139.18818,36.26625],[139.18776,36.26644],[139.18731,36.2666],[139.18716,36.26663],[139.18701,36.26667],[139.18701,36.26667],[139.18666,36.26675],[139.18631,36.26684],[139.18611,36.26691],[139.1854,36.26711],[139.1846,36.26736],[139.18372,36.26768],[139.18334,36.26783],[139.18333,36.26783],[139.18322,36.26788],[139.18298,36.26797],[139.18279,36.26805],[139.18247,36.2682],[139.18214,36.26835],[139.18162,36.26861],[139.18101,36.26889],[139.18055,36.2691],[139.17997,36.2694],[139.17942,36.26969],[139.17832,36.27021],[139.17782,36.27047],[139.17736,36.2707],[139.17673,36.27101],[139.17607,36.27134],[139.17501,36.27187],[139.175,36.27187],[139.1748,36.27197],[139.17372,36.2725],[139.17354,36.27258],[139.17329,36.27271],[139.17285,36.27293],[139.1727,36.27301],[139.17245,36.27315],[139.17243,36.27316],[139.17223,36.27326],[139.17191,36.2734],[139.1719,36.2734],[139.17137,36.27372],[139.17157,36.27397],[139.17157,36.274],[139.17157,36.2742],[139.1716,36.27468],[139.17162,36.275],[139.17162,36.275],[139.17168,36.2762],[139.17174,36.27742],[139.17168,36.27752],[139.17129,36.27796],[139.17056,36.27882],[139.17046,36.27893],[139.1691,36.28054],[139.16837,36.28141],[139.16819,36.28164],[139.16819,36.28164],[139.16782,36.28207],[139.16731,36.28268],[139.16697,36.2831],[139.16692,36.28315],[139.16679,36.28331],[139.16677,36.28333],[139.16677,36.28333],[139.16669,36.28343],[139.16667,36.28345],[139.16667,36.28346],[139.16594,36.28432],[139.16543,36.28491],[139.16468,36.28584],[139.16443,36.28609],[139.16409,36.28652],[139.16397,36.28659],[139.16379,36.28668],[139.16358,36.2868],[139.16306,36.2871],[139.16259,36.28736],[139.16236,36.28749],[139.16214,36.28762],[139.16145,36.28802],[139.16139,36.28812],[139.16113,36.28858],[139.16106,36.28877],[139.16094,36.28904],[139.16094,36.28904],[139.16072,36.28953],[139.16069,36.2896],[139.16042,36.29018],[139.16035,36.29035],[139.16032,36.29042],[139.16003,36.2911],[139.15975,36.29167],[139.15975,36.29167],[139.15972,36.29173],[139.1592,36.29284],[139.15905,36.29316],[139.15863,36.29406],[139.15845,36.29447],[139.15837,36.29465],[139.15834,36.29471],[139.15833,36.29472],[139.15829,36.29481],[139.15816,36.29511],[139.15764,36.29623],[139.15738,36.29679],[139.15736,36.29683],[139.15718,36.29724],[139.15682,36.29802],[139.15642,36.29888],[139.15599,36.2998],[139.1559,36.3],[139.1559,36.3],[139.15577,36.30028],[139.15572,36.30038],[139.15563,36.30057],[139.15536,36.30112],[139.15502,36.30181],[139.15473,36.30236],[139.15441,36.30274],[139.15435,36.30281],[139.15433,36.30283],[139.1543,36.30286],[139.15418,36.30296],[139.15393,36.3032],[139.15378,36.30333],[139.15356,36.30348],[139.15274,36.30395],[139.15212,36.3043],[139.15201,36.30436],[139.15126,36.30478],[139.15108,36.30488],[139.15066,36.30512],[139.15025,36.30536],[139.15001,36.30551],[139.15,36.30551],[139.14959,36.30576],[139.14942,36.30586],[139.1493,36.30591],[139.14899,36.30604],[139.14888,36.30607],[139.1487,36.30611],[139.14854,36.30614],[139.14811,36.3062],[139.14799,36.30622],[139.14733,36.30632],[139.14632,36.30649],[139.14556,36.30661],[139.1445,36.30677],[139.14393,36.30687],[139.14351,36.30694],[139.14328,36.30699],[139.14282,36.30713],[139.14251,36.30725],[139.14235,36.30732],[139.14229,36.30733],[139.14209,36.30736],[139.14167,36.30747],[139.14167,36.30748],[139.14164,36.30748],[139.14118,36.30762],[139.14091,36.30769],[139.14075,36.30774],[139.14096,36.30814],[139.14101,36.30824],[139.14106,36.30833],[139.14106,36.30833],[139.14116,36.30853],[139.1413,36.30886],[139.1413,36.30907],[139.1413,36.3092],[139.14133,36.30927],[139.14145,36.30951],[139.14167,36.30944],[139.14167,36.30944],[139.1419,36.30935],[139.14223,36.3092],[139.14245,36.30907],[139.14261,36.309],[139.14287,36.30894],[139.14302,36.30894],[139.14312,36.30893],[139.14344,36.30883],[139.14359,36.30876],[139.14382,36.30866],[139.14397,36.30861],[139.14404,36.30861],[139.14401,36.30867],[139.14392,36.30874],[139.14332,36.30918],[139.1429,36.30953],[139.14279,36.30962],[139.14233,36.30999],[139.14227,36.31004],[139.14221,36.31009],[139.14219,36.3101],[139.14221,36.31012],[139.14224,36.31015],[139.14228,36.31019],[139.14239,36.3103],[139.14251,36.31042],[139.14251,36.31042],[139.14259,36.31049],[139.14244,36.3106],[139.14222,36.31079],[139.14207,36.31095],[139.14203,36.311],[139.14188,36.31119],[139.14167,36.31152],[139.14167,36.31152],[139.14161,36.31161],[139.14143,36.31189],[139.14131,36.31216],[139.14098,36.3129],[139.14044,36.31405],[139.13986,36.31533],[139.13959,36.31577],[139.13944,36.31599],[139.13918,36.31638],[139.13904,36.31657],[139.13895,36.31667],[139.13895,36.31667],[139.13863,36.31702],[139.13776,36.31796],[139.13872,36.31797],[139.13886,36.31798],[139.13885,36.31808],[139.13885,36.31826],[139.13882,36.31956],[139.13878,36.32105],[139.13877,36.32173],[139.13871,36.32433],[139.1387,36.325],[139.1387,36.325],[139.13869,36.32644],[139.13818,36.32644],[139.13767,36.32642],[139.13741,36.32641],[139.1374,36.32659],[139.13739,36.32673],[139.13737,36.32702],[139.13734,36.32934],[139.13733,36.32955],[139.1373,36.33147],[139.13719,36.33147],[139.13625,36.33144],[139.13624,36.33161],[139.13623,36.33189],[139.1362,36.33305],[139.1362,36.33333],[139.1362,36.33333]],[[139.16909,36.28741],[139.16909,36.28642],[139.17256,36.28605],[139.17207,36.2829],[139.17283,36.28284],[139.17273,36.28236],[139.17481,36.28217],[139.17623,36.28224],[139.17608,36.28432],[139.1772,36.28422],[139.17732,36.28558],[139.17694,36.2856],[139.17467,36.28595],[139.17483,36.28655],[139.1753,36.28646],[139.1753,36.2866],[139.17422,36.28713],[139.17341,36.28741],[139.17275,36.28753],[139.17208,36.28762],[139.17145,36.28769],[139.17091,36.28768],[139.17051,36.28761],[139.16996,36.28755],[139.16973,36.28754],[139.16909,36.28741]],[[139.17724,36.32888],[139.17726,36.32874],[139.17732,36.3285],[139.1774,36.32822],[139.17763,36.32788],[139.17793,36.32757],[139.17823,36.32741],[139.1786,36.32721],[139.17917,36.32699],[139.17968,36.32686],[139.18008,36.32677],[139.18047,36.32668],[139.18088,36.32661],[139.18126,36.32659],[139.18144,36.32657],[139.18174,36.32653],[139.18217,36.32654],[139.18248,36.32652],[139.18294,36.3265],[139.18344,36.32653],[139.18374,36.32659],[139.18407,36.3266],[139.18427,36.32656],[139.18463,36.32645],[139.18512,36.32632],[139.18573,36.32615],[139.18607,36.32608],[139.18641,36.326],[139.18669,36.32593],[139.18692,36.32583],[139.18733,36.32558],[139.18751,36.32539],[139.18757,36.32518],[139.18771,36.3248],[139.18779,36.32454],[139.18797,36.32443],[139.18829,36.32444],[139.18838,36.32442],[139.1886,36.32426],[139.18876,36.32415],[139.18897,36.32389],[139.18905,36.32377],[139.18913,36.32349],[139.18918,36.32319],[139.18934,36.32273],[139.18942,36.32233],[139.18951,36.32206],[139.18961,36.32174],[139.18978,36.32104],[139.18984,36.32072],[139.18986,36.32045],[139.18987,36.31976],[139.18987,36.31955],[139.18992,36.31947],[139.18992,36.31928],[139.18993,36.31915],[139.18993,36.31892],[139.18995,36.31809],[139.18993,36.31753],[139.18989,36.31711],[139.18988,36.31689],[139.18984,36.31673],[139.18976,36.31648],[139.18964,36.31627],[139.18939,36.31589],[139.18921,36.31561],[139.18892,36.31519],[139.18853,36.31469],[139.1882,36.31429],[139.18798,36.31391],[139.18791,36.31367],[139.18782,36.31344],[139.1878,36.31314],[139.18778,36.31285],[139.1878,36.31258],[139.18784,36.31238],[139.18792,36.31207],[139.18805,36.31184],[139.18814,36.31168],[139.18836,36.31146],[139.18857,36.3113],[139.18907,36.31097],[139.18957,36.31071],[139.19007,36.31046],[139.19042,36.31031],[139.19115,36.31006],[139.19156,36.3099],[139.19194,36.30977],[139.19201,36.30967],[139.19212,36.30957],[139.19236,36.30938],[139.19254,36.30922],[139.19269,36.3091],[139.19281,36.30897],[139.19299,36.30877],[139.19311,36.30858],[139.19345,36.30807],[139.19383,36.30755],[139.19407,36.30726],[139.19418,36.30713],[139.19439,36.30688],[139.19459,36.30667],[139.19493,36.30637],[139.19513,36.30621],[139.19548,36.30595],[139.19609,36.30563],[139.19648,36.30548],[139.19699,36.30531],[139.19746,36.30522],[139.19793,36.30513],[139.19825,36.30506],[139.19854,36.30506],[139.19882,36.30506],[139.19919,36.30508],[139.19958,36.30508],[139.19981,36.30506],[139.20012,36.30502],[139.20039,36.30496],[139.20061,36.30491],[139.20081,36.30485],[139.20104,36.30475],[139.20138,36.30463],[139.20153,36.30465],[139.20172,36.3048],[139.20188,36.30487],[139.2019,36.30454],[139.20197,36.3041],[139.20204,36.30386],[139.20216,36.30345],[139.2023,36.30311],[139.20256,36.30247],[139.20279,36.30236],[139.20294,36.30209],[139.20323,36.30142],[139.20335,36.3011],[139.2035,36.30069],[139.20366,36.30031],[139.20382,36.3001],[139.20413,36.29981],[139.20448,36.29948],[139.20472,36.29927],[139.20518,36.29895],[139.2054,36.29876],[139.20561,36.29853],[139.20582,36.29802],[139.20588,36.2975],[139.20594,36.29702],[139.20598,36.29666],[139.20617,36.29641],[139.20628,36.29616],[139.20635,36.29594],[139.20662,36.29525],[139.20679,36.29461],[139.2068,36.29423],[139.20689,36.29325],[139.20699,36.292],[139.20725,36.29116],[139.20761,36.29041],[139.20828,36.28945],[139.20876,36.2888],[139.20941,36.2881],[139.20987,36.2877],[139.2106,36.28716],[139.21175,36.28637],[139.21253,36.28587],[139.21354,36.28516],[139.21492,36.2842],[139.21528,36.28394],[139.21574,36.28366],[139.21622,36.28338],[139.21674,36.28312],[139.21774,36.28275],[139.21924,36.28222],[139.22067,36.28172],[139.22114,36.28153],[139.22189,36.28115],[139.2225,36.28064],[139.22296,36.28014],[139.22342,36.27947],[139.22366,36.27909],[139.22412,36.28016],[139.22425,36.28052],[139.22416,36.28071],[139.22407,36.28085],[139.22395,36.28104],[139.22383,36.28116],[139.22342,36.28162],[139.22332,36.28173],[139.22318,36.2819],[139.2231,36.28202],[139.22297,36.28225],[139.22286,36.2825],[139.22282,36.2826],[139.22272,36.28276],[139.22262,36.28289],[139.22254,36.28296],[139.22246,36.28304],[139.22231,36.28316],[139.22212,36.28327],[139.22177,36.28339],[139.22187,36.2836],[139.22133,36.28362],[139.2213,36.28425],[139.22202,36.2843],[139.22207,36.28495],[139.22162,36.28495],[139.22156,36.28537],[139.22168,36.28539],[139.22176,36.28579],[139.22181,36.28588],[139.22124,36.28626],[139.22122,36.28649],[139.2212,36.28662],[139.22115,36.2867],[139.22104,36.28677],[139.22075,36.28697],[139.22071,36.28709],[139.22054,36.28724],[139.22042,36.28737],[139.22036,36.28769],[139.22018,36.28793],[139.2199,36.28819],[139.21989,36.28827],[139.22054,36.28902],[139.22048,36.28906],[139.21664,36.29141],[139.21678,36.29161],[139.21687,36.29174],[139.21697,36.29201],[139.21709,36.29226],[139.21721,36.29248],[139.21738,36.29289],[139.21729,36.29437],[139.21734,36.29448],[139.21742,36.29461],[139.21758,36.29477],[139.21773,36.29493],[139.21799,36.29523],[139.21822,36.29547],[139.21842,36.29568],[139.21868,36.29582],[139.21888,36.29582],[139.21887,36.29587],[139.2189,36.2961],[139.21892,36.29623],[139.219,36.29638],[139.21915,36.29653],[139.21939,36.29685],[139.21964,36.29715],[139.21975,36.29721],[139.21994,36.29741],[139.22022,36.29774],[139.22057,36.29813],[139.22076,36.29832],[139.2209,36.29854],[139.22114,36.29881],[139.22097,36.299],[139.22081,36.29922],[139.22048,36.29958],[139.22021,36.29994],[139.21965,36.30062],[139.21918,36.30111],[139.21893,36.3014],[139.21866,36.30168],[139.21812,36.30224],[139.21757,36.30281],[139.21771,36.30405],[139.21742,36.30414],[139.21769,36.30561],[139.21476,36.30592],[139.21464,36.30579],[139.2139,36.30587],[139.21378,36.30605],[139.21341,36.30574],[139.21322,36.30588],[139.21302,36.30607],[139.21288,36.30622],[139.21277,36.30637],[139.2126,36.30656],[139.21234,36.3069],[139.21211,36.3072],[139.21195,36.30738],[139.2118,36.30767],[139.21158,36.30795],[139.21137,36.30822],[139.21111,36.30855],[139.21083,36.30889],[139.21067,36.30911],[139.21041,36.30944],[139.21008,36.30975],[139.21011,36.3098],[139.21009,36.30988],[139.21005,36.31],[139.20997,36.31015],[139.20988,36.3103],[139.20976,36.31044],[139.20958,36.31063],[139.20946,36.31077],[139.20931,36.31092],[139.20912,36.31109],[139.20898,36.31123],[139.20889,36.31137],[139.20882,36.31159],[139.20877,36.31182],[139.20874,36.31197],[139.20872,36.31202],[139.20867,36.31211],[139.20865,36.31228],[139.20864,36.31244],[139.20861,36.3127],[139.20875,36.31284],[139.20885,36.3128],[139.20907,36.3127],[139.20931,36.31256],[139.20967,36.31235],[139.21006,36.3121],[139.21033,36.31188],[139.2108,36.31145],[139.21124,36.31093],[139.21139,36.31091],[139.2137,36.31066],[139.22084,36.30984],[139.22083,36.30976],[139.21975,36.30345],[139.22259,36.30254],[139.22277,36.3025],[139.22291,36.30275],[139.22306,36.30302],[139.22321,36.3033],[139.22333,36.30361],[139.22334,36.30385],[139.22329,36.30416],[139.22324,36.30438],[139.22318,36.30474],[139.22315,36.30495],[139.22314,36.30512],[139.22317,36.3055],[139.2232,36.30596],[139.2233,36.30626],[139.22346,36.30672],[139.22359,36.30697],[139.22378,36.30729],[139.22383,36.30749],[139.22378,36.30794],[139.22374,36.30831],[139.22369,36.30842],[139.22355,36.30865],[139.22339,36.30885],[139.22313,36.30922],[139.22291,36.30969],[139.23045,36.30829],[139.23228,36.30795],[139.23298,36.30729],[139.23333,36.30875],[139.23623,36.3083],[139.23626,36.30842],[139.23804,36.31523],[139.23712,36.31514],[139.23643,36.31507],[139.2357,36.31499],[139.23513,36.31494],[139.23469,36.31489],[139.23383,36.31479],[139.23355,36.31476],[139.23288,36.3147],[139.23261,36.31467],[139.23191,36.31459],[139.23156,36.31457],[139.23088,36.3145],[139.23003,36.31442],[139.22958,36.31438],[139.22903,36.31433],[139.22849,36.31421],[139.22801,36.31416],[139.22745,36.31416],[139.22724,36.31416],[139.22642,36.31409],[139.2262,36.31408],[139.22587,36.31411],[139.22567,36.31414],[139.22526,36.31417],[139.22512,36.31416],[139.22486,36.31417],[139.22461,36.31415],[139.2243,36.31414],[139.22407,36.31412],[139.22388,36.31412],[139.22374,36.31413],[139.22332,36.31413],[139.22313,36.31409],[139.2222,36.31378],[139.22232,36.31358],[139.22239,36.31332],[139.22248,36.31309],[139.22249,36.31286],[139.22248,36.31259],[139.22247,36.31232],[139.22222,36.31234],[139.2222,36.31244],[139.22219,36.31256],[139.22211,36.31281],[139.22203,36.31296],[139.22195,36.31311],[139.22181,36.31334],[139.22167,36.31358],[139.22145,36.31386],[139.22134,36.31398],[139.22115,36.31424],[139.22103,36.31441],[139.2209,36.31462],[139.22085,36.31482],[139.22077,36.31489],[139.22074,36.31501],[139.22069,36.31523],[139.22066,36.31542],[139.22053,36.31587],[139.22047,36.31605],[139.22039,36.31622],[139.22028,36.31637],[139.22018,36.31647],[139.22001,36.31658],[139.21973,36.31672],[139.21956,36.31681],[139.21927,36.31694],[139.21904,36.31702],[139.21868,36.31717],[139.21846,36.31725],[139.21821,36.31738],[139.21797,36.31751],[139.21782,36.31764],[139.21771,36.31777],[139.21768,36.31789],[139.21765,36.31799],[139.21765,36.31812],[139.21766,36.31822],[139.21767,36.3184],[139.21767,36.31855],[139.21766,36.31878],[139.21761,36.31897],[139.21759,36.31904],[139.21748,36.31925],[139.21735,36.31937],[139.21729,36.31943],[139.21713,36.31957],[139.217,36.31967],[139.2169,36.31973],[139.21671,36.31984],[139.21658,36.31989],[139.21641,36.31997],[139.21624,36.32005],[139.21605,36.3201],[139.21586,36.32016],[139.21569,36.3202],[139.21551,36.32024],[139.21533,36.32025],[139.2152,36.32025],[139.21503,36.32021],[139.21482,36.32017],[139.21457,36.32011],[139.21426,36.32002],[139.21387,36.31991],[139.21352,36.31986],[139.2133,36.31984],[139.21317,36.31984],[139.21307,36.31985],[139.21283,36.31986],[139.21267,36.31987],[139.21243,36.31989],[139.21218,36.31989],[139.21194,36.31987],[139.21174,36.31986],[139.21135,36.31983],[139.21109,36.3198],[139.2108,36.31978],[139.21046,36.31976],[139.21024,36.31976],[139.21005,36.31979],[139.20985,36.31984],[139.20972,36.31989],[139.2095,36.31998],[139.20916,36.3201],[139.20874,36.32027],[139.20829,36.32042],[139.20763,36.32062],[139.20737,36.32068],[139.207,36.32078],[139.20662,36.32087],[139.20629,36.32096],[139.20605,36.32102],[139.20581,36.32109],[139.2056,36.32114],[139.20534,36.32121],[139.20506,36.32129],[139.20483,36.32138],[139.20464,36.32146],[139.20441,36.32158],[139.2042,36.32172],[139.20403,36.32187],[139.2039,36.322],[139.2038,36.32212],[139.20369,36.32229],[139.20355,36.32246],[139.20348,36.32259],[139.2034,36.32272],[139.20332,36.32285],[139.20322,36.32299],[139.20307,36.32326],[139.203,36.32339],[139.20289,36.32359],[139.2028,36.32381],[139.20269,36.32408],[139.20265,36.32426],[139.20261,36.32445],[139.20257,36.32466],[139.20254,36.32478],[139.20256,36.32493],[139.20254,36.32506],[139.2025,36.32524],[139.20245,36.32539],[139.20235,36.32557],[139.20225,36.32578],[139.20219,36.32589],[139.2021,36.32602],[139.202,36.32617],[139.20188,36.32632],[139.20179,36.32644],[139.20167,36.32663],[139.20157,36.32679],[139.20141,36.32685],[139.20138,36.32691],[139.20135,36.32716],[139.20134,36.32734],[139.20133,36.3275],[139.20133,36.32763],[139.20135,36.32778],[139.20137,36.32794],[139.20141,36.32809],[139.20149,36.3283],[139.2016,36.32852],[139.20174,36.32872],[139.20188,36.32892],[139.20202,36.32905],[139.20217,36.32922],[139.20236,36.32943],[139.20252,36.32964],[139.20258,36.32976],[139.2026,36.32982],[139.20269,36.33005],[139.20272,36.33016],[139.20276,36.33032],[139.20278,36.33045],[139.20278,36.33062],[139.2028,36.33079],[139.20281,36.33094],[139.2028,36.33105],[139.20279,36.33116],[139.20277,36.33125],[139.20274,36.33135],[139.20272,36.33144],[139.20267,36.33156],[139.20261,36.33165],[139.20256,36.33175],[139.20249,36.33184],[139.20243,36.33193],[139.20235,36.33203],[139.20224,36.33214],[139.20189,36.33246],[139.20167,36.33271],[139.2015,36.33295],[139.20135,36.33324],[139.20127,36.33338],[139.2012,36.33364],[139.20113,36.33389],[139.20107,36.33409],[139.20103,36.33434],[139.20097,36.33463],[139.20092,36.33498],[139.20091,36.33507],[139.2009,36.33525],[139.20089,36.33536],[139.20089,36.33557],[139.2009,36.33574],[139.20091,36.33593],[139.20097,36.33621],[139.201,36.33635],[139.20107,36.3368],[139.20107,36.33695],[139.20107,36.33706],[139.20104,36.33731],[139.20104,36.33741],[139.201,36.33759],[139.20098,36.33773],[139.20095,36.33788],[139.20094,36.33814],[139.20093,36.33858],[139.20094,36.3388],[139.20094,36.3389],[139.20098,36.3391],[139.201,36.33929],[139.20102,36.33943],[139.20104,36.33961],[139.20104,36.33968],[139.20104,36.33986],[139.20101,36.34011],[139.20096,36.34036],[139.20092,36.34057],[139.2008,36.34081],[139.20105,36.34084],[139.20108,36.34126],[139.20106,36.34146],[139.201,36.3417],[139.20092,36.34189],[139.2008,36.34216],[139.20071,36.3424],[139.2006,36.34268],[139.20056,36.34294],[139.20059,36.34333],[139.20066,36.34352],[139.20081,36.34373],[139.20098,36.34391],[139.20123,36.34412],[139.20166,36.34438],[139.20147,36.34441],[139.20143,36.34447],[139.20137,36.34459],[139.20125,36.34479],[139.20117,36.34492],[139.20101,36.34518],[139.2009,36.3454],[139.2008,36.34561],[139.20076,36.34574],[139.2007,36.346],[139.20065,36.34625],[139.2006,36.34648],[139.20056,36.34666],[139.20038,36.34728],[139.19986,36.34722],[139.19983,36.34783],[139.19975,36.34811],[139.19967,36.3484],[139.19955,36.34849],[139.19927,36.34855],[139.19869,36.34846],[139.19804,36.34837],[139.19726,36.34826],[139.19689,36.34823],[139.19639,36.34819],[139.19568,36.34815],[139.19527,36.34816],[139.19522,36.34796],[139.19524,36.34789],[139.19532,36.34772],[139.19532,36.34759],[139.1953,36.34746],[139.19517,36.34744],[139.19508,36.34739],[139.1949,36.34724],[139.19479,36.34707],[139.19451,36.34686],[139.19451,36.34677],[139.19439,36.34676],[139.19419,36.34667],[139.19416,36.34681],[139.19364,36.34681],[139.19347,36.34667],[139.19352,36.34651],[139.19361,36.34629],[139.19371,36.34618],[139.19311,36.34581],[139.19275,36.3458],[139.19259,36.3456],[139.19247,36.3455],[139.1923,36.34529],[139.19217,36.34515],[139.19206,36.34495],[139.19201,36.34486],[139.19155,36.34504],[139.1906,36.3454],[139.19023,36.34556],[139.19012,36.3456],[139.18995,36.34566],[139.18973,36.34573],[139.18944,36.34578],[139.18902,36.3458],[139.18832,36.34581],[139.18791,36.34582],[139.1873,36.34583],[139.1873,36.34555],[139.18726,36.34526],[139.18724,36.34492],[139.18723,36.3446],[139.18721,36.34437],[139.1872,36.34412],[139.18721,36.34371],[139.18721,36.34352],[139.18723,36.34334],[139.18728,36.34311],[139.1873,36.3429],[139.18734,36.34255],[139.18734,36.34214],[139.18731,36.34182],[139.18732,36.34171],[139.18733,36.34162],[139.18727,36.34155],[139.18727,36.34145],[139.1873,36.34125],[139.18737,36.34122],[139.18751,36.34118],[139.18776,36.34118],[139.18773,36.34106],[139.18779,36.34085],[139.18783,36.34073],[139.18792,36.34062],[139.18802,36.34045],[139.18823,36.3403],[139.18832,36.3402],[139.18843,36.34007],[139.18854,36.33992],[139.18884,36.33963],[139.18891,36.3395],[139.18877,36.33932],[139.18876,36.33903],[139.1888,36.33884],[139.18886,36.33851],[139.18752,36.3385],[139.18709,36.33857],[139.18266,36.33862],[139.18258,36.33552],[139.18256,36.33489],[139.18254,36.33371],[139.18253,36.33237],[139.18223,36.33238],[139.18222,36.33179],[139.18223,36.33166],[139.18277,36.33137],[139.18265,36.33125],[139.18257,36.33113],[139.18252,36.33101],[139.1825,36.33091],[139.18248,36.33074],[139.18248,36.33064],[139.18242,36.33051],[139.18235,36.3304],[139.18232,36.33031],[139.18232,36.3302],[139.18236,36.3301],[139.1824,36.33003],[139.18242,36.32989],[139.18241,36.32976],[139.1824,36.32965],[139.18233,36.3295],[139.18229,36.32943],[139.18227,36.32933],[139.18226,36.32927],[139.1823,36.3292],[139.18235,36.32912],[139.1823,36.32911],[139.18217,36.32911],[139.18203,36.32913],[139.18189,36.32918],[139.18171,36.3292],[139.18156,36.32921],[139.18139,36.32926],[139.18123,36.3294],[139.18108,36.32956],[139.18095,36.32968],[139.18086,36.32977],[139.18074,36.32996],[139.18064,36.33],[139.18047,36.33006],[139.1803,36.33016],[139.18013,36.33033],[139.17998,36.33047],[139.17982,36.33056],[139.17955,36.33065],[139.17932,36.3307],[139.17925,36.33079],[139.17913,36.33089],[139.17891,36.33106],[139.17865,36.33123],[139.17822,36.33122],[139.17797,36.33121],[139.17784,36.33117],[139.1778,36.33113],[139.17787,36.331],[139.17812,36.33075],[139.17803,36.3306],[139.17792,36.33034],[139.17782,36.33029],[139.17776,36.33002],[139.17773,36.32984],[139.17763,36.32947],[139.17749,36.32933],[139.17732,36.32922],[139.17727,36.32904],[139.17724,36.32888]],[[139.20157,36.33496],[139.20158,36.33469],[139.20162,36.33442],[139.20167,36.33399],[139.20181,36.33358],[139.20198,36.33327],[139.20215,36.33304],[139.20243,36.33275],[139.20286,36.33232],[139.20304,36.33215],[139.20331,36.33214],[139.20338,36.33192],[139.20344,36.33171],[139.20344,36.33138],[139.20346,36.33107],[139.20345,36.3305],[139.20339,36.33013],[139.20334,36.32986],[139.20303,36.32934],[139.20287,36.3291],[139.20257,36.32876],[139.20237,36.32851],[139.20218,36.32825],[139.20209,36.32809],[139.20204,36.3279],[139.202,36.32764],[139.20202,36.32746],[139.20206,36.32718],[139.20215,36.32697],[139.20242,36.3266],[139.20281,36.32599],[139.20296,36.3257],[139.20315,36.32516],[139.20321,36.32479],[139.20323,36.32459],[139.20325,36.32443],[139.20333,36.32408],[139.20341,36.3238],[139.20355,36.32354],[139.20374,36.32323],[139.20389,36.32297],[139.20406,36.32271],[139.20413,36.32256],[139.20426,36.32238],[139.20443,36.32215],[139.20462,36.32199],[139.20485,36.32186],[139.20507,36.32178],[139.2054,36.32167],[139.20571,36.32158],[139.20604,36.32149],[139.20651,36.32138],[139.20675,36.32133],[139.20707,36.32123],[139.20753,36.32114],[139.20782,36.32107],[139.20799,36.32104],[139.2082,36.32097],[139.20832,36.32093],[139.20854,36.32083],[139.20873,36.32077],[139.20948,36.32048],[139.20974,36.32037],[139.21012,36.32022],[139.21029,36.3202],[139.21054,36.32021],[139.21123,36.32031],[139.21126,36.32035],[139.21137,36.32056],[139.21163,36.32094],[139.21188,36.32136],[139.21203,36.32163],[139.21228,36.32206],[139.2124,36.32243],[139.2138,36.32224],[139.21382,36.32222],[139.21397,36.32209],[139.21415,36.32198],[139.2144,36.32188],[139.21468,36.32178],[139.21482,36.32172],[139.21494,36.3217],[139.21506,36.32171],[139.2152,36.32176],[139.21557,36.32193],[139.21568,36.322],[139.21566,36.32208],[139.21588,36.32403],[139.21485,36.3241],[139.21507,36.32538],[139.21513,36.32552],[139.21629,36.32548],[139.21683,36.32528],[139.2169,36.3253],[139.217,36.32538],[139.21705,36.32545],[139.2171,36.32554],[139.21755,36.32553],[139.21774,36.32552],[139.21787,36.3255],[139.21838,36.32551],[139.21867,36.32552],[139.21924,36.32554],[139.21953,36.32555],[139.21963,36.32554],[139.21969,36.32538],[139.21987,36.32524],[139.21996,36.32532],[139.22012,36.32539],[139.22027,36.32542],[139.22049,36.32542],[139.22077,36.32542],[139.22087,36.32536],[139.22121,36.32541],[139.22137,36.32541],[139.22168,36.32536],[139.2218,36.32535],[139.2223,36.32524],[139.22246,36.32525],[139.22255,36.32543],[139.22269,36.32576],[139.22272,36.32582],[139.22279,36.32593],[139.22291,36.32609],[139.22295,36.32614],[139.22293,36.32619],[139.2229,36.32633],[139.2229,36.32644],[139.22293,36.32657],[139.22295,36.32671],[139.22296,36.32697],[139.22296,36.32721],[139.22303,36.32756],[139.22303,36.32771],[139.22307,36.32815],[139.22309,36.3285],[139.22312,36.32882],[139.22313,36.32916],[139.2232,36.32948],[139.22323,36.32973],[139.22324,36.32985],[139.22351,36.3299],[139.22342,36.33031],[139.22335,36.33061],[139.22329,36.33093],[139.22322,36.33112],[139.22316,36.33127],[139.22312,36.33147],[139.22297,36.33186],[139.22285,36.33219],[139.22278,36.3323],[139.22266,36.33246],[139.22257,36.33263],[139.22242,36.33281],[139.22219,36.33319],[139.22209,36.33332],[139.22179,36.33353],[139.22131,36.33363],[139.22132,36.33405],[139.2214,36.33487],[139.22151,36.33559],[139.22153,36.33578],[139.22086,36.33582],[139.22016,36.33584],[139.21971,36.33584],[139.21936,36.33582],[139.21931,36.3362],[139.21926,36.33643],[139.21913,36.3368],[139.21906,36.33699],[139.21784,36.33707],[139.21649,36.33588],[139.21574,36.33518],[139.21529,36.33477],[139.21461,36.33415],[139.21415,36.33375],[139.21368,36.33337],[139.21305,36.33287],[139.21177,36.33197],[139.21115,36.33154],[139.21055,36.33114],[139.20984,36.33072],[139.20902,36.33022],[139.20804,36.32968],[139.20702,36.32912],[139.20691,36.32931],[139.20637,36.3304],[139.20606,36.33099],[139.20575,36.33165],[139.20547,36.33228],[139.20526,36.33295],[139.20381,36.33411],[139.20283,36.33494],[139.20157,36.33496]],[[139.21324,36.35499],[139.21321,36.35487],[139.2136,36.35469],[139.21412,36.35445],[139.2147,36.35409],[139.21567,36.35349],[139.21616,36.35312],[139.2168,36.35267],[139.21734,36.35222],[139.21826,36.3513],[139.21894,36.35061],[139.21946,36.35007],[139.2203,36.34917],[139.22123,36.34819],[139.22158,36.34833],[139.22185,36.3485],[139.22201,36.34874],[139.2223,36.34913],[139.22256,36.34955],[139.22276,36.34987],[139.22348,36.35059],[139.22373,36.35086],[139.22387,36.35117],[139.22478,36.35469],[139.22679,36.35433],[139.22713,36.35428],[139.22824,36.354],[139.22876,36.3539],[139.22905,36.35385],[139.22982,36.3538],[139.22972,36.3543],[139.23074,36.3542],[139.23086,36.35383],[139.23169,36.35412],[139.23343,36.35365],[139.23337,36.3537],[139.23308,36.35405],[139.23264,36.3545],[139.23266,36.35455],[139.23367,36.35504],[139.234,36.35466],[139.23438,36.3548],[139.23535,36.35467],[139.23457,36.35314],[139.23484,36.35301],[139.23324,36.35157],[139.23455,36.35117],[139.23465,36.3514],[139.23533,36.35126],[139.23576,36.35114],[139.23578,36.35094],[139.23617,36.35081],[139.23669,36.3507],[139.23715,36.35061],[139.2373,36.35057],[139.23818,36.35042],[139.23835,36.35037],[139.23898,36.35029],[139.239,36.35012],[139.23902,36.35012],[139.23989,36.34983],[139.24032,36.34966],[139.24075,36.3495],[139.24108,36.34937],[139.24162,36.34915],[139.2433,36.3485],[139.24318,36.34777],[139.24256,36.34781],[139.24263,36.34765],[139.24265,36.34753],[139.24246,36.34713],[139.2415,36.34711],[139.24149,36.34562],[139.24064,36.34561],[139.24064,36.34449],[139.24032,36.34423],[139.23976,36.3442],[139.23978,36.34074],[139.23843,36.34077],[139.23455,36.34078],[139.23265,36.34079],[139.23047,36.34083],[139.22983,36.34079],[139.22959,36.34072],[139.22928,36.34058],[139.2289,36.34035],[139.22889,36.33969],[139.22886,36.33669],[139.22879,36.33649],[139.22877,36.33635],[139.22879,36.33612],[139.22876,36.33609],[139.2286,36.33589],[139.22851,36.33574],[139.22848,36.33556],[139.22847,36.33533],[139.22844,36.33499],[139.22768,36.33517],[139.22765,36.33514],[139.22764,36.33414],[139.226,36.33328],[139.22604,36.33246],[139.2261,36.33224],[139.2266,36.3311],[139.22662,36.3311],[139.22671,36.33112],[139.22717,36.33124],[139.22773,36.33144],[139.22864,36.33167],[139.22948,36.32967],[139.22828,36.32933],[139.229,36.32756],[139.23011,36.32787],[139.23045,36.32715],[139.22975,36.32696],[139.2299,36.32662],[139.22935,36.32647],[139.22934,36.32644],[139.22942,36.32562],[139.22946,36.3251],[139.22948,36.32498],[139.22966,36.32432],[139.22979,36.32393],[139.22986,36.3238],[139.22992,36.32309],[139.23,36.32221],[139.23009,36.32165],[139.23022,36.321],[139.23135,36.32095],[139.23141,36.32091],[139.23165,36.31994],[139.2319,36.31997],[139.23203,36.31974],[139.23183,36.31869],[139.23187,36.31868],[139.23353,36.31847],[139.2336,36.31844],[139.234,36.31787],[139.23401,36.31778],[139.23422,36.31735],[139.23436,36.31735],[139.23443,36.31725],[139.23486,36.31708],[139.23508,36.31687],[139.23514,36.31685],[139.23532,36.31682],[139.23538,36.3169],[139.23574,36.31677],[139.23599,36.317],[139.23649,36.31659],[139.23683,36.31633],[139.2372,36.31618],[139.23781,36.31601],[139.23852,36.31589],[139.23875,36.31577],[139.23892,36.31556],[139.23912,36.31525],[139.2396,36.31529],[139.24057,36.31541],[139.24131,36.31555],[139.24214,36.31566],[139.24274,36.31574],[139.24353,36.31581],[139.2445,36.31593],[139.24516,36.31602],[139.24586,36.31611],[139.24593,36.31618],[139.24608,36.31628],[139.24626,36.31641],[139.24634,36.31648],[139.24668,36.31667],[139.24693,36.3168],[139.24709,36.31688],[139.24738,36.31699],[139.24755,36.31708],[139.24779,36.31721],[139.24866,36.31773],[139.24914,36.31803],[139.2495,36.31826],[139.24977,36.31842],[139.24997,36.31854],[139.25039,36.31884],[139.25073,36.31912],[139.25082,36.31919],[139.25086,36.31915],[139.25094,36.31907],[139.25102,36.31897],[139.25106,36.31884],[139.2511,36.3187],[139.25113,36.31858],[139.25114,36.31841],[139.25117,36.31826],[139.25121,36.31819],[139.25131,36.31808],[139.25139,36.31801],[139.25149,36.31791],[139.2516,36.3178],[139.25286,36.31781],[139.25262,36.31836],[139.25254,36.31856],[139.25243,36.31883],[139.25235,36.31901],[139.25229,36.31913],[139.2522,36.31929],[139.25212,36.31944],[139.25204,36.31957],[139.25199,36.31961],[139.25201,36.31963],[139.25208,36.31967],[139.25211,36.31971],[139.25211,36.31976],[139.25198,36.3199],[139.25189,36.32002],[139.25186,36.32017],[139.25181,36.32033],[139.25179,36.32045],[139.25178,36.32055],[139.2518,36.32082],[139.25176,36.32092],[139.25168,36.32106],[139.25157,36.32132],[139.2515,36.32149],[139.25145,36.32158],[139.25145,36.32166],[139.25142,36.32175],[139.25108,36.3221],[139.251,36.32214],[139.25086,36.32218],[139.25039,36.32237],[139.25018,36.32249],[139.24978,36.32267],[139.24927,36.32287],[139.24923,36.32288],[139.24916,36.32292],[139.24906,36.32301],[139.24875,36.3233],[139.24867,36.32337],[139.24861,36.32346],[139.24846,36.32379],[139.24826,36.32383],[139.24829,36.3241],[139.24795,36.32446],[139.24775,36.32467],[139.24763,36.32478],[139.24747,36.3249],[139.24737,36.32495],[139.24728,36.325],[139.24711,36.32505],[139.24697,36.32511],[139.24681,36.32515],[139.24672,36.32512],[139.24666,36.32507],[139.24656,36.32496],[139.24645,36.32482],[139.24643,36.32476],[139.24641,36.3247],[139.24623,36.32472],[139.2461,36.32473],[139.24607,36.32474],[139.24605,36.32474],[139.24603,36.32476],[139.24602,36.32478],[139.24598,36.3248],[139.24591,36.3248],[139.24574,36.32477],[139.24571,36.32473],[139.24565,36.32468],[139.24544,36.32464],[139.24527,36.32462],[139.24519,36.32457],[139.24518,36.32452],[139.2447,36.32451],[139.24463,36.3245],[139.2443,36.32443],[139.24404,36.3244],[139.2437,36.32437],[139.24361,36.32438],[139.24341,36.3248],[139.24313,36.32538],[139.24292,36.3258],[139.24284,36.32596],[139.24288,36.3261],[139.24314,36.32626],[139.24326,36.3263],[139.24341,36.32633],[139.24364,36.32638],[139.24401,36.32647],[139.24429,36.32654],[139.24475,36.32669],[139.24528,36.3256],[139.24743,36.32629],[139.24776,36.32559],[139.24822,36.32575],[139.2483,36.32585],[139.24834,36.32593],[139.24835,36.32613],[139.24838,36.32645],[139.24841,36.32686],[139.24845,36.32736],[139.24852,36.32799],[139.24852,36.32812],[139.2485,36.32821],[139.24847,36.32832],[139.24895,36.32834],[139.24946,36.32841],[139.24947,36.32834],[139.24958,36.32787],[139.2497,36.32766],[139.24974,36.32717],[139.24973,36.32704],[139.24965,36.3268],[139.24957,36.32653],[139.24957,36.32651],[139.24953,36.32587],[139.24951,36.32542],[139.25051,36.32536],[139.25052,36.32545],[139.25055,36.32586],[139.25059,36.32631],[139.25061,36.32665],[139.25063,36.32693],[139.25067,36.32733],[139.25072,36.32744],[139.25086,36.32761],[139.2509,36.32773],[139.2509,36.32788],[139.25091,36.32833],[139.25101,36.32854],[139.25099,36.32868],[139.25078,36.32934],[139.25067,36.32956],[139.25047,36.32998],[139.25036,36.33023],[139.25029,36.33035],[139.24998,36.33033],[139.24969,36.33025],[139.24938,36.33057],[139.24929,36.33068],[139.24921,36.33074],[139.2491,36.33083],[139.24905,36.3309],[139.24933,36.33097],[139.24924,36.33129],[139.24911,36.33142],[139.24893,36.33228],[139.24891,36.33249],[139.24886,36.33271],[139.24881,36.33279],[139.24856,36.33292],[139.24854,36.33298],[139.24849,36.33311],[139.24842,36.33321],[139.24826,36.33325],[139.24818,36.33341],[139.24809,36.33352],[139.24794,36.33359],[139.2478,36.33364],[139.24771,36.33373],[139.24757,36.33387],[139.24745,36.33399],[139.24732,36.33413],[139.24721,36.33426],[139.24701,36.33448],[139.24686,36.3347],[139.24678,36.33478],[139.24665,36.33486],[139.24648,36.33515],[139.24607,36.33522],[139.24587,36.33597],[139.24579,36.33599],[139.2459,36.33648],[139.24606,36.33689],[139.24612,36.33712],[139.2461,36.33722],[139.24569,36.33731],[139.24555,36.33732],[139.24552,36.33735],[139.24549,36.33748],[139.24546,36.33762],[139.24544,36.33775],[139.24541,36.33788],[139.24537,36.33801],[139.24533,36.33812],[139.24518,36.33818],[139.24512,36.33836],[139.24495,36.33848],[139.24485,36.33858],[139.24481,36.33914],[139.24474,36.33927],[139.24469,36.33956],[139.24495,36.33974],[139.24513,36.33983],[139.24552,36.33996],[139.24575,36.34003],[139.24601,36.34003],[139.24595,36.3404],[139.24589,36.34072],[139.2458,36.34093],[139.24666,36.34085],[139.24647,36.33997],[139.24733,36.33983],[139.24744,36.34038],[139.24785,36.34034],[139.24789,36.34102],[139.24802,36.34182],[139.24799,36.34188],[139.24804,36.34253],[139.24804,36.3428],[139.24831,36.34401],[139.24931,36.34387],[139.24932,36.34389],[139.24966,36.34543],[139.24974,36.3458],[139.24982,36.34612],[139.251,36.34615],[139.25111,36.34614],[139.25132,36.34612],[139.25162,36.34616],[139.25177,36.34624],[139.25181,36.3463],[139.25186,36.34638],[139.25214,36.34627],[139.25219,36.34625],[139.25228,36.3463],[139.25241,36.34647],[139.25261,36.34677],[139.25273,36.34702],[139.25279,36.34724],[139.25285,36.34743],[139.25293,36.34801],[139.25296,36.34822],[139.25295,36.34845],[139.25292,36.34854],[139.25289,36.34868],[139.25292,36.34888],[139.25289,36.34903],[139.25285,36.34922],[139.25281,36.34937],[139.25272,36.34943],[139.25243,36.34945],[139.25214,36.34947],[139.25192,36.34948],[139.25167,36.34949],[139.25153,36.3495],[139.25111,36.34952],[139.25101,36.34952],[139.25097,36.34955],[139.25098,36.34961],[139.251,36.34984],[139.25103,36.34995],[139.25106,36.35013],[139.2511,36.35038],[139.25135,36.35049],[139.25133,36.35052],[139.25126,36.35064],[139.25123,36.35074],[139.25118,36.35091],[139.25111,36.35099],[139.251,36.3511],[139.25093,36.35115],[139.25089,36.35127],[139.25088,36.35135],[139.25083,36.35145],[139.25078,36.35149],[139.25064,36.35157],[139.25054,36.35164],[139.25042,36.35173],[139.25039,36.35182],[139.25038,36.35195],[139.25038,36.35201],[139.25047,36.35218],[139.2505,36.35227],[139.25046,36.35234],[139.25041,36.35242],[139.25035,36.35253],[139.25032,36.35266],[139.25029,36.35278],[139.25022,36.35286],[139.2501,36.35301],[139.24999,36.35322],[139.24987,36.35333],[139.24977,36.35342],[139.24968,36.3535],[139.24957,36.35357],[139.2495,36.3537],[139.24936,36.35393],[139.24929,36.35408],[139.24927,36.35417],[139.24928,36.35436],[139.24935,36.35454],[139.24936,36.35463],[139.24935,36.35478],[139.24938,36.35487],[139.24946,36.35502],[139.24957,36.35516],[139.24961,36.35525],[139.24964,36.35541],[139.24963,36.35556],[139.2496,36.3557],[139.24958,36.35583],[139.24958,36.3563],[139.2489,36.35636],[139.24899,36.35669],[139.24909,36.35712],[139.24926,36.35775],[139.24935,36.35807],[139.24942,36.35829],[139.24953,36.35852],[139.24974,36.35885],[139.24989,36.35906],[139.24968,36.35906],[139.24885,36.35897],[139.2469,36.35877],[139.24688,36.35892],[139.24682,36.3593],[139.24674,36.35991],[139.24668,36.3604],[139.24659,36.36094],[139.24651,36.36157],[139.2464,36.36218],[139.24443,36.36059],[139.24444,36.36083],[139.24444,36.36109],[139.24436,36.3621],[139.24439,36.36236],[139.24443,36.36277],[139.24447,36.36334],[139.24454,36.36361],[139.24468,36.36361],[139.24468,36.36367],[139.2449,36.36506],[139.24488,36.36509],[139.2445,36.36516],[139.2442,36.36519],[139.24428,36.36527],[139.24437,36.36541],[139.24447,36.36559],[139.24451,36.3657],[139.24455,36.36582],[139.24459,36.36603],[139.24463,36.36628],[139.24476,36.36711],[139.24448,36.36715],[139.2443,36.36724],[139.24412,36.36733],[139.24396,36.36736],[139.2437,36.36741],[139.24349,36.36742],[139.24338,36.36739],[139.24332,36.36731],[139.24242,36.3674],[139.24139,36.36753],[139.24157,36.36844],[139.24163,36.3688],[139.24153,36.36884],[139.2413,36.36888],[139.24109,36.36895],[139.241,36.36898],[139.2409,36.36905],[139.24087,36.36918],[139.24085,36.36937],[139.24036,36.36944],[139.2401,36.36941],[139.23977,36.36934],[139.23971,36.36928],[139.2397,36.36865],[139.23974,36.36856],[139.23971,36.36806],[139.23956,36.36784],[139.23931,36.36711],[139.23928,36.36689],[139.23847,36.36707],[139.2383,36.36665],[139.23673,36.36702],[139.23664,36.36689],[139.23877,36.36554],[139.23901,36.3654],[139.23896,36.36519],[139.23891,36.36493],[139.2388,36.3647],[139.23871,36.36456],[139.23867,36.36439],[139.23872,36.36424],[139.23864,36.36412],[139.2386,36.36389],[139.23867,36.36365],[139.23865,36.36359],[139.23845,36.36348],[139.23831,36.36334],[139.2382,36.36313],[139.2382,36.36297],[139.23821,36.36269],[139.2386,36.36259],[139.23892,36.3625],[139.23877,36.36179],[139.23877,36.36172],[139.23879,36.36157],[139.23859,36.36069],[139.23851,36.3604],[139.23827,36.36032],[139.23784,36.35983],[139.23737,36.3599],[139.23708,36.3599],[139.23743,36.36061],[139.23521,36.36137],[139.23464,36.36024],[139.23529,36.36003],[139.23505,36.35959],[139.23581,36.35928],[139.23569,36.35906],[139.23568,36.35869],[139.23567,36.35837],[139.23561,36.35771],[139.2351,36.35791],[139.23506,36.35776],[139.23498,36.35737],[139.23484,36.35687],[139.23411,36.35675],[139.23377,36.35672],[139.23322,36.35656],[139.23271,36.35647],[139.23187,36.3563],[139.23103,36.35614],[139.23063,36.35617],[139.22917,36.35645],[139.22681,36.3569],[139.22528,36.35719],[139.22508,36.35642],[139.22482,36.35549],[139.22427,36.35558],[139.22361,36.35569],[139.22266,36.35585],[139.22197,36.35596],[139.22142,36.35607],[139.22105,36.35615],[139.22073,36.35625],[139.22028,36.35632],[139.22014,36.35581],[139.21995,36.35593],[139.21976,36.35599],[139.21959,36.35601],[139.21935,36.356],[139.21908,36.35591],[139.21884,36.35572],[139.21869,36.35557],[139.21844,36.35545],[139.21811,36.35536],[139.21751,36.35538],[139.21679,36.35547],[139.21378,36.35583],[139.21324,36.35499]],[[139.2162,36.26915],[139.21594,36.26886],[139.21645,36.26817],[139.21704,36.26734],[139.21734,36.26692],[139.21778,36.26638],[139.21836,36.26585],[139.21867,36.26564],[139.21786,36.26489],[139.21635,36.26344],[139.21679,36.26098],[139.21698,36.26006],[139.21863,36.2599],[139.22238,36.25955],[139.22287,36.25951],[139.2229,36.25971],[139.22362,36.25972],[139.22364,36.25943],[139.22369,36.25938],[139.22468,36.25925],[139.22534,36.26006],[139.22635,36.26079],[139.22712,36.26104],[139.22781,36.26127],[139.22824,36.26161],[139.2291,36.26202],[139.22921,36.26211],[139.23027,36.26181],[139.23051,36.26267],[139.23202,36.26258],[139.23236,36.26484],[139.23181,36.26496],[139.23081,36.26509],[139.23003,36.26513],[139.22956,36.26511],[139.22881,36.26487],[139.22794,36.26452],[139.22658,36.26416],[139.22579,36.26402],[139.22487,36.26398],[139.224,36.26397],[139.22357,36.26397],[139.22178,36.26425],[139.22096,36.26445],[139.22133,36.26505],[139.22151,36.26537],[139.22175,36.26588],[139.22196,36.26628],[139.22199,36.26632],[139.21999,36.26701],[139.21925,36.26709],[139.21953,36.26788],[139.21988,36.26874],[139.21813,36.26908],[139.2177,36.26843],[139.21745,36.26859],[139.21712,36.26864],[139.21687,36.26872],[139.2162,36.26915]],[[139.22919,36.34635],[139.22919,36.34498],[139.2296,36.34455],[139.22961,36.34449],[139.22959,36.34402],[139.23082,36.34399],[139.23099,36.34398],[139.23166,36.34374],[139.23216,36.34357],[139.23195,36.34294],[139.23181,36.34239],[139.23176,36.34215],[139.23216,36.34205],[139.23247,36.342],[139.23247,36.34216],[139.23253,36.34225],[139.23258,36.34226],[139.23435,36.34224],[139.2344,36.3426],[139.23475,36.34311],[139.23479,36.34311],[139.23569,36.34304],[139.23574,36.34302],[139.23583,36.34297],[139.236,36.34295],[139.23656,36.34298],[139.23655,36.34467],[139.23623,36.34469],[139.23641,36.34555],[139.2365,36.34555],[139.23681,36.34554],[139.23733,36.34558],[139.23773,36.34562],[139.23854,36.34566],[139.23864,36.34566],[139.23864,36.34637],[139.23822,36.34638],[139.23802,36.34641],[139.23786,36.34645],[139.23785,36.34654],[139.23783,36.34663],[139.23778,36.34675],[139.23772,36.34687],[139.23771,36.34693],[139.2378,36.34708],[139.23788,36.34714],[139.23792,36.34723],[139.2379,36.34734],[139.23785,36.34751],[139.2378,36.34754],[139.23766,36.34754],[139.23752,36.34755],[139.23741,36.34762],[139.23715,36.34761],[139.23668,36.34761],[139.23611,36.34754],[139.23553,36.34746],[139.23542,36.34746],[139.235,36.34851],[139.23486,36.34884],[139.23467,36.3492],[139.23504,36.34931],[139.23501,36.34935],[139.23498,36.34945],[139.23495,36.3497],[139.23491,36.34985],[139.23399,36.35031],[139.23443,36.35096],[139.23447,36.35101],[139.23308,36.35141],[139.23269,36.35106],[139.23299,36.35057],[139.23313,36.35038],[139.23327,36.35028],[139.23349,36.35013],[139.23366,36.35001],[139.23347,36.34988],[139.23349,36.34976],[139.23346,36.349],[139.23345,36.34875],[139.23263,36.34877],[139.23262,36.34833],[139.23261,36.34792],[139.23258,36.34674],[139.23256,36.34629],[139.23213,36.34641],[139.23187,36.34658],[139.2316,36.34672],[139.23137,36.34681],[139.22957,36.34699],[139.22959,36.34641],[139.22957,36.34637],[139.22919,36.34635]],[[139.26188,36.24457],[139.26172,36.24428],[139.26215,36.24413],[139.26246,36.24407],[139.26278,36.24398],[139.26308,36.24394],[139.26358,36.24388],[139.26364,36.24408],[139.2637,36.24455],[139.26367,36.24474],[139.26326,36.24481],[139.26316,36.24459],[139.26272,36.24473],[139.26289,36.2451],[139.26279,36.24514],[139.26223,36.24537],[139.262,36.2448],[139.26188,36.24457]]]}},{"type":"Feature","properties":{"layer":2},"geometry":{"type":"Polygon","coordinates":[[[139.2361,36.35381],[139.23846,36.35578],[139.23938,36.35413],[139.23967,36.353],[139.2361,36.35381]]]}},{"type":"Feature","properties":{"layer":2},"geometry":{"type":"Polygon","coordinates":[[[139.23762,36.33788],[139.23768,36.33849],[139.23764,36.33855],[139.2377,36.33923],[139.23776,36.33949],[139.23991,36.34067],[139.2399,36.33985],[139.23997,36.33956],[139.24011,36.33923],[139.2403,36.33886],[139.24047,36.33849],[139.24052,36.33825],[139.24092,36.33827],[139.24105,36.33798],[139.24113,36.33773],[139.24121,36.33737],[139.24169,36.33725],[139.2417,36.33715],[139.24151,36.33668],[139.24148,36.33648],[139.24148,36.33601],[139.24146,36.33587],[139.24112,36.33543],[139.24111,36.33538],[139.24089,36.33534],[139.24083,36.33515],[139.24089,36.33466],[139.24096,36.33443],[139.24102,36.33432],[139.24112,36.33405],[139.24118,36.33386],[139.24123,36.33369],[139.24133,36.33344],[139.24139,36.3333],[139.24146,36.33318],[139.24159,36.33303],[139.24176,36.33288],[139.24206,36.33258],[139.24241,36.33223],[139.24266,36.33198],[139.24308,36.33157],[139.24315,36.33148],[139.2432,36.33136],[139.24367,36.33057],[139.24312,36.33038],[139.24367,36.32943],[139.24257,36.32902],[139.24246,36.32905],[139.24201,36.32988],[139.24149,36.33081],[139.24097,36.33174],[139.24083,36.3319],[139.2404,36.33269],[139.23989,36.33252],[139.23973,36.33281],[139.23962,36.33303],[139.2394,36.33344],[139.2391,36.33398],[139.239,36.33427],[139.2389,36.33458],[139.23879,36.33473],[139.23872,36.33516],[139.23862,36.33566],[139.23974,36.33551],[139.23969,36.336],[139.23982,36.33723],[139.23893,36.33721],[139.23804,36.33723],[139.23808,36.33787],[139.23762,36.33788]]]}},{"type":"Feature","properties":{"layer":2},"geometry":{"type":"Polygon","coordinates":[[[139.24139,36.35265],[139.24138,36.35342],[139.24143,36.35389],[139.24154,36.35415],[139.24173,36.35408],[139.24249,36.35401],[139.24249,36.35397],[139.24249,36.35231],[139.24231,36.35215],[139.24225,36.35184],[139.24224,36.3516],[139.2425,36.35141],[139.24251,36.35094],[139.24284,36.35094],[139.24324,36.35066],[139.24327,36.34941],[139.24141,36.34939],[139.24141,36.35134],[139.24139,36.35265]]]}}]}